cuenca,cod_demarcacion,demarcacion
Miño - Sil,ES010,Miño-Sil
Galicia Costa,ES014,Galicia-Costa
Cantábrico Oriental,ES017,Cantábrico Oriental
Cuencas Internas del País Vasco,ES017,Cantábrico Oriental
Cantábrico Occidental,ES018,Cantábrico Occidental
Duero,ES020,Duero
Tajo,ES030,Tajo
Guadiana,ES040,Guadiana
Guadalquivir,ES050,Guadalquivir
Cuenca Mediterránea Andaluza,ES060,Cuencas Mediterráneas Andaluzas
Guadalete-Barbate,ES063,Guadalete y Barbate
"Tinto, Odiel y Piedras",ES064,"Tinto, Odiel y Piedras"
Segura,ES070,Segura
Júcar,ES080,Júcar
Ebro,ES091,Ebro
Cuencas Internas de Cataluña,ES100,Distrito de Cuenca Fluvial de Cataluña
