familia,siglas_familia,color,bloque,orden
PSOE,PSOE,#e30613,Izquierda,1
"IU, Podemos y Sumar",IU-Podemos-Sumar,#7b2d8e,Izquierda,2
PP,PP,#1d84ce,Derecha,3
Vox,Vox,#5ac035,Derecha,4
Ciudadanos,Cs,#eb6109,Centro,5
UCD,UCD,#2f9c95,Centro,6
CDS,CDS,#9e9d24,Centro,7
UPyD,UPyD,#e5007d,Centro,8
UPN,UPN,#3949ab,Derecha,9
ERC,ERC,#ffb232,Nacionalistas y regionalistas,10
Junts / CiU,Junts,#20c0b2,Nacionalistas y regionalistas,11
PNV,PNV,#006b2d,Nacionalistas y regionalistas,12
EH Bildu (e izquierda abertzale),EH Bildu,#a8c81c,Nacionalistas y regionalistas,13
Eusko Alkartasuna,EA,#c2185b,Nacionalistas y regionalistas,14
BNG,BNG,#76b3dd,Nacionalistas y regionalistas,15
Coalición Canaria,CC,#ffd700,Nacionalistas y regionalistas,16
CUP,CUP,#f2e205,Nacionalistas y regionalistas,17
Compromís,Compromís,#f29100,Nacionalistas y regionalistas,18
Geroa Bai,GBai,#e5503c,Nacionalistas y regionalistas,19
PAR,PAR,#d4a017,Nacionalistas y regionalistas,20
CHA,CHA,#1f7a4d,Nacionalistas y regionalistas,21
PRC,PRC,#9acd32,Nacionalistas y regionalistas,22
Foro Asturias,Foro,#1565c0,Nacionalistas y regionalistas,23
UPL,UPL,#8e2c48,Nacionalistas y regionalistas,24
Partido Andalucista,PA,#3cb371,Nacionalistas y regionalistas,25
Unió Valenciana,UV,#0077b6,Nacionalistas y regionalistas,26
Teruel Existe y España Vaciada,TE-EV,#2e7d32,Nacionalistas y regionalistas,27
Otros partidos,Otros,#6d4c41,Otros,90
Independientes y locales,Ind.,#9ca3af,Otros,91
Sin detalle en la fuente,S/D,#d1d5db,Otros,92
Comisión gestora,Gestora,#4b5563,Otros,93
