provincia_bepsap,cod_prov
A CORUNA,15
ALACANT/ALICANTE,03
ALBACETE,02
ALMERIA,04
ARABA/ALAVA,01
ASTURIAS,33
AVILA,05
BADAJOZ,06
BARCELONA,08
BIZKAIA,48
BURGOS,09
C. MADRID,28
CACERES,10
CADIZ,11
CANTABRIA,39
CASTELLO/CASTELLON,12
CEUTA,51
CIUDAD REAL,13
CORDOBA,14
CUENCA,16
GIPUZKOA,20
GIRONA,17
GRANADA,18
GUADALAJARA,19
HUELVA,21
HUESCA,22
ILLES BALEARS,07
JAEN,23
LA RIOJA,26
LAS PALMAS,35
LEON,24
LLEIDA,25
LUGO,27
MADRID,28
MALAGA,29
MELILLA,52
MURCIA,30
NAVARRA,31
OURENSE,32
PALENCIA,34
PONTEVEDRA,36
SALAMANCA,37
SANTA CRUZ DE TENERIFE,38
SEGOVIA,40
SEVILLA,41
SORIA,42
TARRAGONA,43
TERUEL,44
TOLEDO,45
VALENCIA/VALENCIA,46
VALLADOLID,47
ZAMORA,49
ZARAGOZA,50
