fuente_id,organismo,nombre_dataset,cod_oficial,frecuencia,formato_ingesta,tipo_licencia,url_oficial,metodologia
ine_ipc_50902,INE,Índice de Precios de Consumo (IPC),50902,Mensual,API Tempus3 JSON,Reutilización Sector Público (Ley 37/2007),https://www.ine.es/jaxiT3/Tabla.htm?t=50902,Cesta de la compra ponderada según la Encuesta de Presupuestos Familiares. Base 2021.
ine_epa_65219,INE,Encuesta de Población Activa (EPA),65219,Trimestral,API Tempus3 JSON,Reutilización Sector Público (Ley 37/2007),https://www.ine.es/jaxiT3/Tabla.htm?t=65219,Muestreo continuo sobre 65.000 familias trimestrales según criterios OIT/Eurostat.
ine_padron_56938,INE,Cifras oficiales de población (Padrón Continuo),56938,Anual,API Tempus3 JSON / Ficheros microdatos,Reutilización Sector Público (Ley 37/2007),https://www.ine.es/jaxiT3/Tabla.htm?t=56938,Padrón municipal continuo consolidado por el INE a 1 de enero de cada año.
eurostat_deuda_gov10q,Eurostat,Deuda pública trimestral según el PDE,gov_10q_ggdebt,Trimestral,API JSON-stat 2.0,Creative Commons CC-BY 4.0,https://ec.europa.eu/eurostat/databrowser/view/gov_10q_ggdebt,Deuda bruta consolidada de las AAPP bajo el Protocolo de Déficit Excesivo (Tratado de Maastricht).
eurostat_balance_gov10a,Eurostat / IGAE,Agregados anuales de las Administraciones Públicas,gov_10a_main,Anual,API JSON-stat 2.0,Creative Commons CC-BY 4.0,https://ec.europa.eu/eurostat/databrowser/view/gov_10a_main,Contabilidad Nacional no financiera según el Sistema Europeo de Cuentas (SEC 2010).
eurostat_gastos_gov10a,Eurostat / IGAE,Gasto público por clasificación funcional (COFOG),gov_10a_exp,Anual,API JSON-stat 2.0,Creative Commons CC-BY 4.0,https://ec.europa.eu/eurostat/databrowser/view/gov_10a_exp,Clasificación funcional de las funciones de gobierno estandarizada por Naciones Unidas y Eurostat.
eurostat_ingresos_gov10a,Eurostat / AEAT,Ingresos públicos por categoría tributaria,gov_10a_taxag,Anual,API JSON-stat 2.0,Creative Commons CC-BY 4.0,https://ec.europa.eu/eurostat/databrowser/view/gov_10a_taxag,"Impuestos y cotizaciones sociales por tipo (SEC 2010). Sustituye a gov_10a_rev, retirado por Eurostat."
ree_esios_mix,Red Eléctrica (REE),Estadísticas del Sistema Eléctrico Español y Mix de Generación,REE-MIX,Mensual / Anual,API ESIOS REST / Informes Estadísticos,Reutilización Sector Público / Datos Abiertos,https://www.ree.es/es/datos/generacion,Balance eléctrico peninsular y no peninsular medido en barras de central por el operador del sistema.
miteco_inventario_gei,MITECO,Inventario Nacional de Emisiones de Gases de Efecto Invernadero (GEI),MITECO-GEI,Anual,Convenio Marco ONU / Informes MITECO,Reutilización Sector Público (Ley 37/2007),https://www.miteco.gob.es/es/calidad-y-evaluacion-ambiental/temas/sistema-espanol-de-inventario-sei-/inventario-gei.html,Estimaciones oficiales según directrices del IPCC de Naciones Unidas para reporte a la CMNUCC.
observatorios_publicos,ObservatoriosPublicos.es,Censo de Observatorios Públicos en España,observatories.json,Diaria (pipeline),JSON,Datos Abiertos,https://observatoriospublicos.es/,"Inventario exhaustivo de observatorios, consejos y comisiones consultivas de la administración pública."
ine_poblacion_56945,INE,"Población residente por provincia, sexo y edad (Estadística Continua de Población)",56945,Trimestral (se usa el dato a 1 de enero),CSV masivo jaxiT3,Reutilización Sector Público (Ley 37/2007),https://www.ine.es/jaxiT3/Tabla.htm?t=56945,Población residente a 1 de enero por edad simple desde 1971. El subtotal «85 y más» se descarta para no duplicar edades.
eurostat_pib_nama10,Eurostat / INE,PIB a precios corrientes,nama_10_gdp,Anual,API JSON-stat 2.0,Creative Commons CC-BY 4.0,https://ec.europa.eu/eurostat/databrowser/view/nama_10_gdp,B1GQ en millones de euros corrientes; denominador de los porcentajes sobre PIB.
eurostat_poblacion_nama10,Eurostat / INE,Población media (cuentas nacionales),nama_10_pe,Anual,API JSON-stat 2.0,Creative Commons CC-BY 4.0,https://ec.europa.eu/eurostat/databrowser/view/nama_10_pe,Población media anual en miles; denominador del gasto por habitante.
miteco_bd_embalses,MITECO,Boletín Hidrológico: reserva hídrica por embalse,BD-Embalses,Semanal (martes),Base de datos Access (.mdb) en zip,Reutilización Sector Público (Ley 37/2007),https://www.miteco.gob.es/es/agua/temas/evaluacion-de-los-recursos-hidricos/boletin-hidrologico.html,Volumen embalsado y capacidad por embalse desde 1988; comparación con la misma semana ISO del año anterior y la media de 10 años.
eea_wise_rbd,Agencia Europea de Medio Ambiente,"Demarcaciones hidrográficas (WISE WFD, PHC 2022-2027)",WFD2022_RiverBasinDistrict,Sexenal,"GeoJSON (ArcGIS REST), estático",Creative Commons CC-BY 4.0,https://water.discomap.eea.europa.eu/arcgis/rest/services/WISE_WFD/WFD2022_RiverBasinDistrict_WM/MapServer,"Límites oficiales reportados por el MITECO, simplificados para el mapa."
ree_redata,Red Eléctrica (REE),Estructura de la generación y demanda eléctrica,REData,Anual,API REST JSON,Condiciones de uso de REData,https://www.ree.es/es/datos/apidatos,Generación por tecnología y demanda nacional; el año en curso se marca como provisional y no entra en las series anuales.
eurostat_potencia_nrg_inf_epc,Eurostat,Potencia eléctrica instalada por tecnología,nrg_inf_epc,Anual,API JSON-stat 2.0,Creative Commons CC-BY 4.0,https://ec.europa.eu/eurostat/databrowser/view/nrg_inf_epc,Respaldo mientras la API de potencia instalada de REE devuelve errores; la FV incluye autoconsumo.
eurostat_gei_env_air_gge,Eurostat / MITECO,Emisiones de gases de efecto invernadero por sector (CRF),env_air_gge,Anual,API JSON-stat 2.0,Creative Commons CC-BY 4.0,https://ec.europa.eu/eurostat/databrowser/view/env_air_gge,"Inventario nacional reportado a la CMNUCC, sin LULUCF; agrupación de categorías CRF documentada en stg_energia_emisiones_gei."
effis_areas_quemadas,Copernicus EFFIS (Comisión Europea),Áreas quemadas cartografiadas por satélite,EFFIS burnt areas,Diaria,API REST JSON,Creative Commons CC-BY 4.0,https://forest-fire.emergency.copernicus.eu/,"Incendios de ~30 ha o más desde 2000, con % de superficie en Red Natura 2000; la temporada en curso es provisional."
nasa_firms_viirs,NASA FIRMS,Focos de calor activos (VIIRS/MODIS),FIRMS Europe 7d,Diaria,CSV,Datos abiertos NASA (uso libre con cita),https://firms.modaps.eosdis.nasa.gov/,Detecciones térmicas de satélite de los últimos 7 días; incluye focos industriales y quemas agrícolas.
aemet_climatologicos_diarios,AEMET,Valores climatológicos diarios (estaciones de referencia),OpenData diarios,Diaria,API REST JSON (clave),Reutilización Sector Público (Ley 37/2007),https://opendata.aemet.es/,Una estación de referencia por provincia desde 1991; normal diaria 1991-2020 (±7 días) y percentiles 10/90.
