nivel,cod,desde,hasta,presidente,familia,nota
estatal,00,1977-07-05,1982-12-02,Adolfo Suárez / Leopoldo Calvo-Sotelo,UCD,
estatal,00,1982-12-02,1996-05-05,Felipe González,PSOE,
estatal,00,1996-05-05,2004-04-17,José María Aznar,PP,
estatal,00,2004-04-17,2011-12-21,José Luis Rodríguez Zapatero,PSOE,
estatal,00,2011-12-21,2018-06-02,Mariano Rajoy,PP,
estatal,00,2018-06-02,,Pedro Sánchez,PSOE,Coalición con Unidas Podemos / Sumar desde enero de 2020
autonomico,01,1982-07-21,2019-01-16,"Escuredo, Rodríguez de la Borbolla, Chaves, Griñán, Díaz",PSOE,
autonomico,01,2019-01-16,,Juan Manuel Moreno,PP,
autonomico,02,1987-08-03,1993-09-15,"Gómez de las Roces, Eiroa",PAR,
autonomico,02,1993-09-15,1995-07-07,"Marco, Tejedor",PSOE,
autonomico,02,1995-07-07,1999-08-02,Santiago Lanzuela,PP,
autonomico,02,1999-08-02,2011-07-13,Marcelino Iglesias,PSOE,
autonomico,02,2011-07-13,2015-07-05,Luisa Fernanda Rudi,PP,
autonomico,02,2015-07-05,2023-08-10,Javier Lambán,PSOE,
autonomico,02,2023-08-10,,Jorge Azcón,PP,
autonomico,03,1983-06-17,1995-07-10,"De Silva, Rodríguez-Vigil, Trevín",PSOE,
autonomico,03,1995-07-10,1999-07-20,Sergio Marqués,PP,
autonomico,03,1999-07-20,2011-07-15,Vicente Álvarez Areces,PSOE,
autonomico,03,2011-07-15,2012-05-26,Francisco Álvarez-Cascos,Foro Asturias,
autonomico,03,2012-05-26,,"Javier Fernández, Adrián Barbón",PSOE,
autonomico,04,1983-06-10,1999-07-27,"Cañellas, Soler, Matas",PP,
autonomico,04,1999-07-27,2003-06-26,Francesc Antich,PSOE,
autonomico,04,2003-06-26,2007-07-06,Jaume Matas,PP,
autonomico,04,2007-07-06,2011-06-18,Francesc Antich,PSOE,
autonomico,04,2011-06-18,2015-07-02,José Ramón Bauzá,PP,
autonomico,04,2015-07-02,2023-07-06,Francina Armengol,PSOE,
autonomico,04,2023-07-06,,Marga Prohens,PP,
autonomico,05,1987-07-30,1991-07-25,"Fernández, Olarte",CDS,
autonomico,05,1991-07-25,1993-04-06,Jerónimo Saavedra,PSOE,
autonomico,05,1993-04-06,2019-07-16,"Hermoso, Rodríguez, Martín, Rivero, Clavijo",Coalición Canaria,Hermoso (AIC) antes de fundarse CC en 1993
autonomico,05,2019-07-16,2023-07-14,Ángel Víctor Torres,PSOE,
autonomico,05,2023-07-14,,Fernando Clavijo,Coalición Canaria,
autonomico,06,1987-06-24,1990-12-05,Juan Hormaechea,Otros partidos,UPCA (elegido en la lista de AP)
autonomico,06,1990-12-05,1991-07-02,Jaime Blanco,PSOE,
autonomico,06,1991-07-02,1995-07-13,Juan Hormaechea,Otros partidos,UPCA
autonomico,06,1995-07-13,2003-06-27,José Joaquín Martínez Sieso,PP,
autonomico,06,2003-06-27,2011-06-23,Miguel Ángel Revilla,PRC,
autonomico,06,2011-06-23,2015-07-07,Ignacio Diego,PP,
autonomico,06,2015-07-07,2023-07-05,Miguel Ángel Revilla,PRC,
autonomico,06,2023-07-05,,María José Sáenz de Buruaga,PP,
autonomico,07,1987-07-17,,"Aznar, Posada, Lucas, Herrera, Fernández Mañueco",PP,
autonomico,08,1983-06-06,2011-06-22,"Bono, Barreda",PSOE,
autonomico,08,2011-06-22,2015-07-04,María Dolores de Cospedal,PP,
autonomico,08,2015-07-04,,Emiliano García-Page,PSOE,
autonomico,09,1980-05-08,2003-12-20,Jordi Pujol,Junts / CiU,
autonomico,09,2003-12-20,2010-12-27,"Maragall, Montilla",PSOE,PSC
autonomico,09,2010-12-27,2017-10-28,"Mas, Puigdemont",Junts / CiU,CDC / PDeCAT
autonomico,09,2017-10-28,2018-05-17,Gobierno de España (artículo 155),PP,Intervención de la autonomía
autonomico,09,2018-05-17,2020-09-29,Quim Torra,Junts / CiU,
autonomico,09,2020-09-29,2024-08-08,Pere Aragonès,ERC,En funciones hasta mayo de 2021
autonomico,09,2024-08-08,,Salvador Illa,PSOE,PSC
autonomico,10,1982-11-24,1995-07-03,Joan Lerma,PSOE,
autonomico,10,1995-07-03,2015-06-25,"Zaplana, Olivas, Camps, Fabra",PP,
autonomico,10,2015-06-25,2023-07-13,Ximo Puig,PSOE,
autonomico,10,2023-07-13,,"Carlos Mazón, Juanfran Pérez Llorca",PP,
autonomico,11,1983-06-08,2011-07-07,"Rodríguez Ibarra, Fernández Vara",PSOE,
autonomico,11,2011-07-07,2015-07-04,José Antonio Monago,PP,
autonomico,11,2015-07-04,2023-07-17,Guillermo Fernández Vara,PSOE,
autonomico,11,2023-07-17,,María Guardiola,PP,
autonomico,12,1987-09-28,1990-02-02,Fernando González Laxe,PSOE,
autonomico,12,1990-02-02,2005-08-02,Manuel Fraga,PP,
autonomico,12,2005-08-02,2009-04-18,Emilio Pérez Touriño,PSOE,
autonomico,12,2009-04-18,,"Núñez Feijóo, Rueda",PP,
autonomico,13,1983-06-15,1995-06-30,Joaquín Leguina,PSOE,
autonomico,13,1995-06-30,,"Ruiz-Gallardón, Aguirre, González, Cifuentes, Garrido, Rollán, Díaz Ayuso",PP,
autonomico,14,1984-05-28,1995-06-26,"Collado, Martínez",PSOE,
autonomico,14,1995-06-26,,"Valcárcel, Garre, Sánchez, López Miras",PP,
autonomico,15,1984-05-15,1991-10-19,Gabriel Urralburu,PSOE,PSN
autonomico,15,1991-10-19,1995-07-03,Juan Cruz Alli,UPN,
autonomico,15,1995-07-03,1996-09-18,Javier Otano,PSOE,PSN
autonomico,15,1996-09-18,2015-07-20,"Sanz, Barcina",UPN,
autonomico,15,2015-07-20,2019-08-06,Uxue Barkos,Geroa Bai,
autonomico,15,2019-08-06,,María Chivite,PSOE,PSN
autonomico,16,1980-04-09,2009-05-07,"Garaikoetxea, Ardanza, Ibarretxe",PNV,
autonomico,16,2009-05-07,2012-12-13,Patxi López,PSOE,PSE
autonomico,16,2012-12-13,,"Urkullu, Pradales",PNV,
autonomico,17,1987-07-24,1990-10-08,Joaquín Espert,PP,
autonomico,17,1990-10-08,1995-07-03,José Ignacio Pérez Sáenz,PSOE,
autonomico,17,1995-07-03,2019-08-29,"Sanz, Ceniceros",PP,
autonomico,17,2019-08-29,2023-06-28,Concha Andreu,PSOE,
autonomico,17,2023-06-28,,Gonzalo Capellán,PP,
autonomico,18,1995-06-06,1999-07-29,"Fernández López, Fortes",PP,
autonomico,18,1999-07-29,2001-02-08,Antonio Sampietro,Otros partidos,GIL
autonomico,18,2001-02-08,,Juan Jesús Vivas,PP,
autonomico,19,1995-06-06,1999-07-05,"Velázquez, Palacios",PP,
autonomico,19,1999-07-05,2000-07-19,Mustafa Aberchán,Otros partidos,Coalición por Melilla
autonomico,19,2000-07-19,2019-06-15,Juan José Imbroda,PP,
autonomico,19,2019-06-15,2023-07-07,Eduardo de Castro,Ciudadanos,
autonomico,19,2023-07-07,,Juan José Imbroda,PP,
