nombre_ine,cod_prov
Albacete,02
Alicante/Alacant,03
Almería,04
Asturias,33
Badajoz,06
Balears (Illes),07
Barcelona,08
Burgos,09
Cantabria,39
Castellón/Castelló,12
Ceuta,51
Ciudad Real,13
Coruña (A),15
Cuenca,16
Cáceres,10
Cádiz,11
Córdoba,14
Girona,17
Granada,18
Guadalajara,19
Huelva,21
Huesca,22
Jaén,23
León,24
Lleida,25
Lugo,27
Madrid,28
Melilla,52
Murcia,30
Málaga,29
Navarra,31
Ourense,32
Palencia,34
Palmas (Las),35
Pontevedra,36
Rioja (La),26
Salamanca,37
Santa Cruz de Tenerife,38
Segovia,40
Sevilla,41
Soria,42
Tarragona,43
Teruel,44
Toledo,45
Valencia/València,46
Valladolid,47
Zamora,49
Zaragoza,50
Álava,01
Ávila,05
Guipúzcoa,20
Vizcaya,48
