medio_id,medio,grupo,tipo,titularidad,origen,nota
el_pais,El País,Grupo Prisa,prensa,privada,curado,
cadena_ser,Cadena SER,Grupo Prisa,radio,privada,curado,La Sociedad Española de Radiodifusión y sus emisoras locales se asignan a la SER; pueden incluir Los40 o Cadena Dial cuando la fuente no los separa.
los40,Los40,Grupo Prisa,radio,privada,curado,
cadena_dial,Cadena Dial,Grupo Prisa,radio,privada,curado,
as,AS,Grupo Prisa,prensa,privada,curado,
cinco_dias,Cinco Días,Grupo Prisa,prensa,privada,curado,
g_prisa,Grupo Prisa (sin separar por cabecera),Grupo Prisa,grupo,privada,curado,
antena3,Antena 3,Atresmedia-Planeta,tv,privada,curado,
lasexta,laSexta,Atresmedia-Planeta,tv,privada,curado,
atresmedia_tv,"Antena 3, laSexta y otros canales (Atresmedia Corporación)",Atresmedia-Planeta,tv,privada,curado,Atresmedia Corporación factura la publicidad de todas sus cadenas de televisión.
onda_cero,Onda Cero,Atresmedia-Planeta,radio,privada,curado,
europa_fm,Europa FM,Atresmedia-Planeta,radio,privada,curado,
uniprex,Onda Cero y Europa FM (Uniprex),Atresmedia-Planeta,radio,privada,curado,"Uniprex es la sociedad de Onda Cero, Europa FM y Melodía FM."
la_razon,La Razón,Atresmedia-Planeta,prensa,privada,curado,Audiovisual Española 2000 (Grupo Planeta).
g_atresmedia,Atresmedia y Planeta (sin separar por cabecera),Atresmedia-Planeta,grupo,privada,curado,
telecinco,Telecinco,Mediaset España,tv,privada,curado,
cuatro,Cuatro,Mediaset España,tv,privada,curado,
mediaset,"Mediaset España (Telecinco, Cuatro y demás canales)",Mediaset España,tv,privada,curado,Mediaset España y Publiespaña facturan la publicidad de todas las cadenas del grupo.
cope,COPE,COPE-Ábside Media,radio,privada,curado,
cadena100,Cadena 100,COPE-Ábside Media,radio,privada,curado,
rock_fm,Rock FM,COPE-Ábside Media,radio,privada,curado,
trece,TRECE,COPE-Ábside Media,tv,privada,curado,
radio_popular,"COPE, Cadena 100 y Rock FM (Radio Popular, S.A.)",COPE-Ábside Media,radio,privada,curado,"Radio Popular, S.A. es la sociedad de COPE, Cadena 100 y Rock FM."
g_cope,COPE-Ábside Media (sin separar por cabecera),COPE-Ábside Media,grupo,privada,curado,
abc,ABC,Grupo Vocento,prensa,privada,curado,
el_correo,El Correo,Grupo Vocento,prensa,privada,curado,
correo_burgos,El Correo de Burgos,Grupo Vocento,prensa,privada,curado,
correo_gallego,El Correo Gallego,El Correo Gallego,prensa,privada,curado,
correo_andalucia,El Correo de Andalucía,El Correo de Andalucía,prensa,privada,curado,
diario_vasco,El Diario Vasco,Grupo Vocento,prensa,privada,curado,
norte_castilla,El Norte de Castilla,Grupo Vocento,prensa,privada,curado,
diario_montanes,El Diario Montañés,Grupo Vocento,prensa,privada,curado,
las_provincias,Las Provincias,Grupo Vocento,prensa,privada,curado,
la_verdad,La Verdad,Grupo Vocento,prensa,privada,curado,
ideal,Ideal,Grupo Vocento,prensa,privada,curado,
hoy,Hoy (Extremadura),Grupo Vocento,prensa,privada,curado,
sur,Sur,Grupo Vocento,prensa,privada,curado,
la_rioja,La Rioja,Grupo Vocento,prensa,privada,curado,
el_comercio,El Comercio,Grupo Vocento,prensa,privada,curado,
leonoticias,leonoticias,Grupo Vocento,digital,privada,curado,
burgosconecta,BurgosConecta,Grupo Vocento,digital,privada,curado,
g_vocento,Vocento (sin separar por cabecera),Grupo Vocento,grupo,privada,curado,
el_mundo,El Mundo,Unidad Editorial,prensa,privada,curado,
marca,Marca,Unidad Editorial,prensa,privada,curado,
expansion,Expansión,Unidad Editorial,prensa,privada,curado,
g_unidad_editorial,"Unidad Editorial (El Mundo, Marca, Expansión; sin separar)",Unidad Editorial,grupo,privada,curado,"Unidad Editorial, S.A. edita El Mundo, Marca y Expansión: lo que factura la sociedad matriz no se puede separar por cabecera."
la_vanguardia,La Vanguardia,Grupo Godó,prensa,privada,curado,
mundo_deportivo,Mundo Deportivo,Grupo Godó,prensa,privada,curado,
rac1,RAC1 y RAC 105,Grupo Godó,radio,privada,curado,
8tv,8tv,Grupo Godó,tv,privada,curado,
g_godo,Grupo Godó (sin separar por cabecera),Grupo Godó,grupo,privada,curado,
el_periodico,El Periódico (de Catalunya),Prensa Ibérica,prensa,privada,curado,
periodico_aragon,El Periódico de Aragón,Prensa Ibérica,prensa,privada,curado,
periodico_extremadura,El Periódico Extremadura,Prensa Ibérica,prensa,privada,curado,
periodico_aqui,El Periódico de Aquí,El Periódico de Aquí,prensa,privada,curado,
faro_vigo,Faro de Vigo,Prensa Ibérica,prensa,privada,curado,
levante_emv,Levante-EMV,Prensa Ibérica,prensa,privada,curado,
informacion,Información (Alicante),Prensa Ibérica,prensa,privada,curado,
nueva_espana,La Nueva España,Prensa Ibérica,prensa,privada,curado,
la_provincia,La Provincia (Las Palmas),Prensa Ibérica,prensa,privada,curado,
opinion_coruna,La Opinión A Coruña,Prensa Ibérica,prensa,privada,curado,
opinion_malaga,La Opinión de Málaga,Prensa Ibérica,prensa,privada,curado,
opinion_murcia,La Opinión de Murcia,Prensa Ibérica,prensa,privada,curado,
opinion_zamora,La Opinión de Zamora,Prensa Ibérica,prensa,privada,curado,
opinion_tenerife,La Opinión de Tenerife,Prensa Ibérica,prensa,privada,curado,
diario_mallorca,Diario de Mallorca,Prensa Ibérica,prensa,privada,curado,
diario_ibiza,Diario de Ibiza,Prensa Ibérica,prensa,privada,curado,
diari_girona,Diari de Girona,Prensa Ibérica,prensa,privada,curado,
regio7,Regió7,Prensa Ibérica,prensa,privada,curado,
diario_cordoba,Diario Córdoba,Prensa Ibérica,prensa,privada,curado,
mediterraneo,Mediterráneo (Castellón),Prensa Ibérica,prensa,privada,curado,
sport,Sport,Prensa Ibérica,prensa,privada,curado,
superdeporte,Superdeporte,Prensa Ibérica,prensa,privada,curado,
g_prensa_iberica,Prensa Ibérica (sin separar por cabecera),Prensa Ibérica,grupo,privada,curado,
20minutos,20minutos,Grupo Henneo,digital,privada,curado,
heraldo,Heraldo de Aragón,Grupo Henneo,prensa,privada,curado,
heraldo_soria,Heraldo-Diario de Soria,Grupo Henneo,prensa,privada,curado,
altoaragon,Diario del AltoAragón,Grupo Henneo,prensa,privada,curado,
g_henneo,Henneo (sin separar por cabecera),Grupo Henneo,grupo,privada,curado,
diario_cadiz,Diario de Cádiz,Grupo Joly,prensa,privada,curado,
diario_sevilla,Diario de Sevilla,Grupo Joly,prensa,privada,curado,
diario_jerez,Diario de Jerez,Grupo Joly,prensa,privada,curado,
granada_hoy,Granada Hoy,Grupo Joly,prensa,privada,curado,
diario_almeria,Diario de Almería,Grupo Joly,prensa,privada,curado,
europa_sur,Europa Sur,Grupo Joly,prensa,privada,curado,
malaga_hoy,Málaga Hoy,Grupo Joly,prensa,privada,curado,
huelva_informacion,Huelva Información,Grupo Joly,prensa,privada,curado,
g_joly,Grupo Joly (sin separar por cabecera),Grupo Joly,grupo,privada,curado,
diario_burgos,Diario de Burgos,Grupo Promecal,prensa,privada,curado,
diario_avila,Diario de Ávila,Grupo Promecal,prensa,privada,curado,
diario_palentino,Diario Palentino,Grupo Promecal,prensa,privada,curado,
tribuna_toledo,La Tribuna de Toledo,Grupo Promecal,prensa,privada,curado,
tribuna_guadalajara,La Tribuna de Guadalajara,Grupo Promecal,prensa,privada,curado,
tribuna_albacete,La Tribuna de Albacete,Grupo Promecal,prensa,privada,curado,
tribuna_ciudad_real,La Tribuna de Ciudad Real,Grupo Promecal,prensa,privada,curado,
dia_valladolid,El Día de Valladolid,Grupo Promecal,prensa,privada,curado,
dia_segovia,El Día de Segovia,Grupo Promecal,prensa,privada,curado,
dia_soria,El Día de Soria,Grupo Promecal,prensa,privada,curado,
g_promecal,Promecal (sin separar por cabecera),Grupo Promecal,grupo,privada,curado,
deia,Deia,Grupo Noticias,prensa,privada,curado,
noticias_navarra,Diario de Noticias (Navarra),Grupo Noticias,prensa,privada,curado,
noticias_gipuzkoa,Noticias de Gipuzkoa,Grupo Noticias,prensa,privada,curado,
noticias_alava,Diario de Noticias de Álava,Grupo Noticias,prensa,privada,curado,
onda_vasca,Onda Vasca,Grupo Noticias,radio,privada,curado,
g_noticias,Grupo Noticias (sin separar por cabecera),Grupo Noticias,grupo,privada,curado,
voz_galicia,La Voz de Galicia,Voz de Galicia,prensa,privada,curado,
g_voz_galicia,Corporación Voz de Galicia (sin separar por cabecera),Voz de Galicia,grupo,privada,curado,
okdiario,OKDiario,OKDiario,digital,privada,curado,"Editado por Dos Mil Palabras, S.L."
libertad_digital,Libertad Digital y esRadio,Libertad Digital,digital,privada,curado,"Libertad Digital, S.A. edita libertaddigital.com y explota esRadio; la fuente casi nunca separa una de otra."
cyl_radio,"esRadio Castilla y León (Castilla y León Radio, S.A.)",Castilla y León Radio,radio,privada,curado,"Emisora asociada a esRadio de propiedad local, no de Libertad Digital."
el_espanol,El Español,El Español,digital,privada,curado,"Editado por El León de El Español Publicaciones, S.A."
eldiariocyl,ElDiarioCyL,ElDiarioCyL,digital,privada,curado,eldiariocyl.es; no se asigna a elDiario.es aunque la tabla de equivalencias lo agrupe allí.
noticiascyl,NoticiasCyL,El Español,digital,privada,curado,
el_cultural,El Cultural,El Español,prensa,privada,curado,
el_confidencial,El Confidencial,El Confidencial,digital,privada,curado,"Editado por Titania Compañía Editorial, S.L."
confidencial_digital,El Confidencial Digital,El Confidencial Digital,digital,privada,curado,
eldiario,elDiario.es,eldiario.es,digital,privada,curado,"Editado por Diario de Prensa Digital, S.L."
publico,Público,Público,digital,privada,curado,"Editado por Display Connectors, S.L."
infolibre,infoLibre,infoLibre,digital,privada,curado,"Editado por Ediciones Prensa Libre, S.L."
the_objective,The Objective,The Objective,digital,privada,curado,
vozpopuli,Vozpópuli,Vozpópuli,digital,privada,curado,
el_debate,El Debate,El Debate,digital,privada,curado,"Editado por Ediciones Católicos y Vida Pública, S.L.U. (ACdP)."
esdiario,ESdiario,ESdiario,digital,privada,curado,
el_independiente,El Independiente,El Independiente,digital,privada,curado,
periodista_digital,Periodista Digital,Periodista Digital,digital,privada,curado,
diario16,Diario16,Diario16,digital,privada,curado,
el_economista,elEconomista,Ecoprensa (elEconomista),prensa,privada,curado,
intereconomia,Intereconomía,Intereconomía,radio,privada,curado,
madridiario,Madridiario,Madridiario,digital,privada,curado,
65ymas,65YMÁS,65YMÁS,digital,privada,curado,
el_salto,El Salto,El Salto,digital,privada,curado,
hola,¡Hola!,¡Hola!,prensa,privada,curado,
conde_nast,"Condé Nast (Vogue, Traveler, GQ...)",Condé Nast,prensa,privada,curado,
hearst,"Hearst (Elle, Esquire, Cosmopolitan...)",Hearst,prensa,privada,curado,
national_geographic,National Geographic (RBA),RBA,prensa,privada,curado,
europa_press,Europa Press,Europa Press,agencia,privada,curado,
servimedia,Servimedia,Servimedia,agencia,privada,curado,
ical,Agencia ICAL,Agencia ICAL,agencia,privada,curado,
agencia_aragonesa,Agencia Aragonesa de Noticias,Agencia Aragonesa de Noticias,agencia,privada,curado,
dpa,Agencia dpa,dpa,agencia,privada,curado,
ara,Ara,Grupo Ara,prensa,privada,curado,
punt_avui,El Punt Avui,Hermes Comunicacions (El Punt Avui),prensa,privada,curado,
segre,Segre,Grup Segre,prensa,privada,curado,
diari_tarragona,Diari de Tarragona,Diari de Tarragona,prensa,privada,curado,
el_nacional,El Nacional,El Nacional,digital,privada,curado,
nacio_digital,Nació Digital,Nació Digital,digital,privada,curado,
vilaweb,VilaWeb,VilaWeb,digital,privada,curado,
el_temps,El Temps,El Temps,prensa,privada,curado,
el_mon,El Món,El Món,digital,privada,curado,
cronica_global,Crónica Global,Crónica Global,digital,privada,curado,
flaix,Flaix FM y Ràdio Flaixbac,Grup Flaix,radio,privada,curado,
teletaxi,Ràdio Tele-Taxi,Grup TeleTaxi,radio,privada,curado,
critic,Crític,Crític,digital,privada,curado,
gara,Gara y Naiz,"Baigorri (Gara, Naiz)",prensa,privada,curado,
berria,Berria,Berria Taldea,prensa,privada,curado,
diario_navarra,Diario de Navarra,Grupo La Información (Diario de Navarra),prensa,privada,curado,
navarra_tv,Navarra TV,Navarra TV,tv,privada,curado,
radio_nervion,Radio Nervión,Radio Nervión,radio,privada,curado,
diario_leon,Diario de León,Diario de León,prensa,privada,curado,
gaceta_salamanca,La Gaceta de Salamanca,La Gaceta de Salamanca,prensa,privada,curado,
adelantado_segovia,El Adelantado de Segovia,El Adelantado de Segovia,prensa,privada,curado,
nueva_cronica,La Nueva Crónica (León),La Nueva Crónica,prensa,privada,curado,
rtvcyl,CyLTV (Radio Televisión de Castilla y León),Radio Televisión de Castilla y León,tv,privada,curado,Sociedad privada con contrato-programa de la Junta.
la_region,La Región (Ourense),Grupo La Región,prensa,privada,curado,
atlantico,Atlántico Diario,Rías Baixas Comunicación,prensa,privada,curado,
el_progreso,El Progreso (Lugo),Grupo El Progreso,prensa,privada,curado,
diario_pontevedra,Diario de Pontevedra,Grupo El Progreso,prensa,privada,curado,
nos_diario,Nós Diario,Sermos Galiza,prensa,privada,curado,
canarias7,Canarias7,Canarias7,prensa,privada,curado,
el_dia,El Día (Tenerife),Editorial Leoncio Rodríguez,prensa,privada,curado,
diario_avisos,Diario de Avisos,Diario de Avisos,prensa,privada,curado,
ultima_hora,Última Hora,Grupo Serra,prensa,privada,curado,
diario_jaen,Diario Jaén,Diario Jaén,prensa,privada,curado,
el_pueblo_ceuta,El Pueblo de Ceuta,El Pueblo de Ceuta,prensa,privada,curado,
grupo_plaza,Valencia Plaza y demás cabeceras de Grupo Plaza,Grupo Plaza,digital,privada,curado,
kiss_fm,Kiss FM y Hit FM (Kiss Media),Kiss Media,radio,privada,curado,"Incluye Radio Blanca, S.A., sociedad de Kiss FM."
movistar_plus,Movistar Plus+ (Telefónica),Grupo Telefónica,tv,privada,curado,En la publicidad del Estado el informe da el grupo Telefónica entero.
time_out,Time Out,Time Out,prensa,privada,curado,
hamaika,Hamaika Telebista,Hamaika,tv,privada,curado,
rtve,"RTVE (TVE, RNE, rtve.es)",RTVE,tv,publica,curado,
ccma,"3Cat (TV3, Catalunya Ràdio)",CCMA (Corporació Catalana de Mitjans Audiovisuals),tv,publica,curado,
eitb,"EITB (ETB, Euskadi Irratia, Radio Euskadi)",EITB,tv,publica,curado,
apunt,À Punt,À Punt (CVMC),tv,publica,curado,
canal_sur,Canal Sur (RTVA),RTVA (Canal Sur),tv,publica,curado,
crtvg,"CRTVG (TVG, Radio Galega)",CRTVG,tv,publica,curado,
cmm,Castilla-La Mancha Media,CMM (Castilla-La Mancha Media),tv,publica,curado,
cartv,Aragón TV y Aragón Radio (CARTV),CARTV (Aragón TV y Aragón Radio),tv,publica,curado,
rtpa,RTPA (Asturias),RTPA,tv,publica,curado,
rtrm,La 7 y Onda Regional (Murcia),RTRM (La 7 y Onda Regional),tv,publica,curado,
telemadrid,Telemadrid,Telemadrid (Radio Televisión Madrid),tv,publica,curado,
canal_extremadura,Canal Extremadura,Canal Extremadura,tv,publica,curado,
tv_canaria,Televisión Canaria,RTVC (Canarias),tv,publica,curado,
ib3,IB3,IB3,tv,publica,curado,
forta,FORTA (radiotelevisiones autonómicas),FORTA (televisiones autonómicas),tv,publica,curado,
efe,Agencia EFE,Agencia EFE,agencia,publica,curado,
acn,Agència Catalana de Notícies,Medios públicos autonómicos,agencia,publica,curado,
google,Google y YouTube,Alphabet,plataforma,privada,curado,
meta,"Meta (Facebook, Instagram)",Meta,plataforma,privada,curado,
tiktok,TikTok,ByteDance,plataforma,privada,curado,
x_twitter,X (Twitter),X,plataforma,privada,curado,
spotify,Spotify,Spotify,plataforma,privada,curado,
amazon,"Amazon (Prime Video, Twitch...)",Amazon,plataforma,privada,curado,
netflix,Netflix,Netflix,plataforma,privada,curado,
microsoft,"Microsoft (LinkedIn, Bing)",Microsoft,plataforma,privada,curado,
nif_a11627395,"Viva (Publicaciones del Sur, S.A.)","Viva (Publicaciones del Sur, S.A.)",prensa,privada,auto_nif,
nif_b25066184,Lleida TV (Lerinform),Lleida TV (Lerinform),tv,privada,auto_nif,Sociedad: Lerinform Lleida SL
nif_a26372045,Gente / Noticias de La Rioja (Promotores de Medios Riojanos),Gente / Noticias de La Rioja (Promotores de Medios Riojanos),prensa,privada,auto_nif,"Sociedad: Promotores de Medios Riojanos, S.A."
nif_a02021657,"Publicaciones Albacete, S.A.","Publicaciones Albacete, S.A.",prensa,privada,auto_nif,
nif_b95284857,Lea-artibaialdeko Hedabideak SL,Lea-artibaialdeko Hedabideak SL,prensa,privada,auto_nif,
nif_a26245464,"Rioja Television, S.A.","Rioja Television, S.A.",tv,privada,auto_nif,
nif_b66541947,Grup les Notícies de Catalunya SLU.,Grup les Notícies de Catalunya SLU.,prensa,privada,auto_nif,
nif_b13205331,Ediciones Lm S.L.,Ediciones Lm S.L.,prensa,privada,auto_nif,
nif_a07748379,Televisió d Eivissa i Formentera (insular),Medios públicos locales,tv,publica,auto_nif,"Sociedad: Televisió d'eivissa i Formentera, S.A."
nif_b43496447,"Iniciatives de Televisio, SL","Iniciatives de Televisio, SL",tv,privada,auto_nif,
nif_a47454038,"Servicios de Prensa Comunicaplus, S.A.","Servicios de Prensa Comunicaplus, S.A.",prensa,privada,auto_nif,
nif_b97668164,"Grupo Diario Editorial, S.L.","Grupo Diario Editorial, S.L.",prensa,privada,auto_nif,
nif_g61514162,As. de Mitjans d'informacio i Comunicació (amic),As. de Mitjans d'informacio i Comunicació (amic),prensa,privada,auto_nif,
nif_b65672495,"Timeout Spain Media, S.L","Timeout Spain Media, S.L",prensa,privada,auto_nif,
nif_b37524261,Diario de Salamanca SL,Diario de Salamanca SL,prensa,privada,auto_nif,
nif_b25636457,"Holder Solutions, S.L.","Holder Solutions, S.L.",prensa,privada,auto_nif,
nif_b42217406,"Editora de Prensa Soriana, S.L.","Editora de Prensa Soriana, S.L.",prensa,privada,auto_nif,
nif_b43996941,Televisió Teveon Ebre SL,Televisió Teveon Ebre SL,tv,privada,auto_nif,
nif_b88313085,Prensa Digital CYL SL,Prensa Digital CYL SL,prensa,privada,auto_nif,
nif_f95942835,Gertuko Koop S Gizarte Ekimenekoa,Gertuko Koop S Gizarte Ekimenekoa,prensa,privada,auto_nif,
nif_a08447369,"Premsa d'osona, S.A.","Premsa d'osona, S.A.",prensa,privada,auto_nif,
nif_a46186821,Edicions del Pais Valencia S.A.,Edicions del Pais Valencia S.A.,prensa,privada,auto_nif,
nif_b67186866,"Novapress, SL","Novapress, SL",prensa,privada,auto_nif,
nif_a09332461,"Burgos Publicaciones , S.A.","Burgos Publicaciones , S.A.",prensa,privada,auto_nif,
nif_b17417650,D-9 Comunicació SL,D-9 Comunicació SL,prensa,privada,auto_nif,
nif_g31602477,Asociacion Xaloa de Elizondo,Asociacion Xaloa de Elizondo,prensa,privada,auto_nif,
nif_b95011276,"Euskal Prensa, S.L","Euskal Prensa, S.L",prensa,privada,auto_nif,
nif_a12200713,Comunicacions Dels Ports SA,Comunicacions Dels Ports SA,prensa,privada,auto_nif,
nif_b02564052,"Publicaciones Digitales Albacete, S.L.","Publicaciones Digitales Albacete, S.L.",prensa,privada,auto_nif,
nif_b64863335,Grup Enderrock Edicions SL,Grup Enderrock Edicions SL,prensa,privada,auto_nif,
nif_b62677331,"Etv-llobregat Tv, S.L.","Etv-llobregat Tv, S.L.",tv,privada,auto_nif,
nif_b58364936,Tot Media Comunicació SL,Tot Media Comunicació SL,prensa,privada,auto_nif,
nif_b96725775,Ribera Televisio SLU,Ribera Televisio SLU,tv,privada,auto_nif,
nif_b20809042,Euskal Editorea,Euskal Editorea,prensa,privada,auto_nif,
nif_b02851848,Edicions Diari de Terrassa S.L.,Edicions Diari de Terrassa S.L.,prensa,privada,auto_nif,
nif_b61451399,Catalana de Televisio Local,Catalana de Televisio Local,tv,privada,auto_nif,
nif_a01418565,Nafar Ikusentzunekoak SA,Nafar Ikusentzunekoak SA,prensa,privada,auto_nif,
nif_b17503038,Televisió de Girona SL,Televisió de Girona SL,tv,privada,auto_nif,
nif_b25635186,"Grupo Simalro,sl","Grupo Simalro,sl",prensa,privada,auto_nif,
nif_b43833862,"Imagina Radio, SL","Imagina Radio, SL",radio,privada,auto_nif,
nif_b41999368,Prensa Nazarena S.L.,Prensa Nazarena S.L.,prensa,privada,auto_nif,
nif_b58180613,Edicions Cavall Fort SL,Edicions Cavall Fort SL,prensa,privada,auto_nif,
nif_b19251818,"Arriaca Television, S.L.","Arriaca Television, S.L.",tv,privada,auto_nif,
nif_b47372263,"Ediciones La Meseta, S.L.","Ediciones La Meseta, S.L.",prensa,privada,auto_nif,
nif_g31595473,Ttipi-ttapa Fundazioa,Ttipi-ttapa Fundazioa,prensa,privada,auto_nif,
nif_b17477779,"Olot Televisió, SL","Olot Televisió, SL",tv,privada,auto_nif,
nif_b98887185,Valencia Extra,Valencia Extra,digital,privada,auto_nif,Sociedad: Valencia Extra SL
nif_b97172332,Comarques Centrals Televisio SL,Comarques Centrals Televisio SL,tv,privada,auto_nif,
nif_b55606925,"Ebre Digital, S.L.","Ebre Digital, S.L.",prensa,privada,auto_nif,
nif_a43926682,"Tamediaxa, SA","Tamediaxa, SA",prensa,privada,auto_nif,
nif_a59056853,"Publicacions de l'Abadia de Montserrat, SA","Publicacions de l'Abadia de Montserrat, SA",prensa,privada,auto_nif,
nif_b58583568,producción editorial de revistas,producción editorial de revistas,prensa,privada,auto_nif,"Sociedad: Editorial Graó de Irif,sl"
nif_b53119863,Consorcio de Television Comarcal SL,Consorcio de Television Comarcal SL,tv,privada,auto_nif,
nif_b53378477,Arte Quatre Victor SL,Arte Quatre Victor SL,prensa,privada,auto_nif,
nif_b40265308,"Noticias Independientes de Segovia, S.L","Noticias Independientes de Segovia, S.L",prensa,privada,auto_nif,
nif_b43121144,El Vallenc SL,El Vallenc SL,prensa,privada,auto_nif,
nif_b60711843,"Taelus, SL","Taelus, SL",prensa,privada,auto_nif,
nif_b17440553,televisión comarcal del Pla de l'Estany,televisión comarcal del Pla de l'Estany,tv,privada,auto_nif,"Sociedad: Dracvisió, SLU"
nif_a701687u,"Premsa Andorrana, S.A","Premsa Andorrana, S.A",prensa,privada,auto_nif,
nif_b17331083,Televisió de Roses SL,Televisió de Roses SL,tv,privada,auto_nif,
nif_b75034793,Tai Gabe Digitala S L,Tai Gabe Digitala S L,prensa,privada,auto_nif,
nif_b42200774,Soria Noticias S.L.,Soria Noticias S.L.,prensa,privada,auto_nif,
nif_g71367825,Euskalerria Irratia Fundazioa,Euskalerria Irratia Fundazioa,radio,privada,auto_nif,
nif_b25527201,Cadena Pirenaica de Ràdio i Televisió SL,Cadena Pirenaica de Ràdio i Televisió SL,radio,privada,auto_nif,
nif_b12501516,revista Poble (Vila-real),revista Poble (Vila-real),prensa,privada,auto_nif,Sociedad: Vila-real Comunicació i Disseny S.L.
nif_b07941255,Canal 4 Television de Baleares SL,Canal 4 Television de Baleares SL,tv,privada,auto_nif,
nif_f95792347,Hiruka Kooperatiba Elkartea,Hiruka Kooperatiba Elkartea,prensa,privada,auto_nif,
nif_a63200828,"Emissions Digitals de Catalunya, SA","Emissions Digitals de Catalunya, SA",prensa,privada,auto_nif,
nif_a08734949,"Publicacions Penedes, S.A.","Publicacions Penedes, S.A.",prensa,privada,auto_nif,
nif_b36223600,televisión local del Salnés,televisión local del Salnés,tv,privada,auto_nif,Sociedad: Television da Mancomunidade do Salnes SL
nif_b64337462,"Editora Singular Digital 2gr, SL","Editora Singular Digital 2gr, SL",prensa,privada,auto_nif,
nif_b08503583,"L’avenç, SL","L’avenç, SL",prensa,privada,auto_nif,
nif_g31981509,Guaixe Fundazioa,Guaixe Fundazioa,prensa,privada,auto_nif,
nif_b11792587,"Periodicos Gratuitos Viva, S.L.U.","Periodicos Gratuitos Viva, S.L.U.",prensa,privada,auto_nif,
nif_r5800411j,Fund.missatge Huma i Cristia,Fund.missatge Huma i Cristia,prensa,privada,auto_nif,
nif_a97517379,Television Popular del Mediterraneo S.A.,Television Popular del Mediterraneo S.A.,tv,privada,auto_nif,
nif_b94063567,"Virtual Vedra Comunicación, S.L.","Virtual Vedra Comunicación, S.L.",prensa,privada,auto_nif,
nif_a20644928,Argia,Argia,prensa,privada,auto_nif,
nif_b98566219,"Eldiariocv, S.L.","Eldiariocv, S.L.",prensa,privada,auto_nif,
nif_b87995841,"Silicon Radio, S.L.","Silicon Radio, S.L.",radio,privada,auto_nif,
nif_b66917048,"Edicions del núvol, SLU","Edicions del núvol, SLU",prensa,privada,auto_nif,
nif_b88169701,"Prensa y Servicios de la Lengua, SLU","Prensa y Servicios de la Lengua, SLU",prensa,privada,auto_nif,
nif_b12540761,"Comunicacion y Medios de Levante, SL","Comunicacion y Medios de Levante, SL",prensa,privada,auto_nif,
nif_b67353094,"Anomalia Ediciones, S.L.","Anomalia Ediciones, S.L.",prensa,privada,auto_nif,
nif_g57834004,Associació Ona Mediterrània,Associació Ona Mediterrània,prensa,privada,auto_nif,
nif_b48180202,"Busturialdeko Irrati Telebista, S.L.","Busturialdeko Irrati Telebista, S.L.",radio,privada,auto_nif,
nif_b64443534,Montcau Produccions,Montcau Produccions,prensa,privada,auto_nif,
nif_b16110264,"Radio Azul, S.L.","Radio Azul, S.L.",radio,privada,auto_nif,
nif_b86754025,Epi Prensa SL,Epi Prensa SL,prensa,privada,auto_nif,
nif_b17736448,"Noves Edicions Altempordanes.,sl.","Noves Edicions Altempordanes.,sl.",prensa,privada,auto_nif,
nif_b86768553,"Capital Radio (Capital Radio Economía, S.L.)","Capital Radio (Capital Radio Economía, S.L.)",radio,privada,auto_nif,
nif_b78159142,"Ediciones Jemma, SL","Ediciones Jemma, SL",prensa,privada,auto_nif,
nif_p6300001b,Diario Lanza (Diputación de Ciudad Real),Medios públicos locales,prensa,publica,auto_nif,Sociedad: Entidad Publica Empresarial Diario Lanza
nif_b20811428,"Oiartzualdeko Hedabideak, S.L.","Oiartzualdeko Hedabideak, S.L.",prensa,privada,auto_nif,
nif_b25503566,"Edicions Saloria,s.l.","Edicions Saloria,s.l.",prensa,privada,auto_nif,
nif_f20704375,Goiena Komunikazio Taldea Koop.e.,Goiena Komunikazio Taldea Koop.e.,prensa,privada,auto_nif,
nif_b02402915,"Geintel Radio, S.L.","Geintel Radio, S.L.",radio,privada,auto_nif,
nif_b76129840,Radio Television Onda Fuerteventura,Radio Television Onda Fuerteventura,radio,privada,auto_nif,
nif_b45904042,Prensa Digital de Clm,Prensa Digital de Clm,prensa,privada,auto_nif,
nif_b65078545,Capgròs (Mataró),Capgròs (Mataró),prensa,privada,auto_nif,Sociedad: Capgròs Comunicació SL
nif_b12472643,Tvcs Retransmisiones SL,Tvcs Retransmisiones SL,prensa,privada,auto_nif,
nif_b64045511,Canal Taronja,Canal Taronja,tv,privada,auto_nif,Sociedad: Canal Taronja SL
nif_b09339862,"Radio Arlanzon, S.L.","Radio Arlanzon, S.L.",radio,privada,auto_nif,
nif_b17039116,"Edicions el Bassegoda, SLU","Edicions el Bassegoda, SLU",prensa,privada,auto_nif,
nif_g48855068,Asociacion Cultural Ameba Kultur Elkartea de Basauri,Asociacion Cultural Ameba Kultur Elkartea de Basauri,prensa,privada,auto_nif,
nif_a48532469,"Editora del Pais Vasco 93, S.A.","Editora del Pais Vasco 93, S.A.",prensa,privada,auto_nif,
nif_b55343917,"Edicions Abril 2019, SLL","Edicions Abril 2019, SLL",prensa,privada,auto_nif,
nif_b91558304,Televisiones Digitales de Andalucia SL,Televisiones Digitales de Andalucia SL,tv,privada,auto_nif,
nif_b17091711,"Editorial l'emporda,s.l.u.","Editorial l'emporda,s.l.u.",prensa,privada,auto_nif,
nif_b56657877,"Articulo Catorce Ediciones, S.L.","Articulo Catorce Ediciones, S.L.",prensa,privada,auto_nif,
nif_b44534378,Prime TV Castellon SL,Prime TV Castellon SL,tv,privada,auto_nif,
nif_a78874054,"Bayard Revistas, S.A.","Bayard Revistas, S.A.",prensa,privada,auto_nif,
nif_b46406799,cómics y revista Camacuc,cómics y revista Camacuc,prensa,privada,auto_nif,Sociedad: Edicions Camacuc SL
nif_b64166705,"Tirabol Produccions, S.L","Tirabol Produccions, S.L",prensa,privada,auto_nif,
nif_b42213116,"Noticias Independientes de Soria, S.L.","Noticias Independientes de Soria, S.L.",prensa,privada,auto_nif,
nif_a28795631,"Ràdio Olot, SA","Ràdio Olot, SA",radio,privada,auto_nif,
nif_b17483165,Televisió del Ripollès SLU,Televisió del Ripollès SLU,tv,privada,auto_nif,
nif_b12894192,Diario Digital de Castellón S.L.,Diario Digital de Castellón S.L.,prensa,privada,auto_nif,
nif_b96553920,Radio Difusión Torre SL,Radio Difusión Torre SL,radio,privada,auto_nif,
nif_b54383419,Lara & Llorca Comunicacion S L,Lara & Llorca Comunicacion S L,prensa,privada,auto_nif,
nif_b03721552,"Marina Alta Periodic, S.L.","Marina Alta Periodic, S.L.",prensa,privada,auto_nif,
nif_b43665256,"La veu de l'Ebre, S.L.","La veu de l'Ebre, S.L.",prensa,privada,auto_nif,
nif_a54709548,"Mes Ciutat, S.A.","Mes Ciutat, S.A.",prensa,privada,auto_nif,
nif_b62325394,Televisió Sant Cugat SL,Televisió Sant Cugat SL,tv,privada,auto_nif,
nif_b41463787,Opcion Radio S.L,Opcion Radio S.L,radio,privada,auto_nif,
nif_b02560480,Editora de Comunicacion Digital S.L,Editora de Comunicacion Digital S.L,prensa,privada,auto_nif,
nif_b07728876,"Setmanaris i Revistes, SL","Setmanaris i Revistes, SL",prensa,privada,auto_nif,
nif_b13422191,"Radio Surco, S.L.","Radio Surco, S.L.",radio,privada,auto_nif,
nif_a703503p,Andorrana de Publicacions,Andorrana de Publicacions,prensa,privada,auto_nif,
nif_b76160118,Biosfera Radiotelevision Sociedad Limitada,Biosfera Radiotelevision Sociedad Limitada,radio,privada,auto_nif,
nif_b80979537,Polo Digital Multimedia S.L.,Polo Digital Multimedia S.L.,prensa,privada,auto_nif,
nif_b62552146,"Productora d'emisions de Radio, SL","Productora d'emisions de Radio, SL",radio,privada,auto_nif,
nif_b91563106,Prensa y Comunicacion Local S.L.,Prensa y Comunicacion Local S.L.,prensa,privada,auto_nif,
nif_b13415005,"Segmentos Tv, S.L.","Segmentos Tv, S.L.",tv,privada,auto_nif,
nif_b93197937,"Costa del Sol Times TV, SL","Costa del Sol Times TV, SL",tv,privada,auto_nif,
nif_f66472176,Ona Bages SCCL,Ona Bages SCCL,prensa,privada,auto_nif,
nif_b92491638,"Editora Malagueña de Publicaciones, S.L.","Editora Malagueña de Publicaciones, S.L.",prensa,privada,auto_nif,
nif_j42208850,Ediciones desdeSoria SC,Ediciones desdeSoria SC,prensa,privada,auto_nif,
nif_b60955564,"Serveis de Comunicació Global Aquitània, SL","Serveis de Comunicació Global Aquitània, SL",prensa,privada,auto_nif,
nif_b98250855,Prime TV Valenciana SL,Prime TV Valenciana SL,tv,privada,auto_nif,
nif_b44198992,"Masmut Produccions, S.L.","Masmut Produccions, S.L.",prensa,privada,auto_nif,
nif_b03277217,Radio Ibi Emisora de Frecuencia Modulada,Radio Ibi Emisora de Frecuencia Modulada,radio,privada,auto_nif,
nif_a46095543,"Radio Gandia, S.A","Radio Gandia, S.A",radio,privada,auto_nif,
nif_b67007807,Junior Report Desfake,Junior Report Desfake,prensa,privada,auto_nif,
nif_b90045709,"El Contenedor Ediciones, S.L.","El Contenedor Ediciones, S.L.",prensa,privada,auto_nif,
nif_b65331704,Vadevit.cat-comunicació Vinària S.L,Vadevit.cat-comunicació Vinària S.L,prensa,privada,auto_nif,
nif_a28927606,Cantabrico de Prensa SA,Cantabrico de Prensa SA,prensa,privada,auto_nif,
nif_b43808294,"Limicola, SL","Limicola, SL",prensa,privada,auto_nif,
nif_b12977815,Va de Bo Editorial Valenciana SL,Va de Bo Editorial Valenciana SL,prensa,privada,auto_nif,
nif_b88605266,Eda TV Consulting SL,Eda TV Consulting SL,tv,privada,auto_nif,
nif_b98276207,Proyectos de Comunicacion Ontinyent SL,Proyectos de Comunicacion Ontinyent SL,prensa,privada,auto_nif,
nif_a07509698,Nova Televisió SA,Nova Televisió SA,tv,privada,auto_nif,
nif_b81459141,Orfeo Ediciones SL,Orfeo Ediciones SL,prensa,privada,auto_nif,
nif_g31267008,Asociacion Cultural Xorroxin Elkartea,Asociacion Cultural Xorroxin Elkartea,prensa,privada,auto_nif,
nif_b66319757,Televisió del Berguedà SL.,Televisió del Berguedà SL.,tv,privada,auto_nif,
nif_g07631260,Associació Cultural Veu de Sóller,Associació Cultural Veu de Sóller,prensa,privada,auto_nif,
nif_b54716832,"Prensa Vega Costa, S.L.","Prensa Vega Costa, S.L.",prensa,privada,auto_nif,
nif_b66162041,Premsa de Sitges SL,Premsa de Sitges SL,prensa,privada,auto_nif,
nif_b40580136,"Ediciones Murcia Plaza, S.L.U.","Ediciones Murcia Plaza, S.L.U.",prensa,privada,auto_nif,
nif_b45707742,"Cadena Local Tv, S.L.","Cadena Local Tv, S.L.",tv,privada,auto_nif,
nif_g43339134,Associacio Cultural Revista Cambrils,Associacio Cultural Revista Cambrils,prensa,privada,auto_nif,
nif_b57477085,"Periódico de Ibiza y Formentera, SLU","Periódico de Ibiza y Formentera, SLU",prensa,privada,auto_nif,
nif_b44249373,"Diario de Teruel (Prensa de Teruel, S.L.)","Diario de Teruel (Prensa de Teruel, S.L.)",prensa,privada,auto_nif,
nif_f57078644,Inforaiguer Soc Coop,Inforaiguer Soc Coop,prensa,privada,auto_nif,
nif_b10264158,Radio Interior SL,Radio Interior SL,radio,privada,auto_nif,
nif_b67271304,Diari Connexiobcn SL,Diari Connexiobcn SL,prensa,privada,auto_nif,
nif_b62036132,"El Cargol Publicacions, SL","El Cargol Publicacions, SL",prensa,privada,auto_nif,
nif_b95802104,Vinilo FM Radio,Vinilo FM Radio,radio,privada,auto_nif,
nif_f98614076,Edicions la Veu P.valencia S.coop.v,Edicions la Veu P.valencia S.coop.v,prensa,privada,auto_nif,
nif_g65978348,Fundacion Periodisme Plural,Fundacion Periodisme Plural,prensa,privada,auto_nif,
nif_b17317298,Ràdio Ripoll SL,Ràdio Ripoll SL,radio,privada,auto_nif,
nif_b78196664,"Scherzo Editorial, S.L.","Scherzo Editorial, S.L.",prensa,privada,auto_nif,
nif_b63369086,"Anar Fent, SL","Anar Fent, SL",prensa,privada,auto_nif,
nif_b13576368,"Ediciones Serca, S.L.","Ediciones Serca, S.L.",prensa,privada,auto_nif,
nif_b17165960,Comunicacions del Ripollès SL,Comunicacions del Ripollès SL,prensa,privada,auto_nif,
nif_g25452335,A.cult.garriguenca de Comunica,A.cult.garriguenca de Comunica,prensa,privada,auto_nif,
nif_a31197312,Iruñeko Komunikabideak,Iruñeko Komunikabideak,prensa,privada,auto_nif,
nif_b71304455,Abian Media SL,Abian Media SL,prensa,privada,auto_nif,
nif_a707871v,Agencia de Noticies i Informacio SA,Agencia de Noticies i Informacio SA,prensa,privada,auto_nif,
nif_b08818189,"Publicacions Anoia, S.L.","Publicacions Anoia, S.L.",prensa,privada,auto_nif,
nif_a30394407,Television Murciana SA,Television Murciana SA,tv,privada,auto_nif,
nif_b66810987,Mon Terrassa SL,Mon Terrassa SL,prensa,privada,auto_nif,
nif_b25814815,Magazine Publicaciones Media SL,Magazine Publicaciones Media SL,prensa,privada,auto_nif,
nif_b12559514,Medios Audiovisuales del Maestrat SL,Medios Audiovisuales del Maestrat SL,prensa,privada,auto_nif,
nif_b98980089,Grupo Calaforra Media SL,Grupo Calaforra Media SL,prensa,privada,auto_nif,
nif_b20848073,Goierriko Hedabideak SL,Goierriko Hedabideak SL,prensa,privada,auto_nif,
nif_b55053482,Catmedia Global SL,Catmedia Global SL,prensa,privada,auto_nif,
nif_b54458666,Avant Cem SL,Avant Cem SL,prensa,privada,auto_nif,
nif_b67273219,Quelcom Global SL,Quelcom Global SL,prensa,privada,auto_nif,
nif_f66599226,La Fura Continguts Sccl.,La Fura Continguts Sccl.,prensa,privada,auto_nif,
nif_b02595734,Periodico de Almansa Sociedad Limitada,Periodico de Almansa Sociedad Limitada,prensa,privada,auto_nif,
nif_b96656574,Sao Edicions SL,Sao Edicions SL,prensa,privada,auto_nif,
nif_b12656203,TV Alto Palancia SL,TV Alto Palancia SL,tv,privada,auto_nif,
nif_b95394607,Bizkaiko Hedabideak SL,Bizkaiko Hedabideak SL,prensa,privada,auto_nif,
nif_b05311881,Real de a 8 Comunicacion SLU,Real de a 8 Comunicacion SLU,prensa,privada,auto_nif,
nif_b20806840,Goiherriko Ikuskari SL,Goiherriko Ikuskari SL,prensa,privada,auto_nif,
nif_b39834536,S.r.d. Onda Occidental Cantabria S.L.U.,S.r.d. Onda Occidental Cantabria S.L.U.,radio,privada,auto_nif,
nif_a13108345,Castellana de Prensa Radio y Tv. SA,Castellana de Prensa Radio y Tv. SA,radio,privada,auto_nif,
nif_b03989845,Area Oberta SL,Area Oberta SL,prensa,privada,auto_nif,
nif_b51017945,Ediciones Ceitil S.L.,Ediciones Ceitil S.L.,prensa,privada,auto_nif,
nif_b59897785,"Ópera Actual, S.L.","Ópera Actual, S.L.",prensa,privada,auto_nif,
nif_b11673803,"Alcestes, S.L. (7 Tv)","Alcestes, S.L. (7 Tv)",tv,privada,auto_nif,
nif_a73390106,"Television Popular de la Region de Murcia, S.A.","Television Popular de la Region de Murcia, S.A.",tv,privada,auto_nif,
nif_b27486901,Portas Comunicacion S.L.,Portas Comunicacion S.L.,prensa,privada,auto_nif,
nif_b02151819,Cable Television Albacete S.L.,Cable Television Albacete S.L.,tv,privada,auto_nif,
nif_b97617856,Torrent Media SL,Torrent Media SL,prensa,privada,auto_nif,
nif_b97691380,Solint Quatre Disseny SL,Solint Quatre Disseny SL,prensa,privada,auto_nif,
nif_b99494577,ASG Ediciones Digitales de Aragón S.L.,ASG Ediciones Digitales de Aragón S.L.,prensa,privada,auto_nif,
nif_b38492237,Cadena Hit Radio S.L.U,Cadena Hit Radio S.L.U,radio,privada,auto_nif,
nif_b66084377,Fem Produccions SL,Fem Produccions SL,prensa,privada,auto_nif,
nif_b63824726,Edicions de Santa Coloma SL,Edicions de Santa Coloma SL,prensa,privada,auto_nif,
nif_b13584479,"Periodico de Castilla la Mancha, S.L.U","Periodico de Castilla la Mancha, S.L.U",prensa,privada,auto_nif,
nif_b25754078,Informacio de Comarques SL,Informacio de Comarques SL,prensa,privada,auto_nif,
nif_b02411726,Televisión Hellin S.l.l.,Televisión Hellin S.l.l.,tv,privada,auto_nif,
nif_b63247134,"Mola Tv, SL.","Mola Tv, SL.",tv,privada,auto_nif,
nif_b43396902,Radio Ulldecona S.L.,Radio Ulldecona S.L.,radio,privada,auto_nif,
nif_l712547l,Altaveu SLU,Altaveu SLU,prensa,privada,auto_nif,
nif_b87764924,La Radio Que Viene S.L.,La Radio Que Viene S.L.,radio,privada,auto_nif,
nif_b44508133,Comunicacion Plana Baixa SL,Comunicacion Plana Baixa SL,prensa,privada,auto_nif,
nif_b11737392,Sierravisión Arcos TV S.L.,Sierravisión Arcos TV S.L.,tv,privada,auto_nif,
nif_b40591877,Proyecto Polaris Comunicacion SL,Proyecto Polaris Comunicacion SL,prensa,privada,auto_nif,
nif_v48062863,Radio Popular de Bilbao,Radio Popular de Bilbao,radio,privada,auto_nif,
nif_b57487548,"Salseoapp,s.l.","Salseoapp,s.l.",prensa,privada,auto_nif,
nif_b36979920,"Ediciones Edisport, S.l.l","Ediciones Edisport, S.l.l",prensa,privada,auto_nif,
nif_b32215329,Garherve SL,Garherve SL,prensa,privada,auto_nif,
nif_b25591983,Edicions Nova Tarrega SLU,Edicions Nova Tarrega SLU,prensa,privada,auto_nif,
nif_g31595689,Asociacion Cultural Ametza,Asociacion Cultural Ametza,prensa,privada,auto_nif,
nif_b17880063,"Bonart Cultural, S.L.","Bonart Cultural, S.L.",prensa,privada,auto_nif,
nif_b82788639,Plato 2000 SL,Plato 2000 SL,prensa,privada,auto_nif,
nif_b57814931,Plan B Publicaciones SL,Plan B Publicaciones SL,prensa,privada,auto_nif,
nif_b02599892,"Radio, Digital y Prensa, S.L.","Radio, Digital y Prensa, S.L.",radio,privada,auto_nif,
nif_b90251174,"Multimedia Ediciones Globales, S.L.","Multimedia Ediciones Globales, S.L.",prensa,privada,auto_nif,
nif_b98106370,Telesafor (Gandia),Telesafor (Gandia),tv,privada,auto_nif,"Sociedad: Inversiones Especiales del Mediterraneo, S.L."
nif_b40512436,Eventos y Digitales Valencianos SL,Eventos y Digitales Valencianos SL,prensa,privada,auto_nif,
nif_b13503347,Ediciones Centro Mancha S. L.l.,Ediciones Centro Mancha S. L.l.,prensa,privada,auto_nif,
nif_g04980595,Associacio Espai Linia,Associacio Espai Linia,prensa,privada,auto_nif,
nif_a58012865,Premsa i Comunicació del Baix Llobregat SA,Premsa i Comunicació del Baix Llobregat SA,prensa,privada,auto_nif,
nif_b91730390,Publicaciones Guadalquivir S.L.,Publicaciones Guadalquivir S.L.,prensa,privada,auto_nif,
nif_b98291750,Medios Impresos y Digitales de Aqui SL,Medios Impresos y Digitales de Aqui SL,prensa,privada,auto_nif,
nif_f66807058,La Directa SCCL,La Directa SCCL,prensa,privada,auto_nif,
nif_b81378846,Grupo 28 Editores S.L. . .,Grupo 28 Editores S.L. . .,prensa,privada,auto_nif,
nif_b65519712,Gent i Terra S.L.,Gent i Terra S.L.,prensa,privada,auto_nif,
nif_f95539797,Blb Komunikazioa Koop.e,Blb Komunikazioa Koop.e,prensa,privada,auto_nif,
nif_b23331622,Radio Jaen S.L.,Radio Jaen S.L.,radio,privada,auto_nif,
nif_b65476954,"Grup Mesosona, SL.","Grup Mesosona, SL.",prensa,privada,auto_nif,
nif_b76659879,Prensa Insular SLU,Prensa Insular SLU,prensa,privada,auto_nif,
nif_b84671239,Caiman Ediciones SL,Caiman Ediciones SL,prensa,privada,auto_nif,
nif_b35835834,Radio Sintonia Dos Fuer SL,Radio Sintonia Dos Fuer SL,radio,privada,auto_nif,
nif_b39797741,Radio Studio Torrelavega S.L.,Radio Studio Torrelavega S.L.,radio,privada,auto_nif,
nif_a39602644,Television Popular de Santander S.A.,Television Popular de Santander S.A.,tv,privada,auto_nif,
nif_b66411828,Caxier Edicions SL,Caxier Edicions SL,prensa,privada,auto_nif,
nif_b63999254,"Bífidus Produccions, SL","Bífidus Produccions, SL",prensa,privada,auto_nif,
nif_b60651874,Tot Cerdanyola SL,Tot Cerdanyola SL,prensa,privada,auto_nif,
nif_b17947011,"Editorial Gavarres, S.L.","Editorial Gavarres, S.L.",prensa,privada,auto_nif,
nif_g31736077,Asociacion Cultural Mailope,Asociacion Cultural Mailope,prensa,privada,auto_nif,
nif_b09437476,Grupogo Ediciones SL,Grupogo Ediciones SL,prensa,privada,auto_nif,
nif_b98585854,Uvepe Plaza SL,Uvepe Plaza SL,prensa,privada,auto_nif,
nif_b05303805,"El Diario Region de Murcia, S.L.","El Diario Region de Murcia, S.L.",prensa,privada,auto_nif,
nif_f98927551,Xtradio,Xtradio,prensa,privada,auto_nif,
nif_b65946162,"Infom Kit Lps, S.L.","Infom Kit Lps, S.L.",prensa,privada,auto_nif,
nif_b14321699,"Atalaya de Television, S.L.","Atalaya de Television, S.L.",tv,privada,auto_nif,
nif_b01709518,"Makma Cultural, S.L.","Makma Cultural, S.L.",prensa,privada,auto_nif,
nif_b82475286,"El Iceberg Publicaciones del Sur, S.L.","El Iceberg Publicaciones del Sur, S.L.",prensa,privada,auto_nif,
nif_b67258913,"Politica y Prosa, SL","Politica y Prosa, SL",prensa,privada,auto_nif,
nif_b43518232,"Edicions Valls Comunicació, S.L.","Edicions Valls Comunicació, S.L.",prensa,privada,auto_nif,
nif_b95483137,Kaemone Europe S.L.,Kaemone Europe S.L.,prensa,privada,auto_nif,
nif_a07006315,Diario Menorca,Diario Menorca,prensa,privada,auto_nif,"Sociedad: Editorial Menorca, SA"
nif_b73554271,"Ediciones Vitalidad y Progreso,sl","Ediciones Vitalidad y Progreso,sl",prensa,privada,auto_nif,
nif_g20869772,Pausu Media Asociacion,Pausu Media Asociacion,prensa,privada,auto_nif,
nif_b43040187,"Ràdio i Televisió de la Catalunya Nova, SL","Ràdio i Televisió de la Catalunya Nova, SL",radio,privada,auto_nif,
nif_b56303233,"Mamola Noticias, S.L.","Mamola Noticias, S.L.",prensa,privada,auto_nif,
nif_b31662232,Nexo Diseño y Comunicacion SL,Nexo Diseño y Comunicacion SL,prensa,privada,auto_nif,
nif_b70079090,"Portocabo Tv, S.L.","Portocabo Tv, S.L.",tv,privada,auto_nif,
nif_b55107502,Maig 2011 SLL,Maig 2011 SLL,prensa,privada,auto_nif,
nif_g66245986,Associació Cultural l'independent,Associació Cultural l'independent,prensa,privada,auto_nif,
nif_b88592423,Avatel Television SL,Avatel Television SL,tv,privada,auto_nif,
nif_b64053770,"Garraf News Media, SL","Garraf News Media, SL",prensa,privada,auto_nif,
nif_b25779505,Tàrrega Audiovisuals SL,Tàrrega Audiovisuals SL,prensa,privada,auto_nif,
nif_b54496815,"Prime Tv Alicantina, S.L.","Prime Tv Alicantina, S.L.",tv,privada,auto_nif,
nif_j91939355,"Wabi Sabi Investments, S.C.","Wabi Sabi Investments, S.C.",prensa,privada,auto_nif,
nif_b55597702,"Tarraco Comunicacio Digital, SL","Tarraco Comunicacio Digital, SL",prensa,privada,auto_nif,
nif_b42911966,Mecigaya Creativa SL,Mecigaya Creativa SL,prensa,privada,auto_nif,
nif_b66258757,Publi Daser S.L.,Publi Daser S.L.,prensa,privada,auto_nif,
nif_b07740699,El Gall Editor SL,El Gall Editor SL,prensa,privada,auto_nif,
nif_g58331729,radio local (asociación); asistencia técnica,radio local (asociación); asistencia técnica,radio,privada,auto_nif,Sociedad: Ràdio Televisió de Cardedeu
nif_b90206830,FullMedia Andalucía SL (Canal Sur Radio y Televisión SA.),FullMedia Andalucía SL (Canal Sur Radio y Televisión SA.),radio,privada,auto_nif,
nif_b36344430,Publicidade Terceiro Milenio S.L.,Publicidade Terceiro Milenio S.L.,prensa,privada,auto_nif,
nif_f95628558,Eme Komunikazioa Koop Elk Txikia,Eme Komunikazioa Koop Elk Txikia,prensa,privada,auto_nif,
nif_b62750443,"L'enllaç Dels Anoiencs, SL","L'enllaç Dels Anoiencs, SL",prensa,privada,auto_nif,
nif_g46648655,Fundacio Francesc Eiximenis,Fundacio Francesc Eiximenis,prensa,privada,auto_nif,
nif_g63498109,Associació Cultural Valors Associació Cultural Valors,Associació Cultural Valors Associació Cultural Valors,prensa,privada,auto_nif,
nif_b20864260,Donostiako Hedabideak SL,Donostiako Hedabideak SL,prensa,privada,auto_nif,
nif_b03441631,"Grupo Alfa 5, S.L.","Grupo Alfa 5, S.L.",prensa,privada,auto_nif,
nif_b72297575,"8 TV Provincia de Cádiz, SL","8 TV Provincia de Cádiz, SL",tv,privada,auto_nif,
nif_g61850277,"L'era,espai de Recursos","L'era,espai de Recursos",prensa,privada,auto_nif,
nif_b67605113,Reputation Strategy Consultants SL,Reputation Strategy Consultants SL,prensa,privada,auto_nif,
nif_f41602830,Radio Lebrija S.c.a.,Radio Lebrija S.c.a.,radio,privada,auto_nif,
nif_b75618686,Laboratori d'idees Creatives SL Laboratori d'idees Creatives SL,Laboratori d'idees Creatives SL Laboratori d'idees Creatives SL,prensa,privada,auto_nif,
nif_b78861564,"Arquitectura Viva , SL","Arquitectura Viva , SL",prensa,privada,auto_nif,
nif_b06531768,Publicaciones Jara SLU,Publicaciones Jara SLU,prensa,privada,auto_nif,
nif_a53297628,"Radio Lucentum, S.A.","Radio Lucentum, S.A.",radio,privada,auto_nif,
nif_b64869670,"Pauta Media, S.L.","Pauta Media, S.L.",prensa,privada,auto_nif,
nif_g63274534,Associacio Xarxa Digital Catalana,Associacio Xarxa Digital Catalana,prensa,privada,auto_nif,
nif_b55553804,"Noticies de les Comarques de Tarragona, SLU","Noticies de les Comarques de Tarragona, SLU",prensa,privada,auto_nif,
nif_u01675230,"Ceuta actualidad, Ángulo Ceuta, Ediciones ceitil, U.T.E.","Ceuta actualidad, Ángulo Ceuta, Ediciones ceitil, U.T.E.",prensa,privada,auto_nif,
nif_b13569645,"Objetivo Clm Noticias, S.L.","Objetivo Clm Noticias, S.L.",prensa,privada,auto_nif,
nif_b07719800,Radio Eivissa S.L.,Radio Eivissa S.L.,radio,privada,auto_nif,
nif_g48462451,Asociacion Euskal Birusa Elkarte Kulturala de Ermua,Asociacion Euskal Birusa Elkarte Kulturala de Ermua,prensa,privada,auto_nif,
nif_f66694100,Dies D Agost SCCL,Dies D Agost SCCL,prensa,privada,auto_nif,
nif_b06732655,Prensa y Astroturismo S.L.,Prensa y Astroturismo S.L.,prensa,privada,auto_nif,
nif_g08844797,Assoc.mestres Rosa Sensat,Assoc.mestres Rosa Sensat,prensa,privada,auto_nif,
nif_b88019815,Distrito TV S L . .,Distrito TV S L . .,tv,privada,auto_nif,
nif_b39792528,Publicaciones del Cantabrico SL,Publicaciones del Cantabrico SL,prensa,privada,auto_nif,
nif_f55686794,"Surtdecasa, SCCL","Surtdecasa, SCCL",prensa,privada,auto_nif,
nif_b93080109,Radio Bellamar SL,Radio Bellamar SL,radio,privada,auto_nif,
nif_b73538274,Prensa y Publicaciones de Yecla,Prensa y Publicaciones de Yecla,prensa,privada,auto_nif,
nif_a21109608,Radio Lepe S.A,Radio Lepe S.A,radio,privada,auto_nif,
nif_b43963487,"Casguamedia, SL.","Casguamedia, SL.",prensa,privada,auto_nif,
nif_e57936577,"Cent Per Cent Manacor, CB","Cent Per Cent Manacor, CB",prensa,privada,auto_nif,
nif_a08728305,"Diario Marítimas, S.A.","Diario Marítimas, S.A.",prensa,privada,auto_nif,
nif_g07795867,Associacio de Premsa Local de Menorca,Associacio de Premsa Local de Menorca,prensa,privada,auto_nif,
nif_b13346135,"Multimedia,prensa y Comunicación,sl","Multimedia,prensa y Comunicación,sl",prensa,privada,auto_nif,
nif_b97495683,Vallblanca Press SL,Vallblanca Press SL,prensa,privada,auto_nif,
nif_b17475898,Itram Comunicació SL,Itram Comunicació SL,prensa,privada,auto_nif,
nif_b65351074,Connecor Investiments S.L.,Connecor Investiments S.L.,prensa,privada,auto_nif,
nif_b02335263,Publicor Ediciones SL,Publicor Ediciones SL,prensa,privada,auto_nif,
nif_b87822284,"Voces Media, S.L. .","Voces Media, S.L. .",prensa,privada,auto_nif,
nif_b63491658,"Serviexit, SL","Serviexit, SL",prensa,privada,auto_nif,
nif_b40518003,Pont Media SL,Pont Media SL,prensa,privada,auto_nif,
nif_a24029977,Radio Bierzo S.A. (Cadena SER),Radio Bierzo S.A. (Cadena SER),radio,privada,auto_nif,
nif_b56495880,Periodico el Meridiano Sociedad Limitada,Periodico el Meridiano Sociedad Limitada,prensa,privada,auto_nif,
nif_b04465621,Huercal Overa Television S.L.,Huercal Overa Television S.L.,tv,privada,auto_nif,
nif_a11368412,"Television Campo de Gibraltar, SA","Television Campo de Gibraltar, SA",tv,privada,auto_nif,
nif_b15919947,Grupo Codigo Cero Comunica Cion SL,Grupo Codigo Cero Comunica Cion SL,prensa,privada,auto_nif,
nif_b82375528,"G.h. Preimpresion y Ediciones, S.L. . .","G.h. Preimpresion y Ediciones, S.L. . .",prensa,privada,auto_nif,
nif_a41963505,Libreria y Editorial Renacimiento Sociedad Anónima,Libreria y Editorial Renacimiento Sociedad Anónima,prensa,privada,auto_nif,
nif_b39296447,Ediciones del Norte SL,Ediciones del Norte SL,prensa,privada,auto_nif,
nif_b16680928,Catalonia Audiovisual Media SL,Catalonia Audiovisual Media SL,prensa,privada,auto_nif,
nif_b07777287,Das Insel Radio S.L,Das Insel Radio S.L,radio,privada,auto_nif,
nif_g62896196,Grup de Periodistes Ramon Barnils,Grup de Periodistes Ramon Barnils,prensa,privada,auto_nif,
nif_b70160213,Liexga S.L,Liexga S.L,prensa,privada,auto_nif,
nif_b99433351,"El Diario de Información Digital, S.L.","El Diario de Información Digital, S.L.",prensa,privada,auto_nif,
nif_a03273679,Radio Comunicación S.A.,Radio Comunicación S.A.,radio,privada,auto_nif,
nif_b51019016,Hacho Ediciones S.L.,Hacho Ediciones S.L.,prensa,privada,auto_nif,
nif_b83306522,El Distrito de Madrid Comunicacione S y Servicios S.L. .,El Distrito de Madrid Comunicacione S y Servicios S.L. .,prensa,privada,auto_nif,
nif_b83764035,Nueva Prensa Comunicaciones y Servicios,Nueva Prensa Comunicaciones y Servicios,prensa,privada,auto_nif,
nif_b86522349,El Leon Alado S.L. .,El Leon Alado S.L. .,prensa,privada,auto_nif,
nif_b82187816,"Merlam Publicaciones Distrito 30, S.L.","Merlam Publicaciones Distrito 30, S.L.",prensa,privada,auto_nif,
nif_b27825595,"Edicións Mide, S.L.","Edicións Mide, S.L.",prensa,privada,auto_nif,
nif_b72275506,"El Periódico de Chiclana, SL","El Periódico de Chiclana, SL",prensa,privada,auto_nif,
nif_b66519828,Colectivo 5w SL,Colectivo 5w SL,prensa,privada,auto_nif,
nif_v08983751,Consell Catala del Llibre Per a Infants i Joves,Consell Catala del Llibre Per a Infants i Joves,prensa,privada,auto_nif,
nif_b43831353,"Ebe, Imatge i Comunicació S.L","Ebe, Imatge i Comunicació S.L",prensa,privada,auto_nif,
nif_b01040906,Laudio Irratia SL,Laudio Irratia SL,radio,privada,auto_nif,
nif_b67217414,Canal Costa Catalana S.L.,Canal Costa Catalana S.L.,prensa,privada,auto_nif,
nif_b52512464,Ediciones Periodicas del Noroeste SL,Ediciones Periodicas del Noroeste SL,prensa,privada,auto_nif,
nif_b39820808,Prensa Digital de Cantabria S.L.,Prensa Digital de Cantabria S.L.,prensa,privada,auto_nif,
nif_b21591284,Periodicos Punto Cero SL Unipersonal,Periodicos Punto Cero SL Unipersonal,prensa,privada,auto_nif,
nif_g85945061,Asociacion Hortaleza Periodico Vecinal,Asociacion Hortaleza Periodico Vecinal,prensa,privada,auto_nif,
nif_b30168587,Radio Espuña Alhama SL,Radio Espuña Alhama SL,radio,privada,auto_nif,
nif_f90441973,Ana Tolia Editora S. Coop.and,Ana Tolia Editora S. Coop.and,prensa,privada,auto_nif,
nif_b35579481,Radiotelevisión Lanzarote S.L.,Radiotelevisión Lanzarote S.L.,radio,privada,auto_nif,
nif_a08844847,"Radio Salud,s.a.","Radio Salud,s.a.",radio,privada,auto_nif,
nif_b53830576,"Comercial Narmasal,sl","Comercial Narmasal,sl",prensa,privada,auto_nif,
nif_b06652861,Art Duomo Global SL,Art Duomo Global SL,prensa,privada,auto_nif,
nif_b41916313,Lebrija TV S.L.,Lebrija TV S.L.,tv,privada,auto_nif,
nif_b09839069,"Garrotxa Digital, SLU","Garrotxa Digital, SLU",prensa,privada,auto_nif,
nif_g62841697,Ass. Cat. Editors de Diaris,Ass. Cat. Editors de Diaris,prensa,privada,auto_nif,
nif_g48237283,Asoc Cultural Mozoilo Irratia,Asoc Cultural Mozoilo Irratia,prensa,privada,auto_nif,
nif_p0700300g,Ajuntament d'alcudia,Ajuntament d'alcudia,prensa,privada,auto_nif,
nif_b62066824,"Minoria Absoluta, SL","Minoria Absoluta, SL",prensa,privada,auto_nif,
nif_b64508955,"Orna Comunicacion, SL","Orna Comunicacion, SL",prensa,privada,auto_nif,
nif_b70399795,"Luzes, Xornalismo Que Conta S.L.","Luzes, Xornalismo Que Conta S.L.",prensa,privada,auto_nif,
nif_b30455141,"Radio Television del Sureste, S.L.","Radio Television del Sureste, S.L.",radio,privada,auto_nif,
nif_g60493467,Assoc.prom.mitj.comunic.local,Assoc.prom.mitj.comunic.local,prensa,privada,auto_nif,
nif_g66079575,Associació Clúster Audiovisual Cat,Associació Clúster Audiovisual Cat,prensa,privada,auto_nif,
nif_g28599041,Fundacion Jose Ortega y Gasset - Gregorio Marañon,Fundacion Jose Ortega y Gasset - Gregorio Marañon,prensa,privada,auto_nif,
nif_b32323925,"Letras a la Carta, SL","Letras a la Carta, SL",prensa,privada,auto_nif,
nif_a79253969,Ediciones y Publicaciones Alimentarias S.A.,Ediciones y Publicaciones Alimentarias S.A.,prensa,privada,auto_nif,
nif_g08621922,Fed.persones Sordes de Catalunya,Fed.persones Sordes de Catalunya,prensa,privada,auto_nif,
nif_b40243941,Veoveo Ediciones SL,Veoveo Ediciones SL,prensa,privada,auto_nif,
nif_b11408283,Publicaciones del Estrecho SL,Publicaciones del Estrecho SL,prensa,privada,auto_nif,
nif_f67469684,Valenti 92 SCCL,Valenti 92 SCCL,prensa,privada,auto_nif,
nif_b94123650,Editorial Novas do Eixo Atlántico S.L.,Editorial Novas do Eixo Atlántico S.L.,prensa,privada,auto_nif,
nif_g71137491,Nafarroako Berriak Elkartea,Nafarroako Berriak Elkartea,prensa,privada,auto_nif,
nif_v61980728,Fund.consell de la Informacio Cat.,Fund.consell de la Informacio Cat.,prensa,privada,auto_nif,
nif_b02628592,Audiovisual Radio y Digital. S.L,Audiovisual Radio y Digital. S.L,radio,privada,auto_nif,
nif_b92055581,Todas las Publicaciones Malagueñas S.L,Todas las Publicaciones Malagueñas S.L,prensa,privada,auto_nif,
nif_b15953052,"Ineditor Grupo Towers, S.L.","Ineditor Grupo Towers, S.L.",prensa,privada,auto_nif,
nif_b86053162,GDT Ediciones S.L.,GDT Ediciones S.L.,prensa,privada,auto_nif,
nif_b66250507,Valles Publicitat S.L.,Valles Publicitat S.L.,prensa,privada,auto_nif,
nif_b76517937,Radio CIT Tenerife S.L.,Radio CIT Tenerife S.L.,radio,privada,auto_nif,
nif_a32003915,Radio Orense S.A.,Radio Orense S.A.,radio,privada,auto_nif,
nif_g59119594,Ass.cult. Revista Alella,Ass.cult. Revista Alella,prensa,privada,auto_nif,
nif_b61916177,Ediciones de Intervención Cultural SL,Ediciones de Intervención Cultural SL,prensa,privada,auto_nif,
nif_a706064j,"La Veu del Poble, SA","La Veu del Poble, SA",prensa,privada,auto_nif,
nif_b85535789,"Ars Revista de Arte y Coleccionismo, S.L.","Ars Revista de Arte y Coleccionismo, S.L.",prensa,privada,auto_nif,
nif_r5800367d,Fund.cat.crist.evang.cultura,Fund.cat.crist.evang.cultura,prensa,privada,auto_nif,
nif_b18916676,Televisión Digital Terrestre Local Demotril S.L.,Televisión Digital Terrestre Local Demotril S.L.,tv,privada,auto_nif,
nif_b84361344,Publicaciones Periodisticas Jemar SL,Publicaciones Periodisticas Jemar SL,prensa,privada,auto_nif,
nif_a29183050,Revista Litoral SA,Revista Litoral SA,prensa,privada,auto_nif,
nif_b70880828,Kosta Irratia S.L.,Kosta Irratia S.L.,radio,privada,auto_nif,
nif_b87266961,"Producciones de Arte y Pensamiento, S.L.","Producciones de Arte y Pensamiento, S.L.",prensa,privada,auto_nif,
nif_g64172505,Assoc. Catalana de Mitjans Locals,Assoc. Catalana de Mitjans Locals,prensa,privada,auto_nif,
nif_b60279494,"Anuart, S.L.","Anuart, S.L.",prensa,privada,auto_nif,
nif_b97086227,Olollir SL,Olollir SL,prensa,privada,auto_nif,
nif_b41947037,"Editec Sur, S.L. Periódico la Semana","Editec Sur, S.L. Periódico la Semana",prensa,privada,auto_nif,
nif_b87147260,CTXT Contexto,CTXT Contexto,digital,privada,auto_nif,Sociedad: Ctx Contexto
nif_b26409011,"Radio Ezcaray, S.L.","Radio Ezcaray, S.L.",radio,privada,auto_nif,
nif_b65029001,"Ediciones Versatil, S.L.","Ediciones Versatil, S.L.",prensa,privada,auto_nif,
nif_g12992558,Asoc. Espai Audiovisual de Proximitat-ESAP,Asoc. Espai Audiovisual de Proximitat-ESAP,prensa,privada,auto_nif,
nif_g58331299,Torello Associacio Cultural,Torello Associacio Cultural,prensa,privada,auto_nif,
nif_b94074390,Nos Televisión S.L.,Nos Televisión S.L.,tv,privada,auto_nif,
nif_b91714683,Nipho Publicaciones & Comunicacion,Nipho Publicaciones & Comunicacion,prensa,privada,auto_nif,
nif_b72906464,Villaverde Medios S.L. . .,Villaverde Medios S.L. . .,prensa,privada,auto_nif,
nif_j22221865,"Radio Benabarre, S.C.","Radio Benabarre, S.C.",radio,privada,auto_nif,
nif_g08824187,Centre D Informacio i Documentacio Internacionals a Barcelona,Centre D Informacio i Documentacio Internacionals a Barcelona,prensa,privada,auto_nif,
nif_b08910507,Dirigido Por SL,Dirigido Por SL,prensa,privada,auto_nif,
nif_b03195724,Radio Orihuela SL,Radio Orihuela SL,radio,privada,auto_nif,
nif_b12534269,"Artes Graficas Castell Impresores, SL","Artes Graficas Castell Impresores, SL",prensa,privada,auto_nif,
nif_b70401435,"Underwood Media, SL","Underwood Media, SL",prensa,privada,auto_nif,
nif_f08657306,"Ràdio Ass. de Catalunya, SCCL","Ràdio Ass. de Catalunya, SCCL",radio,privada,auto_nif,
nif_b62240742,"Ediciones Periodicas Hispapublic, S.L.","Ediciones Periodicas Hispapublic, S.L.",prensa,privada,auto_nif,
nif_f86598521,"Máspúblico, S. Coop.","Máspúblico, S. Coop.",prensa,privada,auto_nif,
nif_b60366093,"Mon Rural, SLU","Mon Rural, SLU",prensa,privada,auto_nif,
nif_b80815442,"Ediciones y Publicaciones Troy, S.L.","Ediciones y Publicaciones Troy, S.L.",prensa,privada,auto_nif,
nif_g31417181,Asociacion Irati,Asociacion Irati,prensa,privada,auto_nif,
nif_b55744924,"Catalunya Diari Digital, S.L.","Catalunya Diari Digital, S.L.",prensa,privada,auto_nif,
nif_b98671738,"Golsmedia Sports, S.L.","Golsmedia Sports, S.L.",prensa,privada,auto_nif,
nif_b66293499,"Cinquanta-set, SL","Cinquanta-set, SL",prensa,privada,auto_nif,
nif_f09679770,"Mangrana Cultura Contemporània,sccl","Mangrana Cultura Contemporània,sccl",prensa,privada,auto_nif,
nif_g64928245,Cercle Tecnologic de Catalunya,Cercle Tecnologic de Catalunya,prensa,privada,auto_nif,
nif_b98614159,"Batiscafo Editorial, S.L.","Batiscafo Editorial, S.L.",prensa,privada,auto_nif,
nif_b42939884,Productora Canaria de Televisión Regional SL,Productora Canaria de Televisión Regional SL,tv,privada,auto_nif,
nif_none,32284724500089 Radio Arrels,32284724500089 Radio Arrels,prensa,privada,auto_nif,
nif_b60962370,Editorial Torre de Papel S.L.,Editorial Torre de Papel S.L.,prensa,privada,auto_nif,
nif_b44710820,Equinox Media SL,Equinox Media SL,prensa,privada,auto_nif,
nif_g84439769,Nacion Humana Univeral,Nacion Humana Univeral,prensa,privada,auto_nif,
nif_e43940485,Reus Comunicacio Digital CB,Reus Comunicacio Digital CB,prensa,privada,auto_nif,
nif_g65072274,Associació Cercle d'estudis Conciliars,Associació Cercle d'estudis Conciliars,prensa,privada,auto_nif,
nif_b98301179,Carbe Produccions SL,Carbe Produccions SL,prensa,privada,auto_nif,
nif_b87325866,Cinemania Magazine SL,Cinemania Magazine SL,prensa,privada,auto_nif,
nif_a15575574,Atlántica de Información e Comunicación de Galicia,Atlántica de Información e Comunicación de Galicia,prensa,privada,auto_nif,
nif_g43830967,Associacio Cultural Amics de l'om,Associacio Cultural Amics de l'om,prensa,privada,auto_nif,
nif_g66580028,"L'avenir, Eines Per a la Informació","L'avenir, Eines Per a la Informació",prensa,privada,auto_nif,
nif_b99226631,"Con R de Radio, S.L.","Con R de Radio, S.L.",radio,privada,auto_nif,
nif_b25629734,Balaguer Audiovisuals SL,Balaguer Audiovisuals SL,prensa,privada,auto_nif,
nif_b43527498,"Doble Columna, S.L.","Doble Columna, S.L.",prensa,privada,auto_nif,
nif_b97621940,"Amunt Ones, S.L.","Amunt Ones, S.L.",prensa,privada,auto_nif,
nif_g57574675,Asociacio Cultural Audiovisual de Ftera,Asociacio Cultural Audiovisual de Ftera,prensa,privada,auto_nif,
nif_b33844622,Araz Net SL.,Araz Net SL.,prensa,privada,auto_nif,
nif_b66565854,Antul Invest SLU,Antul Invest SLU,prensa,privada,auto_nif,
nif_b24686982,Mediaplanet Global SL (987 TV),Mediaplanet Global SL (987 TV),tv,privada,auto_nif,
nif_b46373734,"Publicaciones Turia, S.L.","Publicaciones Turia, S.L.",prensa,privada,auto_nif,
nif_b66914367,Ediciones Ruta-66 SL,Ediciones Ruta-66 SL,prensa,privada,auto_nif,
nif_b36855104,"Runa Publicaciones, S.L.","Runa Publicaciones, S.L.",prensa,privada,auto_nif,
nif_f44599751,"Via Forana, S. Microcoop","Via Forana, S. Microcoop",prensa,privada,auto_nif,
nif_g58040908,Associacio Radio Ripollet,Associacio Radio Ripollet,prensa,privada,auto_nif,
nif_g66182411,Associació Món Medieval,Associació Món Medieval,prensa,privada,auto_nif,
nif_f67269993,"Premsa Local el Jardi, SCCL","Premsa Local el Jardi, SCCL",prensa,privada,auto_nif,
nif_b56429632,Radio Television Tenerife Canarias Plus S.L.,Radio Television Tenerife Canarias Plus S.L.,radio,privada,auto_nif,
nif_b27751312,"Ediciones Basan, S.L.","Ediciones Basan, S.L.",prensa,privada,auto_nif,
nif_b38528873,"Gente Radio, S.L.","Gente Radio, S.L.",radio,privada,auto_nif,
nif_b55613715,Quality Mera SLU,Quality Mera SLU,prensa,privada,auto_nif,
nif_g67409052,Associacio Verificat,Associacio Verificat,prensa,privada,auto_nif,
nif_g59546556,Fundacio Privada Trinijove,Fundacio Privada Trinijove,prensa,privada,auto_nif,
nif_g08508301,Ass.empres.cat.public.gr.publ.,Ass.empres.cat.public.gr.publ.,prensa,privada,auto_nif,
nif_g16974040,Asoc Cultural Curatela Estudio y Edicion Imagen Contemporanea,Asoc Cultural Curatela Estudio y Edicion Imagen Contemporanea,prensa,privada,auto_nif,
nif_g25219841,Ass. Amics Plana d'urgell,Ass. Amics Plana d'urgell,prensa,privada,auto_nif,
nif_b52553070,Cuatro Gotes Producciones SL,Cuatro Gotes Producciones SL,prensa,privada,auto_nif,
nif_b09431180,Noticias de León S.L. (Gente),Noticias de León S.L. (Gente),prensa,privada,auto_nif,
nif_b70325923,"Económía Digital de Galicia, S.L.U.","Económía Digital de Galicia, S.L.U.",prensa,privada,auto_nif,
nif_b05515259,Lorca Comunicación Radio TV Prensa e Int,Lorca Comunicación Radio TV Prensa e Int,radio,privada,auto_nif,
nif_g08496622,Unio Gral.treballadors Catalunya,Unio Gral.treballadors Catalunya,prensa,privada,auto_nif,
nif_b76521533,FM Radio Canarias SL,FM Radio Canarias SL,radio,privada,auto_nif,
nif_b19327840,Editores del Henares Información y Publicaciones S.L.,Editores del Henares Información y Publicaciones S.L.,prensa,privada,auto_nif,
nif_g10587251,Fundacion Analisis de Politica Exterior,Fundacion Analisis de Politica Exterior,prensa,privada,auto_nif,
nif_322847245,Associacio Arrels,Associacio Arrels,prensa,privada,auto_nif,
nif_f16715278,La Sembra Agencia de Comunicacio So,La Sembra Agencia de Comunicacio So,prensa,privada,auto_nif,
nif_b24068710,Linares Servicios Generales (Onda Bierzo),Linares Servicios Generales (Onda Bierzo),radio,privada,auto_nif,
nif_g63324727,Col·legi Prof.audiovisual de Cat.,Col·legi Prof.audiovisual de Cat.,prensa,privada,auto_nif,
nif_g43027531,Casal de l'espluga de Francoli,Casal de l'espluga de Francoli,prensa,privada,auto_nif,
nif_b08984031,Casual Magazines S.L.U.,Casual Magazines S.L.U.,prensa,privada,auto_nif,
nif_b25026048,Prensa Leridana SL.,Prensa Leridana SL.,prensa,privada,auto_nif,
nif_b11899408,"Onda Luz Ronda, S.L.","Onda Luz Ronda, S.L.",radio,privada,auto_nif,
nif_g16604274,Associacio de Mitjans d'informacio i Comunicacio Illes Balears,Associacio de Mitjans d'informacio i Comunicacio Illes Balears,prensa,privada,auto_nif,
nif_b87518122,"Global Astronomía, S.L.L.","Global Astronomía, S.L.L.",prensa,privada,auto_nif,
nif_b12947156,Castellon Base SL,Castellon Base SL,prensa,privada,auto_nif,
nif_b98891591,La Traca Publicacions Valencianes SL,La Traca Publicacions Valencianes SL,prensa,privada,auto_nif,
nif_b86859600,"Ralsa Ediciones, S.L.","Ralsa Ediciones, S.L.",prensa,privada,auto_nif,
nif_b93119683,"Publicaciones Avi, SL","Publicaciones Avi, SL",prensa,privada,auto_nif,
nif_b96969167,Nuevos Soportes De Comunicacion Y Arte S.l.,Nuevos Soportes De Comunicacion Y Arte S.l.,prensa,privada,auto_nif,
nif_a58620121,"El Ciervo 96, Sociedad Anonima Empresa Periodistica y Editorial.","El Ciervo 96, Sociedad Anonima Empresa Periodistica y Editorial.",prensa,privada,auto_nif,
nif_g66536400,Associació Caramella,Associació Caramella,prensa,privada,auto_nif,
nif_a12211199,"Radio Vila-real, SA","Radio Vila-real, SA",radio,privada,auto_nif,
nif_b70697800,"Corporación Si Radio, S.L.","Corporación Si Radio, S.L.",radio,privada,auto_nif,
nif_g66834920,Asociación Cultural Ajoblanco,Asociación Cultural Ajoblanco,prensa,privada,auto_nif,
nif_b14710123,Canal Priego TV SL,Canal Priego TV SL,tv,privada,auto_nif,
nif_b18098129,Grupo Tres Ediciones S.L.,Grupo Tres Ediciones S.L.,prensa,privada,auto_nif,
nif_b44596260,Veteve Media SLU,Veteve Media SLU,prensa,privada,auto_nif,
nif_b18238311,"RADIO TV de MOTRIL, S.L.","RADIO TV de MOTRIL, S.L.",radio,privada,auto_nif,
nif_g58209594,Instituto Romano Para Asuntos Sociales y Culturales,Instituto Romano Para Asuntos Sociales y Culturales,prensa,privada,auto_nif,
nif_p3114800j,Leitzako Udala,Leitzako Udala,prensa,privada,auto_nif,
nif_g08449258,Fundacio Roca Gales,Fundacio Roca Gales,prensa,privada,auto_nif,
nif_b98112675,Au Edicions S.L.,Au Edicions S.L.,prensa,privada,auto_nif,
nif_b05290473,Montgo Outsourcing S.L.,Montgo Outsourcing S.L.,prensa,privada,auto_nif,
nif_b80823438,"Trama Editorial, S.L.","Trama Editorial, S.L.",prensa,privada,auto_nif,
nif_a11267395,Publicaciones del Sur S.A.,Publicaciones del Sur S.A.,prensa,privada,auto_nif,
nif_b96944186,Ediciones Cybermonde SL,Ediciones Cybermonde SL,prensa,privada,auto_nif,
nif_g43303163,Associacio Cultural Revista la Segarra,Associacio Cultural Revista la Segarra,prensa,privada,auto_nif,
nif_b86675097,"Artesa Ediciones, S.L.","Artesa Ediciones, S.L.",prensa,privada,auto_nif,
nif_b28902757,"El Croquis Publicación de Arquitectura, Construcción y Diseño S.L.","El Croquis Publicación de Arquitectura, Construcción y Diseño S.L.",prensa,privada,auto_nif,
nif_b48726533,Nueva Europa Diseño Imagen y Comunicacion SL,Nueva Europa Diseño Imagen y Comunicacion SL,prensa,privada,auto_nif,
nif_a21679949,Islas Canarias Televisión S.A.,Islas Canarias Televisión S.A.,tv,privada,auto_nif,
nif_g07158249,Associacio de Premsa Forana de Mallorca,Associacio de Premsa Forana de Mallorca,prensa,privada,auto_nif,
nif_b55299101,Digital Toginama SL,Digital Toginama SL,prensa,privada,auto_nif,
nif_g82540048,Asociacion Española de Editoriales de Publicaciones Periodicas,Asociacion Española de Editoriales de Publicaciones Periodicas,prensa,privada,auto_nif,
nif_e31696883,Garcia Bueno Montserrat y Labiano Moso Rita Maria,Garcia Bueno Montserrat y Labiano Moso Rita Maria,prensa,privada,auto_nif,
nif_l718033l,Premsa Esportiva Romgual SL,Premsa Esportiva Romgual SL,prensa,privada,auto_nif,
nif_g95514576,Asoc Shareak Kultur Elkartea,Asoc Shareak Kultur Elkartea,prensa,privada,auto_nif,
nif_b93727212,Ediciones Distribuciones y Aplicaciones Periodicas SL,Ediciones Distribuciones y Aplicaciones Periodicas SL,prensa,privada,auto_nif,
nif_b87961397,"Vivir Ediciones, S.L.","Vivir Ediciones, S.L.",prensa,privada,auto_nif,
nif_f61709853,Opcions de Consum Responsable SCCL,Opcions de Consum Responsable SCCL,prensa,privada,auto_nif,
nif_a36603314,Editorial Galaxia SA,Editorial Galaxia SA,prensa,privada,auto_nif,
nif_b48935530,Universitario Vasco Navarro SL,Universitario Vasco Navarro SL,prensa,privada,auto_nif,
nif_b78517547,Funciva Ediciones SL,Funciva Ediciones SL,prensa,privada,auto_nif,
nif_b66400029,Metropoli Abierta SLU,Metropoli Abierta SLU,prensa,privada,auto_nif,
nif_g80473259,A.d.c. Dircom,A.d.c. Dircom,prensa,privada,auto_nif,
nif_b95298014,Hilero Zornotzan SL,Hilero Zornotzan SL,prensa,privada,auto_nif,
nif_g67190405,Associacio Catosfera,Associacio Catosfera,prensa,privada,auto_nif,
nif_a35070960,"Sociedad Canaria de Publicaciones, S.A.","Sociedad Canaria de Publicaciones, S.A.",prensa,privada,auto_nif,
nif_a15107592,Axencia Galega de Noticias,Axencia Galega de Noticias,agencia,privada,auto_nif,Sociedad: Agn Axencia Galega de Noticias S.A.
nif_g78423795,Ecologistas en Acción - Coda,Ecologistas en Acción - Coda,prensa,privada,auto_nif,
nif_a28732071,Ediciones Conica SA,Ediciones Conica SA,prensa,privada,auto_nif,
nif_b76199546,KFTV Televisión S.L,KFTV Televisión S.L,tv,privada,auto_nif,
nif_f65890832,"Alternativas Económicas, SCCL","Alternativas Económicas, SCCL",prensa,privada,auto_nif,
nif_b66000142,Promocion de Humanidades y Economia S.L.,Promocion de Humanidades y Economia S.L.,prensa,privada,auto_nif,
nif_b03238938,Ingenieria y Tecnicas de Comunicacion SL,Ingenieria y Tecnicas de Comunicacion SL,prensa,privada,auto_nif,
nif_g07942014,Associacio Cultural N'ali,Associacio Cultural N'ali,prensa,privada,auto_nif,
nif_b86184728,Ediciones Semele S.L,Ediciones Semele S.L,prensa,privada,auto_nif,
nif_g42981498,Associacio Xarxa Audivosual Comunit,Associacio Xarxa Audivosual Comunit,prensa,privada,auto_nif,
nif_a08186249,"Editorial Planeta, S.A.","Editorial Planeta, S.A.",prensa,privada,auto_nif,
nif_g63494009,La Rella.iniciatives Socioculturals,La Rella.iniciatives Socioculturals,prensa,privada,auto_nif,
nif_b10512879,"Ediciones Ingobernables, S.L.","Ediciones Ingobernables, S.L.",prensa,privada,auto_nif,
nif_a82815200,"Letras Libres Internacional, S.A.","Letras Libres Internacional, S.A.",prensa,privada,auto_nif,
nif_b31658305,Herritar Berri SLU,Herritar Berri SLU,prensa,privada,auto_nif,
nif_b87855045,"Editorial Gamereport, Sociedad Limitada","Editorial Gamereport, Sociedad Limitada",prensa,privada,auto_nif,
nif_b97690622,"Teatro de Lo Inestable de Valencia, SL","Teatro de Lo Inestable de Valencia, SL",prensa,privada,auto_nif,
nif_g71447072,Fundacion Merindad/merindad Fundazioa,Fundacion Merindad/merindad Fundazioa,prensa,privada,auto_nif,
nif_b55762710,Comunicacions Locals 2020 SL,Comunicacions Locals 2020 SL,prensa,privada,auto_nif,
nif_g10382851,Fundación Re Bross,Fundación Re Bross,prensa,privada,auto_nif,
nif_b02858371,"Personas Comunicación y Publicidad, S.L.","Personas Comunicación y Publicidad, S.L.",prensa,privada,auto_nif,
nif_b70077995,Arrincamos SL,Arrincamos SL,prensa,privada,auto_nif,
nif_b17969536,"Bacula Editors, SL","Bacula Editors, SL",prensa,privada,auto_nif,
nif_g39101241,Asoc Cultural Peonza,Asoc Cultural Peonza,prensa,privada,auto_nif,
nif_g71211635,Asociacion Mintza Komunikazio Elkartea,Asociacion Mintza Komunikazio Elkartea,prensa,privada,auto_nif,
nif_g28879724,Asoc de Directores de Escena,Asoc de Directores de Escena,prensa,privada,auto_nif,
nif_g28852374,Fundacion Sistema,Fundacion Sistema,prensa,privada,auto_nif,
nif_b76768910,Radio Blanca S.A.,Radio Blanca S.A.,radio,privada,auto_nif,
nif_b01797554,"Editorial Ballena Blanca, S.L.","Editorial Ballena Blanca, S.L.",prensa,privada,auto_nif,
nif_b26224550,"Radio Difusión, S.L.","Radio Difusión, S.L.",radio,privada,auto_nif,
nif_g16514093,Associacio Cultural Bona Pau de Montuiri,Associacio Cultural Bona Pau de Montuiri,prensa,privada,auto_nif,
nif_b72777048,Laboratori d'idees Metropolitanes SL,Laboratori d'idees Metropolitanes SL,prensa,privada,auto_nif,
nif_b17803958,"Mass Media Ripolles, S.L.","Mass Media Ripolles, S.L.",prensa,privada,auto_nif,
nif_b90459934,Isla de Nabumbu Sociedad Limitada,Isla de Nabumbu Sociedad Limitada,prensa,privada,auto_nif,
nif_b82817453,Conarquitectura Ediciones SL,Conarquitectura Ediciones SL,prensa,privada,auto_nif,
nif_b16611477,"Formentera Ràdio, SL","Formentera Ràdio, SL",radio,privada,auto_nif,
nif_g61740627,Fundacio Privada Marianao (casal Infantil i Juvenil de Marianao),Fundacio Privada Marianao (casal Infantil i Juvenil de Marianao),prensa,privada,auto_nif,
nif_g33744376,Centro de Iniciativas Culturales y Estudios Economicos y Sociales Cicees (cicees),Centro de Iniciativas Culturales y Estudios Economicos y Sociales Cicees (cicees),prensa,privada,auto_nif,
nif_g28419679,Fundación Hogar del Empleado,Fundación Hogar del Empleado,prensa,privada,auto_nif,
nif_g78054103,Fundación Francisco Giner de los Ríos,Fundación Francisco Giner de los Ríos,prensa,privada,auto_nif,
nif_b64801327,"Centipede Films, S.L.","Centipede Films, S.L.",prensa,privada,auto_nif,
nif_g67542662,Associacio Informadors del Maresme,Associacio Informadors del Maresme,prensa,privada,auto_nif,
nif_b42945683,Rocadama S.L.,Rocadama S.L.,prensa,privada,auto_nif,
nif_g07566839,Agrupacio Cultural de Porreres.,Agrupacio Cultural de Porreres.,prensa,privada,auto_nif,
nif_f16754830,"Metropolitan Radio y Podcast, S.coop.","Metropolitan Radio y Podcast, S.coop.",radio,privada,auto_nif,
nif_g05474028,Ass.cult. Popular Tradicional Ppcc,Ass.cult. Popular Tradicional Ppcc,prensa,privada,auto_nif,
nif_b65637985,Grupo Editorial Belgrado 76 SL,Grupo Editorial Belgrado 76 SL,prensa,privada,auto_nif,
nif_g86957503,Asoc Academia de las Artes Escenicas de España,Asoc Academia de las Artes Escenicas de España,prensa,privada,auto_nif,
loc_salamanca24horas,Salamanca24horas,Salamanca24horas,digital,privada,auto_nombre,Medio identificado por el nombre en la publicidad institucional territorial.
loc_tribuna_digital,Tribuna Digital,Tribuna Digital,digital,privada,auto_nombre,Medio identificado por el nombre en la publicidad institucional territorial.
loc_linia_diverses_edicions,LÍNIA (diverses edicions),LÍNIA (diverses edicions),prensa,privada,auto_nombre,Medio identificado por el nombre en la publicidad institucional territorial.
loc_sapiens,Sàpiens,Sàpiens,prensa,privada,auto_nombre,Medio identificado por el nombre en la publicidad institucional territorial.
loc_descobrir,Descobrir,Descobrir,prensa,privada,auto_nombre,Medio identificado por el nombre en la publicidad institucional territorial.
loc_zamora24horas,Zamora24horas,Zamora24horas,digital,privada,auto_nombre,Medio identificado por el nombre en la publicidad institucional territorial.
loc_mes_tarragona,Més Tarragona,Més Tarragona,prensa,privada,auto_nombre,Medio identificado por el nombre en la publicidad institucional territorial.
loc_gente,Gente,Gente,prensa,privada,auto_nombre,Medio identificado por el nombre en la publicidad institucional territorial.
loc_ileon_com,iLeon.com,iLeon.com,digital,privada,auto_nombre,Medio identificado por el nombre en la publicidad institucional territorial.
loc_manana_la,La Mañana,La Mañana,prensa,privada,auto_nombre,Medio identificado por el nombre en la publicidad institucional territorial.
loc_castilla_y_leon_economica,Castilla y León Económica,Castilla y León Económica,prensa,privada,auto_nombre,Medio identificado por el nombre en la publicidad institucional territorial.
loc_infobierzo,InfoBierzo,InfoBierzo,digital,privada,auto_nombre,Medio identificado por el nombre en la publicidad institucional territorial.
loc_xarxa_la_tv,"Xarxa, la (tv)","Xarxa, la (tv)",tv,publica,auto_nombre,Medio identificado por el nombre en la publicidad institucional territorial.
loc_diariodigitalleon,DiarioDigitalLeón,DiarioDigitalLeón,digital,privada,auto_nombre,Medio identificado por el nombre en la publicidad institucional territorial.
loc_esportiu_l,L' Esportiu,L' Esportiu,prensa,privada,auto_nombre,Medio identificado por el nombre en la publicidad institucional territorial.
loc_canal54,Canal54,Canal54,prensa,privada,auto_nombre,Medio identificado por el nombre en la publicidad institucional territorial.
loc_bierzodigital,BierzoDigital,BierzoDigital,digital,privada,auto_nombre,Medio identificado por el nombre en la publicidad institucional territorial.
loc_salamancartvcyl,SalamancaRTVCyL,SalamancaRTVCyL,prensa,privada,auto_nombre,Medio identificado por el nombre en la publicidad institucional territorial.
loc_diari_de_sabadell,Diari de Sabadell,Diari de Sabadell,prensa,privada,auto_nombre,Medio identificado por el nombre en la publicidad institucional territorial.
loc_petit_sapiens,Petit Sàpiens,Petit Sàpiens,prensa,privada,auto_nombre,Medio identificado por el nombre en la publicidad institucional territorial.
loc_sorianoticias,SoriaNoticias,SoriaNoticias,prensa,privada,auto_nombre,Medio identificado por el nombre en la publicidad institucional territorial.
loc_viaempresa,Viaempresa,Viaempresa,prensa,privada,auto_nombre,Medio identificado por el nombre en la publicidad institucional territorial.
loc_hoy_aragon,Hoy Aragón,Hoy Aragón,prensa,privada,auto_nombre,Medio identificado por el nombre en la publicidad institucional territorial.
loc_btv,Btv,Btv,tv,publica,auto_nombre,Medio identificado por el nombre en la publicidad institucional territorial.
loc_el9nou,El 9 Nou,El9nou,prensa,privada,auto_nombre,Medio identificado por el nombre en la publicidad institucional territorial.
loc_diari_de_terrassa,Diari de Terrassa,Diari de Terrassa,prensa,privada,auto_nombre,Medio identificado por el nombre en la publicidad institucional territorial.
loc_enderrock,Enderrock,Enderrock,prensa,privada,auto_nombre,Medio identificado por el nombre en la publicidad institucional territorial.
loc_burgosnoticias,BurgosNoticias,BurgosNoticias,prensa,privada,auto_nombre,Medio identificado por el nombre en la publicidad institucional territorial.
loc_larepublica,Larepublica,Larepublica,prensa,privada,auto_nombre,Medio identificado por el nombre en la publicidad institucional territorial.
loc_racocatala,Racocatala,Racocatala,prensa,privada,auto_nombre,Medio identificado por el nombre en la publicidad institucional territorial.
loc_canal_taronja_tv,Canal Taronja TV,Canal Taronja TV,tv,privada,auto_nombre,Medio identificado por el nombre en la publicidad institucional territorial.
loc_lamanyana,Lamanyana,Lamanyana,prensa,privada,auto_nombre,Medio identificado por el nombre en la publicidad institucional territorial.
loc_zamoranews,ZamoraNews,ZamoraNews,digital,privada,auto_nombre,Medio identificado por el nombre en la publicidad institucional territorial.
loc_gaceta_negocios,Gaceta Negocios,Gaceta Negocios,prensa,privada,auto_nombre,Medio identificado por el nombre en la publicidad institucional territorial.
loc_avila_red,Ávila Red,Ávila Red,prensa,privada,auto_nombre,Medio identificado por el nombre en la publicidad institucional territorial.
loc_nuvol,Núvol,Núvol,prensa,privada,auto_nombre,Medio identificado por el nombre en la publicidad institucional territorial.
loc_cronicasalamanca,Crónicasalamanca,Crónicasalamanca,prensa,privada,auto_nombre,Medio identificado por el nombre en la publicidad institucional territorial.
loc_cavall_fort,Cavall Fort,Cavall Fort,prensa,privada,auto_nombre,Medio identificado por el nombre en la publicidad institucional territorial.
loc_bizkaia_irratia,Bizkaia Irratia,Bizkaia Irratia,radio,privada,auto_nombre,Medio identificado por el nombre en la publicidad institucional territorial.
loc_thenewbarcelonapost,Thenewbarcelonapost,Thenewbarcelonapost,prensa,privada,auto_nombre,Medio identificado por el nombre en la publicidad institucional territorial.
loc_desdesoria,DesdeSoria,DesdeSoria,prensa,privada,auto_nombre,Medio identificado por el nombre en la publicidad institucional territorial.
loc_aragon_digital,Aragón Digital,Aragón Digital,digital,privada,auto_nombre,Medio identificado por el nombre en la publicidad institucional territorial.
loc_radio_u_a_1_lleida,Ràdio U-a-1 Lleida,Ràdio U-a-1 Lleida,radio,privada,auto_nombre,Medio identificado por el nombre en la publicidad institucional territorial.
loc_republica_la,La República,La República,prensa,privada,auto_nombre,Medio identificado por el nombre en la publicidad institucional territorial.
loc_radio_estel,Ràdio Estel,Ràdio Estel,radio,privada,auto_nombre,Medio identificado por el nombre en la publicidad institucional territorial.
loc_cyl_mundo,CyL Mundo,CyL Mundo,prensa,privada,auto_nombre,Medio identificado por el nombre en la publicidad institucional territorial.
loc_ag_actualidad_rural,Ag Actualidad Rural,Ag Actualidad Rural,prensa,privada,auto_nombre,Medio identificado por el nombre en la publicidad institucional territorial.
loc_tele_medina_tdt,Tele Medina TDT,Tele Medina TDT,tv,privada,auto_nombre,Medio identificado por el nombre en la publicidad institucional territorial.
loc_hosteltur,Hosteltur,Hosteltur,prensa,privada,auto_nombre,Medio identificado por el nombre en la publicidad institucional territorial.
loc_television_benavente_tdt,Televisión Benavente TDT,Televisión Benavente TDT,tv,privada,auto_nombre,Medio identificado por el nombre en la publicidad institucional territorial.
loc_radio_la_comarca,Radio la Comarca,Radio la Comarca,radio,privada,auto_nombre,Medio identificado por el nombre en la publicidad institucional territorial.
loc_totbarcelona,Totbarcelona,Totbarcelona,prensa,privada,auto_nombre,Medio identificado por el nombre en la publicidad institucional territorial.
loc_ebro_fm,Ebro FM,Ebro FM,radio,privada,auto_nombre,Medio identificado por el nombre en la publicidad institucional territorial.
ochomadrid,8Madrid,8Madrid,tv,privada,curado,Añadido 2026-10-04 para los planes de medios de la Comunidad de Madrid y Canal de Isabel II.
toro_tv,El Toro TV,El Toro TV,tv,privada,curado,Añadido 2026-10-04 para los planes de medios de la Comunidad de Madrid y Canal de Isabel II.
canal33_madrid,Canal 33 Madrid,Canal 33 Madrid,tv,privada,curado,Añadido 2026-10-04 para los planes de medios de la Comunidad de Madrid y Canal de Isabel II.
tv_digital_madrid,TV Digital Madrid,TV Digital Madrid,tv,privada,curado,Añadido 2026-10-04 para los planes de medios de la Comunidad de Madrid y Canal de Isabel II.
merca2,Merca2,Merca2,digital,privada,curado,Añadido 2026-10-04 para los planes de medios de la Comunidad de Madrid y Canal de Isabel II.
que_es,Qué! (que.es),Qué!,digital,privada,curado,Añadido 2026-10-04 para los planes de medios de la Comunidad de Madrid y Canal de Isabel II.
el_imparcial,El Imparcial,El Imparcial,digital,privada,curado,Añadido 2026-10-04 para los planes de medios de la Comunidad de Madrid y Canal de Isabel II.
el_plural,ElPlural.com,ElPlural.com,digital,privada,curado,Añadido 2026-10-04 para los planes de medios de la Comunidad de Madrid y Canal de Isabel II.
soy_de,Soy De (ediciones de Madrid),Soy De,prensa,privada,curado,Añadido 2026-10-04 para los planes de medios de la Comunidad de Madrid y Canal de Isabel II.
periodico_espana,El Periódico de España,Prensa Ibérica,prensa,privada,curado,Añadido 2026-10-04 para los planes de medios de la Comunidad de Madrid y Canal de Isabel II.
niusdiario,Niusdiario,Mediaset España,digital,privada,curado,Añadido 2026-10-04 para los planes de medios de la Comunidad de Madrid y Canal de Isabel II.
madrid365,Madrid 365,Madrid 365,digital,privada,curado,Añadido 2026-10-04 para los planes de medios de la Comunidad de Madrid y Canal de Isabel II.
moncloa_com,Moncloa.com,Moncloa.com,digital,privada,curado,Añadido 2026-10-04 para los planes de medios de la Comunidad de Madrid y Canal de Isabel II.
el_liberal,El Liberal,El Liberal,digital,privada,curado,Añadido 2026-10-04 para los planes de medios de la Comunidad de Madrid y Canal de Isabel II.
el_cierre_digital,El Cierre Digital,El Cierre Digital,digital,privada,curado,Añadido 2026-10-04 para los planes de medios de la Comunidad de Madrid y Canal de Isabel II.
edatv,EDATV,EDATV,digital,privada,curado,Añadido 2026-10-04 para los planes de medios de la Comunidad de Madrid y Canal de Isabel II.
