anio,medio,inversion_meur,metodologia,edicion,fuente
2022,cine,21.1,controlados,2025,"InfoAdex, Estudio de la inversión publicitaria en España 2025 (resumen público), tabla «Inversión real estimada (en millones de euros)»: https://infoadex.es/wp-content/uploads/2025/02/Resumen-Estudio-InfoAdex-2025OK.pdf"
2022,diarios_dominicales,824.4,controlados,2025,"InfoAdex, Estudio de la inversión publicitaria en España 2025 (resumen público), tabla «Inversión real estimada (en millones de euros)»: https://infoadex.es/wp-content/uploads/2025/02/Resumen-Estudio-InfoAdex-2025OK.pdf"
2022,exterior,350.2,controlados,2025,"InfoAdex, Estudio de la inversión publicitaria en España 2025 (resumen público), tabla «Inversión real estimada (en millones de euros)»: https://infoadex.es/wp-content/uploads/2025/02/Resumen-Estudio-InfoAdex-2025OK.pdf"
2022,gran_total,12274.7,controlados,2026,"InfoAdex, Estudio de la inversión publicitaria en España 2026 (resumen público), tabla «Inversión real estimada (en millones de euros)»: https://media.timtul.com/media/lafede/Resumen%20Estudio%20de%20Inversiones%202026_20260211151142.pdf"
2022,radio_audio,572.5,controlados,2025,"InfoAdex, Estudio de la inversión publicitaria en España 2025 (resumen público), tabla «Inversión real estimada (en millones de euros)»: https://infoadex.es/wp-content/uploads/2025/02/Resumen-Estudio-InfoAdex-2025OK.pdf"
2022,redes_sociales,727.4,controlados,2025,"InfoAdex, Estudio de la inversión publicitaria en España 2025 (resumen público), tabla «Inversión real estimada (en millones de euros)»: https://infoadex.es/wp-content/uploads/2025/02/Resumen-Estudio-InfoAdex-2025OK.pdf"
2022,revistas,190.6,controlados,2025,"InfoAdex, Estudio de la inversión publicitaria en España 2025 (resumen público), tabla «Inversión real estimada (en millones de euros)»: https://infoadex.es/wp-content/uploads/2025/02/Resumen-Estudio-InfoAdex-2025OK.pdf"
2022,search,926.5,controlados,2025,"InfoAdex, Estudio de la inversión publicitaria en España 2025 (resumen público), tabla «Inversión real estimada (en millones de euros)»: https://infoadex.es/wp-content/uploads/2025/02/Resumen-Estudio-InfoAdex-2025OK.pdf"
2022,subtotal_controlados,5754.0,controlados,2025,"InfoAdex, Estudio de la inversión publicitaria en España 2025 (resumen público), tabla «Inversión real estimada (en millones de euros)»: https://infoadex.es/wp-content/uploads/2025/02/Resumen-Estudio-InfoAdex-2025OK.pdf"
2022,subtotal_estimados,6520.7,controlados,2026,"InfoAdex, Estudio de la inversión publicitaria en España 2026 (resumen público), tabla «Inversión real estimada (en millones de euros)»: https://media.timtul.com/media/lafede/Resumen%20Estudio%20de%20Inversiones%202026_20260211151142.pdf"
2022,television,1797.4,controlados,2025,"InfoAdex, Estudio de la inversión publicitaria en España 2025 (resumen público), tabla «Inversión real estimada (en millones de euros)»: https://infoadex.es/wp-content/uploads/2025/02/Resumen-Estudio-InfoAdex-2025OK.pdf"
2022,websites,343.8,controlados,2025,"InfoAdex, Estudio de la inversión publicitaria en España 2025 (resumen público), tabla «Inversión real estimada (en millones de euros)»: https://infoadex.es/wp-content/uploads/2025/02/Resumen-Estudio-InfoAdex-2025OK.pdf"
2023,cine,20.5,controlados,2025,"InfoAdex, Estudio de la inversión publicitaria en España 2025 (resumen público), tabla «Inversión real estimada (en millones de euros)»: https://infoadex.es/wp-content/uploads/2025/02/Resumen-Estudio-InfoAdex-2025OK.pdf"
2023,diarios_dominicales,778.0,controlados,2025,"InfoAdex, Estudio de la inversión publicitaria en España 2025 (resumen público), tabla «Inversión real estimada (en millones de euros)»: https://infoadex.es/wp-content/uploads/2025/02/Resumen-Estudio-InfoAdex-2025OK.pdf"
2023,exterior,406.7,controlados,2025,"InfoAdex, Estudio de la inversión publicitaria en España 2025 (resumen público), tabla «Inversión real estimada (en millones de euros)»: https://infoadex.es/wp-content/uploads/2025/02/Resumen-Estudio-InfoAdex-2025OK.pdf"
2023,gran_total,12603.3,controlados,2026,"InfoAdex, Estudio de la inversión publicitaria en España 2026 (resumen público), tabla «Inversión real estimada (en millones de euros)»: https://media.timtul.com/media/lafede/Resumen%20Estudio%20de%20Inversiones%202026_20260211151142.pdf"
2023,radio_audio,535.4,controlados,2025,"InfoAdex, Estudio de la inversión publicitaria en España 2025 (resumen público), tabla «Inversión real estimada (en millones de euros)»: https://infoadex.es/wp-content/uploads/2025/02/Resumen-Estudio-InfoAdex-2025OK.pdf"
2023,redes_sociales,789.3,controlados,2025,"InfoAdex, Estudio de la inversión publicitaria en España 2025 (resumen público), tabla «Inversión real estimada (en millones de euros)»: https://infoadex.es/wp-content/uploads/2025/02/Resumen-Estudio-InfoAdex-2025OK.pdf"
2023,revistas,210.7,controlados,2025,"InfoAdex, Estudio de la inversión publicitaria en España 2025 (resumen público), tabla «Inversión real estimada (en millones de euros)»: https://infoadex.es/wp-content/uploads/2025/02/Resumen-Estudio-InfoAdex-2025OK.pdf"
2023,search,951.5,controlados,2025,"InfoAdex, Estudio de la inversión publicitaria en España 2025 (resumen público), tabla «Inversión real estimada (en millones de euros)»: https://infoadex.es/wp-content/uploads/2025/02/Resumen-Estudio-InfoAdex-2025OK.pdf"
2023,subtotal_controlados,5938.5,controlados,2025,"InfoAdex, Estudio de la inversión publicitaria en España 2025 (resumen público), tabla «Inversión real estimada (en millones de euros)»: https://infoadex.es/wp-content/uploads/2025/02/Resumen-Estudio-InfoAdex-2025OK.pdf"
2023,subtotal_estimados,6664.7,controlados,2026,"InfoAdex, Estudio de la inversión publicitaria en España 2026 (resumen público), tabla «Inversión real estimada (en millones de euros)»: https://media.timtul.com/media/lafede/Resumen%20Estudio%20de%20Inversiones%202026_20260211151142.pdf"
2023,television,1819.6,controlados,2025,"InfoAdex, Estudio de la inversión publicitaria en España 2025 (resumen público), tabla «Inversión real estimada (en millones de euros)»: https://infoadex.es/wp-content/uploads/2025/02/Resumen-Estudio-InfoAdex-2025OK.pdf"
2023,websites,426.9,controlados,2025,"InfoAdex, Estudio de la inversión publicitaria en España 2025 (resumen público), tabla «Inversión real estimada (en millones de euros)»: https://infoadex.es/wp-content/uploads/2025/02/Resumen-Estudio-InfoAdex-2025OK.pdf"
2024,cine,23.5,controlados,2026,"InfoAdex, Estudio de la inversión publicitaria en España 2026 (resumen público), tabla «Inversión real estimada (en millones de euros)»: https://media.timtul.com/media/lafede/Resumen%20Estudio%20de%20Inversiones%202026_20260211151142.pdf"
2024,diarios_dominicales,749.0,controlados,2026,"InfoAdex, Estudio de la inversión publicitaria en España 2026 (resumen público), tabla «Inversión real estimada (en millones de euros)»: https://media.timtul.com/media/lafede/Resumen%20Estudio%20de%20Inversiones%202026_20260211151142.pdf"
2024,diarios_dominicales_digital,409.7,controlados,2025,"InfoAdex, Estudio de la inversión publicitaria en España 2025 (resumen público), tabla «Inversión real estimada (en millones de euros)»: https://infoadex.es/wp-content/uploads/2025/02/Resumen-Estudio-InfoAdex-2025OK.pdf"
2024,diarios_dominicales_papel,339.4,controlados,2025,"InfoAdex, Estudio de la inversión publicitaria en España 2025 (resumen público), tabla «Inversión real estimada (en millones de euros)»: https://infoadex.es/wp-content/uploads/2025/02/Resumen-Estudio-InfoAdex-2025OK.pdf"
2024,exterior,431.7,controlados,2026,"InfoAdex, Estudio de la inversión publicitaria en España 2026 (resumen público), tabla «Inversión real estimada (en millones de euros)»: https://media.timtul.com/media/lafede/Resumen%20Estudio%20de%20Inversiones%202026_20260211151142.pdf"
2024,gran_total,13081.8,controlados,2026,"InfoAdex, Estudio de la inversión publicitaria en España 2026 (resumen público), tabla «Inversión real estimada (en millones de euros)»: https://media.timtul.com/media/lafede/Resumen%20Estudio%20de%20Inversiones%202026_20260211151142.pdf"
2024,radio_audio,575.4,controlados,2026,"InfoAdex, Estudio de la inversión publicitaria en España 2026 (resumen público), tabla «Inversión real estimada (en millones de euros)»: https://media.timtul.com/media/lafede/Resumen%20Estudio%20de%20Inversiones%202026_20260211151142.pdf"
2024,redes_sociales,856.3,controlados,2026,"InfoAdex, Estudio de la inversión publicitaria en España 2026 (resumen público), tabla «Inversión real estimada (en millones de euros)»: https://media.timtul.com/media/lafede/Resumen%20Estudio%20de%20Inversiones%202026_20260211151142.pdf"
2024,revistas,214.2,controlados,2026,"InfoAdex, Estudio de la inversión publicitaria en España 2026 (resumen público), tabla «Inversión real estimada (en millones de euros)»: https://media.timtul.com/media/lafede/Resumen%20Estudio%20de%20Inversiones%202026_20260211151142.pdf"
2024,search,977.2,controlados,2026,"InfoAdex, Estudio de la inversión publicitaria en España 2026 (resumen público), tabla «Inversión real estimada (en millones de euros)»: https://media.timtul.com/media/lafede/Resumen%20Estudio%20de%20Inversiones%202026_20260211151142.pdf"
2024,subtotal_controlados,6208.6,controlados,2026,"InfoAdex, Estudio de la inversión publicitaria en España 2026 (resumen público), tabla «Inversión real estimada (en millones de euros)»: https://media.timtul.com/media/lafede/Resumen%20Estudio%20de%20Inversiones%202026_20260211151142.pdf"
2024,subtotal_estimados,6873.2,controlados,2026,"InfoAdex, Estudio de la inversión publicitaria en España 2026 (resumen público), tabla «Inversión real estimada (en millones de euros)»: https://media.timtul.com/media/lafede/Resumen%20Estudio%20de%20Inversiones%202026_20260211151142.pdf"
2024,television,1867.1,controlados,2026,"InfoAdex, Estudio de la inversión publicitaria en España 2026 (resumen público), tabla «Inversión real estimada (en millones de euros)»: https://media.timtul.com/media/lafede/Resumen%20Estudio%20de%20Inversiones%202026_20260211151142.pdf"
2024,websites,514.0,controlados,2026,"InfoAdex, Estudio de la inversión publicitaria en España 2026 (resumen público), tabla «Inversión real estimada (en millones de euros)»: https://media.timtul.com/media/lafede/Resumen%20Estudio%20de%20Inversiones%202026_20260211151142.pdf"
2025,cine,25.0,controlados,2026,"InfoAdex, Estudio de la inversión publicitaria en España 2026 (resumen público), tabla «Inversión real estimada (en millones de euros)»: https://media.timtul.com/media/lafede/Resumen%20Estudio%20de%20Inversiones%202026_20260211151142.pdf"
2025,diarios_dominicales,750.1,controlados,2026,"InfoAdex, Estudio de la inversión publicitaria en España 2026 (resumen público), tabla «Inversión real estimada (en millones de euros)»: https://media.timtul.com/media/lafede/Resumen%20Estudio%20de%20Inversiones%202026_20260211151142.pdf"
2025,diarios_dominicales_digital,412.5,controlados,2026,"InfoAdex, Estudio de la inversión publicitaria en España 2026 (resumen público), tabla «Inversión real estimada (en millones de euros)»: https://media.timtul.com/media/lafede/Resumen%20Estudio%20de%20Inversiones%202026_20260211151142.pdf"
2025,diarios_dominicales_papel,337.6,controlados,2026,"InfoAdex, Estudio de la inversión publicitaria en España 2026 (resumen público), tabla «Inversión real estimada (en millones de euros)»: https://media.timtul.com/media/lafede/Resumen%20Estudio%20de%20Inversiones%202026_20260211151142.pdf"
2025,exterior,460.5,controlados,2026,"InfoAdex, Estudio de la inversión publicitaria en España 2026 (resumen público), tabla «Inversión real estimada (en millones de euros)»: https://media.timtul.com/media/lafede/Resumen%20Estudio%20de%20Inversiones%202026_20260211151142.pdf"
2025,gran_total,12745.4,controlados,2026,"InfoAdex, Estudio de la inversión publicitaria en España 2026 (resumen público), tabla «Inversión real estimada (en millones de euros)»: https://media.timtul.com/media/lafede/Resumen%20Estudio%20de%20Inversiones%202026_20260211151142.pdf"
2025,radio_audio,590.2,controlados,2026,"InfoAdex, Estudio de la inversión publicitaria en España 2026 (resumen público), tabla «Inversión real estimada (en millones de euros)»: https://media.timtul.com/media/lafede/Resumen%20Estudio%20de%20Inversiones%202026_20260211151142.pdf"
2025,redes_sociales,880.6,controlados,2026,"InfoAdex, Estudio de la inversión publicitaria en España 2026 (resumen público), tabla «Inversión real estimada (en millones de euros)»: https://media.timtul.com/media/lafede/Resumen%20Estudio%20de%20Inversiones%202026_20260211151142.pdf"
2025,revistas,216.3,controlados,2026,"InfoAdex, Estudio de la inversión publicitaria en España 2026 (resumen público), tabla «Inversión real estimada (en millones de euros)»: https://media.timtul.com/media/lafede/Resumen%20Estudio%20de%20Inversiones%202026_20260211151142.pdf"
2025,search,1000.9,controlados,2026,"InfoAdex, Estudio de la inversión publicitaria en España 2026 (resumen público), tabla «Inversión real estimada (en millones de euros)»: https://media.timtul.com/media/lafede/Resumen%20Estudio%20de%20Inversiones%202026_20260211151142.pdf"
2025,subtotal_controlados,6267.0,controlados,2026,"InfoAdex, Estudio de la inversión publicitaria en España 2026 (resumen público), tabla «Inversión real estimada (en millones de euros)»: https://media.timtul.com/media/lafede/Resumen%20Estudio%20de%20Inversiones%202026_20260211151142.pdf"
2025,subtotal_estimados,6478.4,controlados,2026,"InfoAdex, Estudio de la inversión publicitaria en España 2026 (resumen público), tabla «Inversión real estimada (en millones de euros)»: https://media.timtul.com/media/lafede/Resumen%20Estudio%20de%20Inversiones%202026_20260211151142.pdf"
2025,television,1784.4,controlados,2026,"InfoAdex, Estudio de la inversión publicitaria en España 2026 (resumen público), tabla «Inversión real estimada (en millones de euros)»: https://media.timtul.com/media/lafede/Resumen%20Estudio%20de%20Inversiones%202026_20260211151142.pdf"
2025,websites,559.0,controlados,2026,"InfoAdex, Estudio de la inversión publicitaria en España 2026 (resumen público), tabla «Inversión real estimada (en millones de euros)»: https://media.timtul.com/media/lafede/Resumen%20Estudio%20de%20Inversiones%202026_20260211151142.pdf"
2004,cine,40.7,convencionales,2010,"InfoAdex, Estudio de la inversión publicitaria en España 2010 (resumen público), tabla «Inversión real estimada (en millones de euros)»: https://www.infoadex.es/home/wp-content/uploads/2017/12/RESUMEN-2010.pdf"
2004,diarios,1583.7,convencionales,2010,"InfoAdex, Estudio de la inversión publicitaria en España 2010 (resumen público), tabla «Inversión real estimada (en millones de euros)»: https://www.infoadex.es/home/wp-content/uploads/2017/12/RESUMEN-2010.pdf"
2004,dominicales,110.0,convencionales,2010,"InfoAdex, Estudio de la inversión publicitaria en España 2010 (resumen público), tabla «Inversión real estimada (en millones de euros)»: https://www.infoadex.es/home/wp-content/uploads/2017/12/RESUMEN-2010.pdf"
2004,exterior,474.3,convencionales,2010,"InfoAdex, Estudio de la inversión publicitaria en España 2010 (resumen público), tabla «Inversión real estimada (en millones de euros)»: https://www.infoadex.es/home/wp-content/uploads/2017/12/RESUMEN-2010.pdf"
2004,gran_total,12871.4,convencionales,2010,"InfoAdex, Estudio de la inversión publicitaria en España 2010 (resumen público), tabla «Inversión real estimada (en millones de euros)»: https://www.infoadex.es/home/wp-content/uploads/2017/12/RESUMEN-2010.pdf"
2004,internet,94.6,convencionales,2010,"InfoAdex, Estudio de la inversión publicitaria en España 2010 (resumen público), tabla «Inversión real estimada (en millones de euros)»: https://www.infoadex.es/home/wp-content/uploads/2017/12/RESUMEN-2010.pdf"
2004,radio,540.2,convencionales,2010,"InfoAdex, Estudio de la inversión publicitaria en España 2010 (resumen público), tabla «Inversión real estimada (en millones de euros)»: https://www.infoadex.es/home/wp-content/uploads/2017/12/RESUMEN-2010.pdf"
2004,revistas,664.3,convencionales,2010,"InfoAdex, Estudio de la inversión publicitaria en España 2010 (resumen público), tabla «Inversión real estimada (en millones de euros)»: https://www.infoadex.es/home/wp-content/uploads/2017/12/RESUMEN-2010.pdf"
2004,subtotal_controlados,6177.8,convencionales,2010,"InfoAdex, Estudio de la inversión publicitaria en España 2010 (resumen público), tabla «Inversión real estimada (en millones de euros)»: https://www.infoadex.es/home/wp-content/uploads/2017/12/RESUMEN-2010.pdf"
2004,subtotal_estimados,6693.6,convencionales,2010,"InfoAdex, Estudio de la inversión publicitaria en España 2010 (resumen público), tabla «Inversión real estimada (en millones de euros)»: https://www.infoadex.es/home/wp-content/uploads/2017/12/RESUMEN-2010.pdf"
2004,television,2669.9,convencionales,2010,"InfoAdex, Estudio de la inversión publicitaria en España 2010 (resumen público), tabla «Inversión real estimada (en millones de euros)»: https://www.infoadex.es/home/wp-content/uploads/2017/12/RESUMEN-2010.pdf"
2005,cine,42.9,convencionales,2012,"InfoAdex, Estudio de la inversión publicitaria en España 2012 (resumen público), tabla «Inversión real estimada (en millones de euros)»: https://www.infoadex.es/home/wp-content/uploads/2017/12/RESUMEN-2012.pdf"
2005,diarios,1666.4,convencionales,2012,"InfoAdex, Estudio de la inversión publicitaria en España 2012 (resumen público), tabla «Inversión real estimada (en millones de euros)»: https://www.infoadex.es/home/wp-content/uploads/2017/12/RESUMEN-2012.pdf"
2005,dominicales,119.3,convencionales,2012,"InfoAdex, Estudio de la inversión publicitaria en España 2012 (resumen público), tabla «Inversión real estimada (en millones de euros)»: https://www.infoadex.es/home/wp-content/uploads/2017/12/RESUMEN-2012.pdf"
2005,exterior,493.9,convencionales,2012,"InfoAdex, Estudio de la inversión publicitaria en España 2012 (resumen público), tabla «Inversión real estimada (en millones de euros)»: https://www.infoadex.es/home/wp-content/uploads/2017/12/RESUMEN-2012.pdf"
2005,gran_total,13785.5,convencionales,2010,"InfoAdex, Estudio de la inversión publicitaria en España 2010 (resumen público), tabla «Inversión real estimada (en millones de euros)»: https://www.infoadex.es/home/wp-content/uploads/2017/12/RESUMEN-2010.pdf"
2005,internet,162.4,convencionales,2012,"InfoAdex, Estudio de la inversión publicitaria en España 2012 (resumen público), tabla «Inversión real estimada (en millones de euros)»: https://www.infoadex.es/home/wp-content/uploads/2017/12/RESUMEN-2012.pdf"
2005,radio,609.9,convencionales,2012,"InfoAdex, Estudio de la inversión publicitaria en España 2012 (resumen público), tabla «Inversión real estimada (en millones de euros)»: https://www.infoadex.es/home/wp-content/uploads/2017/12/RESUMEN-2012.pdf"
2005,revistas,674.6,convencionales,2012,"InfoAdex, Estudio de la inversión publicitaria en España 2012 (resumen público), tabla «Inversión real estimada (en millones de euros)»: https://www.infoadex.es/home/wp-content/uploads/2017/12/RESUMEN-2012.pdf"
2005,subtotal_controlados,6720.7,convencionales,2010,"InfoAdex, Estudio de la inversión publicitaria en España 2010 (resumen público), tabla «Inversión real estimada (en millones de euros)»: https://www.infoadex.es/home/wp-content/uploads/2017/12/RESUMEN-2010.pdf"
2005,subtotal_estimados,7064.8,convencionales,2010,"InfoAdex, Estudio de la inversión publicitaria en España 2010 (resumen público), tabla «Inversión real estimada (en millones de euros)»: https://www.infoadex.es/home/wp-content/uploads/2017/12/RESUMEN-2010.pdf"
2005,television,2951.4,convencionales,2012,"InfoAdex, Estudio de la inversión publicitaria en España 2012 (resumen público), tabla «Inversión real estimada (en millones de euros)»: https://www.infoadex.es/home/wp-content/uploads/2017/12/RESUMEN-2012.pdf"
2006,cine,40.6,convencionales,2012,"InfoAdex, Estudio de la inversión publicitaria en España 2012 (resumen público), tabla «Inversión real estimada (en millones de euros)»: https://www.infoadex.es/home/wp-content/uploads/2017/12/RESUMEN-2012.pdf"
2006,diarios,1790.5,convencionales,2012,"InfoAdex, Estudio de la inversión publicitaria en España 2012 (resumen público), tabla «Inversión real estimada (en millones de euros)»: https://www.infoadex.es/home/wp-content/uploads/2017/12/RESUMEN-2012.pdf"
2006,dominicales,123.2,convencionales,2012,"InfoAdex, Estudio de la inversión publicitaria en España 2012 (resumen público), tabla «Inversión real estimada (en millones de euros)»: https://www.infoadex.es/home/wp-content/uploads/2017/12/RESUMEN-2012.pdf"
2006,exterior,529.1,convencionales,2012,"InfoAdex, Estudio de la inversión publicitaria en España 2012 (resumen público), tabla «Inversión real estimada (en millones de euros)»: https://www.infoadex.es/home/wp-content/uploads/2017/12/RESUMEN-2012.pdf"
2006,gran_total,14754.1,convencionales,2010,"InfoAdex, Estudio de la inversión publicitaria en España 2010 (resumen público), tabla «Inversión real estimada (en millones de euros)»: https://www.infoadex.es/home/wp-content/uploads/2017/12/RESUMEN-2010.pdf"
2006,internet,310.4,convencionales,2012,"InfoAdex, Estudio de la inversión publicitaria en España 2012 (resumen público), tabla «Inversión real estimada (en millones de euros)»: https://www.infoadex.es/home/wp-content/uploads/2017/12/RESUMEN-2012.pdf"
2006,radio,636.7,convencionales,2012,"InfoAdex, Estudio de la inversión publicitaria en España 2012 (resumen público), tabla «Inversión real estimada (en millones de euros)»: https://www.infoadex.es/home/wp-content/uploads/2017/12/RESUMEN-2012.pdf"
2006,revistas,688.1,convencionales,2012,"InfoAdex, Estudio de la inversión publicitaria en España 2012 (resumen público), tabla «Inversión real estimada (en millones de euros)»: https://www.infoadex.es/home/wp-content/uploads/2017/12/RESUMEN-2012.pdf"
2006,subtotal_controlados,7306.9,convencionales,2010,"InfoAdex, Estudio de la inversión publicitaria en España 2010 (resumen público), tabla «Inversión real estimada (en millones de euros)»: https://www.infoadex.es/home/wp-content/uploads/2017/12/RESUMEN-2010.pdf"
2006,subtotal_estimados,7447.2,convencionales,2010,"InfoAdex, Estudio de la inversión publicitaria en España 2010 (resumen público), tabla «Inversión real estimada (en millones de euros)»: https://www.infoadex.es/home/wp-content/uploads/2017/12/RESUMEN-2010.pdf"
2006,television,3188.4,convencionales,2012,"InfoAdex, Estudio de la inversión publicitaria en España 2012 (resumen público), tabla «Inversión real estimada (en millones de euros)»: https://www.infoadex.es/home/wp-content/uploads/2017/12/RESUMEN-2012.pdf"
2007,cine,38.4,convencionales,2013,"InfoAdex, Estudio de la inversión publicitaria en España 2013 (resumen público), tabla «Inversión real estimada (en millones de euros)»: https://www.infoadex.es/home/wp-content/uploads/2017/12/RESUMEN-2013.pdf"
2007,diarios,1894.4,convencionales,2013,"InfoAdex, Estudio de la inversión publicitaria en España 2013 (resumen público), tabla «Inversión real estimada (en millones de euros)»: https://www.infoadex.es/home/wp-content/uploads/2017/12/RESUMEN-2013.pdf"
2007,dominicales,133.5,convencionales,2013,"InfoAdex, Estudio de la inversión publicitaria en España 2013 (resumen público), tabla «Inversión real estimada (en millones de euros)»: https://www.infoadex.es/home/wp-content/uploads/2017/12/RESUMEN-2013.pdf"
2007,exterior,568.0,convencionales,2013,"InfoAdex, Estudio de la inversión publicitaria en España 2013 (resumen público), tabla «Inversión real estimada (en millones de euros)»: https://www.infoadex.es/home/wp-content/uploads/2017/12/RESUMEN-2013.pdf"
2007,gran_total,16121.3,convencionales,2010,"InfoAdex, Estudio de la inversión publicitaria en España 2010 (resumen público), tabla «Inversión real estimada (en millones de euros)»: https://www.infoadex.es/home/wp-content/uploads/2017/12/RESUMEN-2010.pdf"
2007,internet,482.4,convencionales,2013,"InfoAdex, Estudio de la inversión publicitaria en España 2013 (resumen público), tabla «Inversión real estimada (en millones de euros)»: https://www.infoadex.es/home/wp-content/uploads/2017/12/RESUMEN-2013.pdf"
2007,radio,678.1,convencionales,2013,"InfoAdex, Estudio de la inversión publicitaria en España 2013 (resumen público), tabla «Inversión real estimada (en millones de euros)»: https://www.infoadex.es/home/wp-content/uploads/2017/12/RESUMEN-2013.pdf"
2007,revistas,721.8,convencionales,2013,"InfoAdex, Estudio de la inversión publicitaria en España 2013 (resumen público), tabla «Inversión real estimada (en millones de euros)»: https://www.infoadex.es/home/wp-content/uploads/2017/12/RESUMEN-2013.pdf"
2007,subtotal_controlados,7985.1,convencionales,2010,"InfoAdex, Estudio de la inversión publicitaria en España 2010 (resumen público), tabla «Inversión real estimada (en millones de euros)»: https://www.infoadex.es/home/wp-content/uploads/2017/12/RESUMEN-2010.pdf"
2007,subtotal_estimados,8136.1,convencionales,2010,"InfoAdex, Estudio de la inversión publicitaria en España 2010 (resumen público), tabla «Inversión real estimada (en millones de euros)»: https://www.infoadex.es/home/wp-content/uploads/2017/12/RESUMEN-2010.pdf"
2007,television,3468.6,convencionales,2013,"InfoAdex, Estudio de la inversión publicitaria en España 2013 (resumen público), tabla «Inversión real estimada (en millones de euros)»: https://www.infoadex.es/home/wp-content/uploads/2017/12/RESUMEN-2013.pdf"
2008,cine,21.0,convencionales,2014,"InfoAdex, Estudio de la inversión publicitaria en España 2014 (resumen público), tabla «Inversión real estimada (en millones de euros)»: https://www.infoadex.es/home/wp-content/uploads/2017/12/RESUMEN-2014.pdf"
2008,diarios,1507.9,convencionales,2014,"InfoAdex, Estudio de la inversión publicitaria en España 2014 (resumen público), tabla «Inversión real estimada (en millones de euros)»: https://www.infoadex.es/home/wp-content/uploads/2017/12/RESUMEN-2014.pdf"
2008,dominicales,103.9,convencionales,2014,"InfoAdex, Estudio de la inversión publicitaria en España 2014 (resumen público), tabla «Inversión real estimada (en millones de euros)»: https://www.infoadex.es/home/wp-content/uploads/2017/12/RESUMEN-2014.pdf"
2008,exterior,518.3,convencionales,2014,"InfoAdex, Estudio de la inversión publicitaria en España 2014 (resumen público), tabla «Inversión real estimada (en millones de euros)»: https://www.infoadex.es/home/wp-content/uploads/2017/12/RESUMEN-2014.pdf"
2008,gran_total,14915.7,convencionales,2014,"InfoAdex, Estudio de la inversión publicitaria en España 2014 (resumen público), tabla «Inversión real estimada (en millones de euros)»: https://www.infoadex.es/home/wp-content/uploads/2017/12/RESUMEN-2014.pdf"
2008,internet,610.0,convencionales,2014,"InfoAdex, Estudio de la inversión publicitaria en España 2014 (resumen público), tabla «Inversión real estimada (en millones de euros)»: https://www.infoadex.es/home/wp-content/uploads/2017/12/RESUMEN-2014.pdf"
2008,radio,641.9,convencionales,2014,"InfoAdex, Estudio de la inversión publicitaria en España 2014 (resumen público), tabla «Inversión real estimada (en millones de euros)»: https://www.infoadex.es/home/wp-content/uploads/2017/12/RESUMEN-2014.pdf"
2008,revistas,617.3,convencionales,2014,"InfoAdex, Estudio de la inversión publicitaria en España 2014 (resumen público), tabla «Inversión real estimada (en millones de euros)»: https://www.infoadex.es/home/wp-content/uploads/2017/12/RESUMEN-2014.pdf"
2008,subtotal_controlados,7102.8,convencionales,2014,"InfoAdex, Estudio de la inversión publicitaria en España 2014 (resumen público), tabla «Inversión real estimada (en millones de euros)»: https://www.infoadex.es/home/wp-content/uploads/2017/12/RESUMEN-2014.pdf"
2008,subtotal_estimados,7812.9,convencionales,2014,"InfoAdex, Estudio de la inversión publicitaria en España 2014 (resumen público), tabla «Inversión real estimada (en millones de euros)»: https://www.infoadex.es/home/wp-content/uploads/2017/12/RESUMEN-2014.pdf"
2008,television,3082.4,convencionales,2014,"InfoAdex, Estudio de la inversión publicitaria en España 2014 (resumen público), tabla «Inversión real estimada (en millones de euros)»: https://www.infoadex.es/home/wp-content/uploads/2017/12/RESUMEN-2014.pdf"
2009,cine,15.4,convencionales,2014,"InfoAdex, Estudio de la inversión publicitaria en España 2014 (resumen público), tabla «Inversión real estimada (en millones de euros)»: https://www.infoadex.es/home/wp-content/uploads/2017/12/RESUMEN-2014.pdf"
2009,diarios,1174.1,convencionales,2014,"InfoAdex, Estudio de la inversión publicitaria en España 2014 (resumen público), tabla «Inversión real estimada (en millones de euros)»: https://www.infoadex.es/home/wp-content/uploads/2017/12/RESUMEN-2014.pdf"
2009,dominicales,68.9,convencionales,2014,"InfoAdex, Estudio de la inversión publicitaria en España 2014 (resumen público), tabla «Inversión real estimada (en millones de euros)»: https://www.infoadex.es/home/wp-content/uploads/2017/12/RESUMEN-2014.pdf"
2009,exterior,401.4,convencionales,2014,"InfoAdex, Estudio de la inversión publicitaria en España 2014 (resumen público), tabla «Inversión real estimada (en millones de euros)»: https://www.infoadex.es/home/wp-content/uploads/2017/12/RESUMEN-2014.pdf"
2009,gran_total,12709.0,convencionales,2014,"InfoAdex, Estudio de la inversión publicitaria en España 2014 (resumen público), tabla «Inversión real estimada (en millones de euros)»: https://www.infoadex.es/home/wp-content/uploads/2017/12/RESUMEN-2014.pdf"
2009,internet,654.1,convencionales,2014,"InfoAdex, Estudio de la inversión publicitaria en España 2014 (resumen público), tabla «Inversión real estimada (en millones de euros)»: https://www.infoadex.es/home/wp-content/uploads/2017/12/RESUMEN-2014.pdf"
2009,radio,537.3,convencionales,2014,"InfoAdex, Estudio de la inversión publicitaria en España 2014 (resumen público), tabla «Inversión real estimada (en millones de euros)»: https://www.infoadex.es/home/wp-content/uploads/2017/12/RESUMEN-2014.pdf"
2009,revistas,401.9,convencionales,2014,"InfoAdex, Estudio de la inversión publicitaria en España 2014 (resumen público), tabla «Inversión real estimada (en millones de euros)»: https://www.infoadex.es/home/wp-content/uploads/2017/12/RESUMEN-2014.pdf"
2009,subtotal_controlados,5630.9,convencionales,2014,"InfoAdex, Estudio de la inversión publicitaria en España 2014 (resumen público), tabla «Inversión real estimada (en millones de euros)»: https://www.infoadex.es/home/wp-content/uploads/2017/12/RESUMEN-2014.pdf"
2009,subtotal_estimados,7078.1,convencionales,2014,"InfoAdex, Estudio de la inversión publicitaria en España 2014 (resumen público), tabla «Inversión real estimada (en millones de euros)»: https://www.infoadex.es/home/wp-content/uploads/2017/12/RESUMEN-2014.pdf"
2009,television,2377.8,convencionales,2014,"InfoAdex, Estudio de la inversión publicitaria en España 2014 (resumen público), tabla «Inversión real estimada (en millones de euros)»: https://www.infoadex.es/home/wp-content/uploads/2017/12/RESUMEN-2014.pdf"
2010,cine,24.4,convencionales,2015,"InfoAdex, Estudio de la inversión publicitaria en España 2015 (resumen público), tabla «Inversión real estimada (en millones de euros)»: https://www.infoadex.es/home/wp-content/uploads/2017/12/RESUMEN-2015.pdf"
2010,diarios,1124.4,convencionales,2015,"InfoAdex, Estudio de la inversión publicitaria en España 2015 (resumen público), tabla «Inversión real estimada (en millones de euros)»: https://www.infoadex.es/home/wp-content/uploads/2017/12/RESUMEN-2015.pdf"
2010,dominicales,72.2,convencionales,2015,"InfoAdex, Estudio de la inversión publicitaria en España 2015 (resumen público), tabla «Inversión real estimada (en millones de euros)»: https://www.infoadex.es/home/wp-content/uploads/2017/12/RESUMEN-2015.pdf"
2010,exterior,420.8,convencionales,2015,"InfoAdex, Estudio de la inversión publicitaria en España 2015 (resumen público), tabla «Inversión real estimada (en millones de euros)»: https://www.infoadex.es/home/wp-content/uploads/2017/12/RESUMEN-2015.pdf"
2010,gran_total,12893.1,convencionales,2015,"InfoAdex, Estudio de la inversión publicitaria en España 2015 (resumen público), tabla «Inversión real estimada (en millones de euros)»: https://www.infoadex.es/home/wp-content/uploads/2017/12/RESUMEN-2015.pdf"
2010,internet,798.8,convencionales,2015,"InfoAdex, Estudio de la inversión publicitaria en España 2015 (resumen público), tabla «Inversión real estimada (en millones de euros)»: https://www.infoadex.es/home/wp-content/uploads/2017/12/RESUMEN-2015.pdf"
2010,radio,548.5,convencionales,2015,"InfoAdex, Estudio de la inversión publicitaria en España 2015 (resumen público), tabla «Inversión real estimada (en millones de euros)»: https://www.infoadex.es/home/wp-content/uploads/2017/12/RESUMEN-2015.pdf"
2010,revistas,397.8,convencionales,2015,"InfoAdex, Estudio de la inversión publicitaria en España 2015 (resumen público), tabla «Inversión real estimada (en millones de euros)»: https://www.infoadex.es/home/wp-content/uploads/2017/12/RESUMEN-2015.pdf"
2010,subtotal_controlados,5858.8,convencionales,2015,"InfoAdex, Estudio de la inversión publicitaria en España 2015 (resumen público), tabla «Inversión real estimada (en millones de euros)»: https://www.infoadex.es/home/wp-content/uploads/2017/12/RESUMEN-2015.pdf"
2010,subtotal_estimados,7034.3,convencionales,2015,"InfoAdex, Estudio de la inversión publicitaria en España 2015 (resumen público), tabla «Inversión real estimada (en millones de euros)»: https://www.infoadex.es/home/wp-content/uploads/2017/12/RESUMEN-2015.pdf"
2010,television,2471.9,convencionales,2015,"InfoAdex, Estudio de la inversión publicitaria en España 2015 (resumen público), tabla «Inversión real estimada (en millones de euros)»: https://www.infoadex.es/home/wp-content/uploads/2017/12/RESUMEN-2015.pdf"
2011,cine,25.8,convencionales,2016,"InfoAdex, Estudio de la inversión publicitaria en España 2016 (resumen público), tabla «Inversión real estimada (en millones de euros)»: https://www.infoadex.es/home/wp-content/uploads/2017/12/RESUMEN-2016.pdf"
2011,diarios,967.0,convencionales,2016,"InfoAdex, Estudio de la inversión publicitaria en España 2016 (resumen público), tabla «Inversión real estimada (en millones de euros)»: https://www.infoadex.es/home/wp-content/uploads/2017/12/RESUMEN-2016.pdf"
2011,dominicales,67.1,convencionales,2016,"InfoAdex, Estudio de la inversión publicitaria en España 2016 (resumen público), tabla «Inversión real estimada (en millones de euros)»: https://www.infoadex.es/home/wp-content/uploads/2017/12/RESUMEN-2016.pdf"
2011,exterior,394.8,convencionales,2016,"InfoAdex, Estudio de la inversión publicitaria en España 2016 (resumen público), tabla «Inversión real estimada (en millones de euros)»: https://www.infoadex.es/home/wp-content/uploads/2017/12/RESUMEN-2016.pdf"
2011,gran_total,12053.0,convencionales,2016,"InfoAdex, Estudio de la inversión publicitaria en España 2016 (resumen público), tabla «Inversión real estimada (en millones de euros)»: https://www.infoadex.es/home/wp-content/uploads/2017/12/RESUMEN-2016.pdf"
2011,internet,899.2,convencionales,2016,"InfoAdex, Estudio de la inversión publicitaria en España 2016 (resumen público), tabla «Inversión real estimada (en millones de euros)»: https://www.infoadex.es/home/wp-content/uploads/2017/12/RESUMEN-2016.pdf"
2011,radio,524.9,convencionales,2016,"InfoAdex, Estudio de la inversión publicitaria en España 2016 (resumen público), tabla «Inversión real estimada (en millones de euros)»: https://www.infoadex.es/home/wp-content/uploads/2017/12/RESUMEN-2016.pdf"
2011,revistas,381.1,convencionales,2016,"InfoAdex, Estudio de la inversión publicitaria en España 2016 (resumen público), tabla «Inversión real estimada (en millones de euros)»: https://www.infoadex.es/home/wp-content/uploads/2017/12/RESUMEN-2016.pdf"
2011,subtotal_controlados,5497.1,convencionales,2016,"InfoAdex, Estudio de la inversión publicitaria en España 2016 (resumen público), tabla «Inversión real estimada (en millones de euros)»: https://www.infoadex.es/home/wp-content/uploads/2017/12/RESUMEN-2016.pdf"
2011,subtotal_estimados,6555.9,convencionales,2016,"InfoAdex, Estudio de la inversión publicitaria en España 2016 (resumen público), tabla «Inversión real estimada (en millones de euros)»: https://www.infoadex.es/home/wp-content/uploads/2017/12/RESUMEN-2016.pdf"
2011,television,2237.2,convencionales,2016,"InfoAdex, Estudio de la inversión publicitaria en España 2016 (resumen público), tabla «Inversión real estimada (en millones de euros)»: https://www.infoadex.es/home/wp-content/uploads/2017/12/RESUMEN-2016.pdf"
2012,cine,22.5,convencionales,2016,"InfoAdex, Estudio de la inversión publicitaria en España 2016 (resumen público), tabla «Inversión real estimada (en millones de euros)»: https://www.infoadex.es/home/wp-content/uploads/2017/12/RESUMEN-2016.pdf"
2012,diarios,766.3,convencionales,2016,"InfoAdex, Estudio de la inversión publicitaria en España 2016 (resumen público), tabla «Inversión real estimada (en millones de euros)»: https://www.infoadex.es/home/wp-content/uploads/2017/12/RESUMEN-2016.pdf"
2012,dominicales,52.0,convencionales,2016,"InfoAdex, Estudio de la inversión publicitaria en España 2016 (resumen público), tabla «Inversión real estimada (en millones de euros)»: https://www.infoadex.es/home/wp-content/uploads/2017/12/RESUMEN-2016.pdf"
2012,exterior,326.3,convencionales,2016,"InfoAdex, Estudio de la inversión publicitaria en España 2016 (resumen público), tabla «Inversión real estimada (en millones de euros)»: https://www.infoadex.es/home/wp-content/uploads/2017/12/RESUMEN-2016.pdf"
2012,gran_total,10858.8,convencionales,2016,"InfoAdex, Estudio de la inversión publicitaria en España 2016 (resumen público), tabla «Inversión real estimada (en millones de euros)»: https://www.infoadex.es/home/wp-content/uploads/2017/12/RESUMEN-2016.pdf"
2012,internet,880.5,convencionales,2016,"InfoAdex, Estudio de la inversión publicitaria en España 2016 (resumen público), tabla «Inversión real estimada (en millones de euros)»: https://www.infoadex.es/home/wp-content/uploads/2017/12/RESUMEN-2016.pdf"
2012,radio,453.5,convencionales,2016,"InfoAdex, Estudio de la inversión publicitaria en España 2016 (resumen público), tabla «Inversión real estimada (en millones de euros)»: https://www.infoadex.es/home/wp-content/uploads/2017/12/RESUMEN-2016.pdf"
2012,revistas,313.7,convencionales,2016,"InfoAdex, Estudio de la inversión publicitaria en España 2016 (resumen público), tabla «Inversión real estimada (en millones de euros)»: https://www.infoadex.es/home/wp-content/uploads/2017/12/RESUMEN-2016.pdf"
2012,subtotal_controlados,4630.0,convencionales,2016,"InfoAdex, Estudio de la inversión publicitaria en España 2016 (resumen público), tabla «Inversión real estimada (en millones de euros)»: https://www.infoadex.es/home/wp-content/uploads/2017/12/RESUMEN-2016.pdf"
2012,subtotal_estimados,6228.8,convencionales,2016,"InfoAdex, Estudio de la inversión publicitaria en España 2016 (resumen público), tabla «Inversión real estimada (en millones de euros)»: https://www.infoadex.es/home/wp-content/uploads/2017/12/RESUMEN-2016.pdf"
2012,television,1815.3,convencionales,2016,"InfoAdex, Estudio de la inversión publicitaria en España 2016 (resumen público), tabla «Inversión real estimada (en millones de euros)»: https://www.infoadex.es/home/wp-content/uploads/2017/12/RESUMEN-2016.pdf"
2013,cine,20.2,convencionales,2016,"InfoAdex, Estudio de la inversión publicitaria en España 2016 (resumen público), tabla «Inversión real estimada (en millones de euros)»: https://www.infoadex.es/home/wp-content/uploads/2017/12/RESUMEN-2016.pdf"
2013,diarios,662.9,convencionales,2016,"InfoAdex, Estudio de la inversión publicitaria en España 2016 (resumen público), tabla «Inversión real estimada (en millones de euros)»: https://www.infoadex.es/home/wp-content/uploads/2017/12/RESUMEN-2016.pdf"
2013,dominicales,38.7,convencionales,2016,"InfoAdex, Estudio de la inversión publicitaria en España 2016 (resumen público), tabla «Inversión real estimada (en millones de euros)»: https://www.infoadex.es/home/wp-content/uploads/2017/12/RESUMEN-2016.pdf"
2013,exterior,282.0,convencionales,2016,"InfoAdex, Estudio de la inversión publicitaria en España 2016 (resumen público), tabla «Inversión real estimada (en millones de euros)»: https://www.infoadex.es/home/wp-content/uploads/2017/12/RESUMEN-2016.pdf"
2013,gran_total,10461.3,convencionales,2016,"InfoAdex, Estudio de la inversión publicitaria en España 2016 (resumen público), tabla «Inversión real estimada (en millones de euros)»: https://www.infoadex.es/home/wp-content/uploads/2017/12/RESUMEN-2016.pdf"
2013,internet,896.3,convencionales,2016,"InfoAdex, Estudio de la inversión publicitaria en España 2016 (resumen público), tabla «Inversión real estimada (en millones de euros)»: https://www.infoadex.es/home/wp-content/uploads/2017/12/RESUMEN-2016.pdf"
2013,radio,403.6,convencionales,2016,"InfoAdex, Estudio de la inversión publicitaria en España 2016 (resumen público), tabla «Inversión real estimada (en millones de euros)»: https://www.infoadex.es/home/wp-content/uploads/2017/12/RESUMEN-2016.pdf"
2013,revistas,253.9,convencionales,2016,"InfoAdex, Estudio de la inversión publicitaria en España 2016 (resumen público), tabla «Inversión real estimada (en millones de euros)»: https://www.infoadex.es/home/wp-content/uploads/2017/12/RESUMEN-2016.pdf"
2013,subtotal_controlados,4261.0,convencionales,2016,"InfoAdex, Estudio de la inversión publicitaria en España 2016 (resumen público), tabla «Inversión real estimada (en millones de euros)»: https://www.infoadex.es/home/wp-content/uploads/2017/12/RESUMEN-2016.pdf"
2013,subtotal_estimados,6200.3,convencionales,2016,"InfoAdex, Estudio de la inversión publicitaria en España 2016 (resumen público), tabla «Inversión real estimada (en millones de euros)»: https://www.infoadex.es/home/wp-content/uploads/2017/12/RESUMEN-2016.pdf"
2013,television,1703.4,convencionales,2016,"InfoAdex, Estudio de la inversión publicitaria en España 2016 (resumen público), tabla «Inversión real estimada (en millones de euros)»: https://www.infoadex.es/home/wp-content/uploads/2017/12/RESUMEN-2016.pdf"
2014,cine,16.2,convencionales,2019,"InfoAdex, Estudio de la inversión publicitaria en España 2019 (resumen público), tabla «Inversión real estimada (en millones de euros)»: https://www.infoadex.es/home/wp-content/uploads/2019/03/Estudio-InfoAdex-2019-Resumen.pdf"
2014,diarios,656.3,convencionales,2019,"InfoAdex, Estudio de la inversión publicitaria en España 2019 (resumen público), tabla «Inversión real estimada (en millones de euros)»: https://www.infoadex.es/home/wp-content/uploads/2019/03/Estudio-InfoAdex-2019-Resumen.pdf"
2014,dominicales,37.7,convencionales,2019,"InfoAdex, Estudio de la inversión publicitaria en España 2019 (resumen público), tabla «Inversión real estimada (en millones de euros)»: https://www.infoadex.es/home/wp-content/uploads/2019/03/Estudio-InfoAdex-2019-Resumen.pdf"
2014,exterior,314.7,convencionales,2019,"InfoAdex, Estudio de la inversión publicitaria en España 2019 (resumen público), tabla «Inversión real estimada (en millones de euros)»: https://www.infoadex.es/home/wp-content/uploads/2019/03/Estudio-InfoAdex-2019-Resumen.pdf"
2014,gran_total,11211.2,convencionales,2019,"InfoAdex, Estudio de la inversión publicitaria en España 2019 (resumen público), tabla «Inversión real estimada (en millones de euros)»: https://www.infoadex.es/home/wp-content/uploads/2019/03/Estudio-InfoAdex-2019-Resumen.pdf"
2014,internet,1076.2,convencionales,2019,"InfoAdex, Estudio de la inversión publicitaria en España 2019 (resumen público), tabla «Inversión real estimada (en millones de euros)»: https://www.infoadex.es/home/wp-content/uploads/2019/03/Estudio-InfoAdex-2019-Resumen.pdf"
2014,radio,420.2,convencionales,2019,"InfoAdex, Estudio de la inversión publicitaria en España 2019 (resumen público), tabla «Inversión real estimada (en millones de euros)»: https://www.infoadex.es/home/wp-content/uploads/2019/03/Estudio-InfoAdex-2019-Resumen.pdf"
2014,revistas,254.2,convencionales,2019,"InfoAdex, Estudio de la inversión publicitaria en España 2019 (resumen público), tabla «Inversión real estimada (en millones de euros)»: https://www.infoadex.es/home/wp-content/uploads/2019/03/Estudio-InfoAdex-2019-Resumen.pdf"
2014,subtotal_controlados,4665.9,convencionales,2019,"InfoAdex, Estudio de la inversión publicitaria en España 2019 (resumen público), tabla «Inversión real estimada (en millones de euros)»: https://www.infoadex.es/home/wp-content/uploads/2019/03/Estudio-InfoAdex-2019-Resumen.pdf"
2014,subtotal_estimados,6545.2,convencionales,2019,"InfoAdex, Estudio de la inversión publicitaria en España 2019 (resumen público), tabla «Inversión real estimada (en millones de euros)»: https://www.infoadex.es/home/wp-content/uploads/2019/03/Estudio-InfoAdex-2019-Resumen.pdf"
2014,television,1890.4,convencionales,2019,"InfoAdex, Estudio de la inversión publicitaria en España 2019 (resumen público), tabla «Inversión real estimada (en millones de euros)»: https://www.infoadex.es/home/wp-content/uploads/2019/03/Estudio-InfoAdex-2019-Resumen.pdf"
2015,cine,22.0,convencionales,2019,"InfoAdex, Estudio de la inversión publicitaria en España 2019 (resumen público), tabla «Inversión real estimada (en millones de euros)»: https://www.infoadex.es/home/wp-content/uploads/2019/03/Estudio-InfoAdex-2019-Resumen.pdf"
2015,diarios,658.9,convencionales,2019,"InfoAdex, Estudio de la inversión publicitaria en España 2019 (resumen público), tabla «Inversión real estimada (en millones de euros)»: https://www.infoadex.es/home/wp-content/uploads/2019/03/Estudio-InfoAdex-2019-Resumen.pdf"
2015,dominicales,37.8,convencionales,2019,"InfoAdex, Estudio de la inversión publicitaria en España 2019 (resumen público), tabla «Inversión real estimada (en millones de euros)»: https://www.infoadex.es/home/wp-content/uploads/2019/03/Estudio-InfoAdex-2019-Resumen.pdf"
2015,exterior,327.4,convencionales,2019,"InfoAdex, Estudio de la inversión publicitaria en España 2019 (resumen público), tabla «Inversión real estimada (en millones de euros)»: https://www.infoadex.es/home/wp-content/uploads/2019/03/Estudio-InfoAdex-2019-Resumen.pdf"
2015,gran_total,11742.2,convencionales,2019,"InfoAdex, Estudio de la inversión publicitaria en España 2019 (resumen público), tabla «Inversión real estimada (en millones de euros)»: https://www.infoadex.es/home/wp-content/uploads/2019/03/Estudio-InfoAdex-2019-Resumen.pdf"
2015,internet,1249.8,convencionales,2019,"InfoAdex, Estudio de la inversión publicitaria en España 2019 (resumen público), tabla «Inversión real estimada (en millones de euros)»: https://www.infoadex.es/home/wp-content/uploads/2019/03/Estudio-InfoAdex-2019-Resumen.pdf"
2015,radio,454.4,convencionales,2019,"InfoAdex, Estudio de la inversión publicitaria en España 2019 (resumen público), tabla «Inversión real estimada (en millones de euros)»: https://www.infoadex.es/home/wp-content/uploads/2019/03/Estudio-InfoAdex-2019-Resumen.pdf"
2015,revistas,255.2,convencionales,2019,"InfoAdex, Estudio de la inversión publicitaria en España 2019 (resumen público), tabla «Inversión real estimada (en millones de euros)»: https://www.infoadex.es/home/wp-content/uploads/2019/03/Estudio-InfoAdex-2019-Resumen.pdf"
2015,subtotal_controlados,5016.7,convencionales,2019,"InfoAdex, Estudio de la inversión publicitaria en España 2019 (resumen público), tabla «Inversión real estimada (en millones de euros)»: https://www.infoadex.es/home/wp-content/uploads/2019/03/Estudio-InfoAdex-2019-Resumen.pdf"
2015,subtotal_estimados,6725.5,convencionales,2019,"InfoAdex, Estudio de la inversión publicitaria en España 2019 (resumen público), tabla «Inversión real estimada (en millones de euros)»: https://www.infoadex.es/home/wp-content/uploads/2019/03/Estudio-InfoAdex-2019-Resumen.pdf"
2015,television,2011.3,convencionales,2019,"InfoAdex, Estudio de la inversión publicitaria en España 2019 (resumen público), tabla «Inversión real estimada (en millones de euros)»: https://www.infoadex.es/home/wp-content/uploads/2019/03/Estudio-InfoAdex-2019-Resumen.pdf"
2016,cine,22.6,convencionales,2019,"InfoAdex, Estudio de la inversión publicitaria en España 2019 (resumen público), tabla «Inversión real estimada (en millones de euros)»: https://www.infoadex.es/home/wp-content/uploads/2019/03/Estudio-InfoAdex-2019-Resumen.pdf"
2016,diarios,617.4,convencionales,2019,"InfoAdex, Estudio de la inversión publicitaria en España 2019 (resumen público), tabla «Inversión real estimada (en millones de euros)»: https://www.infoadex.es/home/wp-content/uploads/2019/03/Estudio-InfoAdex-2019-Resumen.pdf"
2016,dominicales,33.8,convencionales,2019,"InfoAdex, Estudio de la inversión publicitaria en España 2019 (resumen público), tabla «Inversión real estimada (en millones de euros)»: https://www.infoadex.es/home/wp-content/uploads/2019/03/Estudio-InfoAdex-2019-Resumen.pdf"
2016,exterior,321.0,convencionales,2019,"InfoAdex, Estudio de la inversión publicitaria en España 2019 (resumen público), tabla «Inversión real estimada (en millones de euros)»: https://www.infoadex.es/home/wp-content/uploads/2019/03/Estudio-InfoAdex-2019-Resumen.pdf"
2016,gran_total,12067.0,convencionales,2019,"InfoAdex, Estudio de la inversión publicitaria en España 2019 (resumen público), tabla «Inversión real estimada (en millones de euros)»: https://www.infoadex.es/home/wp-content/uploads/2019/03/Estudio-InfoAdex-2019-Resumen.pdf"
2016,internet,1407.8,convencionales,2019,"InfoAdex, Estudio de la inversión publicitaria en España 2019 (resumen público), tabla «Inversión real estimada (en millones de euros)»: https://www.infoadex.es/home/wp-content/uploads/2019/03/Estudio-InfoAdex-2019-Resumen.pdf"
2016,radio,458.0,convencionales,2019,"InfoAdex, Estudio de la inversión publicitaria en España 2019 (resumen público), tabla «Inversión real estimada (en millones de euros)»: https://www.infoadex.es/home/wp-content/uploads/2019/03/Estudio-InfoAdex-2019-Resumen.pdf"
2016,revistas,252.2,convencionales,2019,"InfoAdex, Estudio de la inversión publicitaria en España 2019 (resumen público), tabla «Inversión real estimada (en millones de euros)»: https://www.infoadex.es/home/wp-content/uploads/2019/03/Estudio-InfoAdex-2019-Resumen.pdf"
2016,subtotal_controlados,5234.7,convencionales,2019,"InfoAdex, Estudio de la inversión publicitaria en España 2019 (resumen público), tabla «Inversión real estimada (en millones de euros)»: https://www.infoadex.es/home/wp-content/uploads/2019/03/Estudio-InfoAdex-2019-Resumen.pdf"
2016,subtotal_estimados,6832.2,convencionales,2019,"InfoAdex, Estudio de la inversión publicitaria en España 2019 (resumen público), tabla «Inversión real estimada (en millones de euros)»: https://www.infoadex.es/home/wp-content/uploads/2019/03/Estudio-InfoAdex-2019-Resumen.pdf"
2016,television,2121.9,convencionales,2019,"InfoAdex, Estudio de la inversión publicitaria en España 2019 (resumen público), tabla «Inversión real estimada (en millones de euros)»: https://www.infoadex.es/home/wp-content/uploads/2019/03/Estudio-InfoAdex-2019-Resumen.pdf"
2017,cine,33.7,convencionales,2019,"InfoAdex, Estudio de la inversión publicitaria en España 2019 (resumen público), tabla «Inversión real estimada (en millones de euros)»: https://www.infoadex.es/home/wp-content/uploads/2019/03/Estudio-InfoAdex-2019-Resumen.pdf"
2017,diarios,567.4,convencionales,2019,"InfoAdex, Estudio de la inversión publicitaria en España 2019 (resumen público), tabla «Inversión real estimada (en millones de euros)»: https://www.infoadex.es/home/wp-content/uploads/2019/03/Estudio-InfoAdex-2019-Resumen.pdf"
2017,dominicales,31.0,convencionales,2019,"InfoAdex, Estudio de la inversión publicitaria en España 2019 (resumen público), tabla «Inversión real estimada (en millones de euros)»: https://www.infoadex.es/home/wp-content/uploads/2019/03/Estudio-InfoAdex-2019-Resumen.pdf"
2017,exterior,326.6,convencionales,2019,"InfoAdex, Estudio de la inversión publicitaria en España 2019 (resumen público), tabla «Inversión real estimada (en millones de euros)»: https://www.infoadex.es/home/wp-content/uploads/2019/03/Estudio-InfoAdex-2019-Resumen.pdf"
2017,gran_total,12584.6,convencionales,2019,"InfoAdex, Estudio de la inversión publicitaria en España 2019 (resumen público), tabla «Inversión real estimada (en millones de euros)»: https://www.infoadex.es/home/wp-content/uploads/2019/03/Estudio-InfoAdex-2019-Resumen.pdf"
2017,internet,1548.1,convencionales,2019,"InfoAdex, Estudio de la inversión publicitaria en España 2019 (resumen público), tabla «Inversión real estimada (en millones de euros)»: https://www.infoadex.es/home/wp-content/uploads/2019/03/Estudio-InfoAdex-2019-Resumen.pdf"
2017,radio,465.8,convencionales,2019,"InfoAdex, Estudio de la inversión publicitaria en España 2019 (resumen público), tabla «Inversión real estimada (en millones de euros)»: https://www.infoadex.es/home/wp-content/uploads/2019/03/Estudio-InfoAdex-2019-Resumen.pdf"
2017,revistas,240.1,convencionales,2019,"InfoAdex, Estudio de la inversión publicitaria en España 2019 (resumen público), tabla «Inversión real estimada (en millones de euros)»: https://www.infoadex.es/home/wp-content/uploads/2019/03/Estudio-InfoAdex-2019-Resumen.pdf"
2017,subtotal_controlados,5355.9,convencionales,2019,"InfoAdex, Estudio de la inversión publicitaria en España 2019 (resumen público), tabla «Inversión real estimada (en millones de euros)»: https://www.infoadex.es/home/wp-content/uploads/2019/03/Estudio-InfoAdex-2019-Resumen.pdf"
2017,subtotal_estimados,7228.7,convencionales,2019,"InfoAdex, Estudio de la inversión publicitaria en España 2019 (resumen público), tabla «Inversión real estimada (en millones de euros)»: https://www.infoadex.es/home/wp-content/uploads/2019/03/Estudio-InfoAdex-2019-Resumen.pdf"
2017,television,2143.3,convencionales,2019,"InfoAdex, Estudio de la inversión publicitaria en España 2019 (resumen público), tabla «Inversión real estimada (en millones de euros)»: https://www.infoadex.es/home/wp-content/uploads/2019/03/Estudio-InfoAdex-2019-Resumen.pdf"
2018,cine,34.7,convencionales,2021,"InfoAdex, Estudio de la inversión publicitaria en España 2021 (resumen público), tabla «Inversión real estimada (en millones de euros)»: https://www.infoadex.es/home/wp-content/uploads/2021/02/Estudio-InfoAdex-2021-Resumen-1.pdf"
2018,diarios,533.8,convencionales,2021,"InfoAdex, Estudio de la inversión publicitaria en España 2021 (resumen público), tabla «Inversión real estimada (en millones de euros)»: https://www.infoadex.es/home/wp-content/uploads/2021/02/Estudio-InfoAdex-2021-Resumen-1.pdf"
2018,dominicales,28.9,convencionales,2021,"InfoAdex, Estudio de la inversión publicitaria en España 2021 (resumen público), tabla «Inversión real estimada (en millones de euros)»: https://www.infoadex.es/home/wp-content/uploads/2021/02/Estudio-InfoAdex-2021-Resumen-1.pdf"
2018,exterior,418.9,convencionales,2021,"InfoAdex, Estudio de la inversión publicitaria en España 2021 (resumen público), tabla «Inversión real estimada (en millones de euros)»: https://www.infoadex.es/home/wp-content/uploads/2021/02/Estudio-InfoAdex-2021-Resumen-1.pdf"
2018,gran_total,13231.5,convencionales,2021,"InfoAdex, Estudio de la inversión publicitaria en España 2021 (resumen público), tabla «Inversión real estimada (en millones de euros)»: https://www.infoadex.es/home/wp-content/uploads/2021/02/Estudio-InfoAdex-2021-Resumen-1.pdf"
2018,internet,2109.9,convencionales,2021,"InfoAdex, Estudio de la inversión publicitaria en España 2021 (resumen público), tabla «Inversión real estimada (en millones de euros)»: https://www.infoadex.es/home/wp-content/uploads/2021/02/Estudio-InfoAdex-2021-Resumen-1.pdf"
2018,radio,481.1,convencionales,2021,"InfoAdex, Estudio de la inversión publicitaria en España 2021 (resumen público), tabla «Inversión real estimada (en millones de euros)»: https://www.infoadex.es/home/wp-content/uploads/2021/02/Estudio-InfoAdex-2021-Resumen-1.pdf"
2018,revistas,227.8,convencionales,2021,"InfoAdex, Estudio de la inversión publicitaria en España 2021 (resumen público), tabla «Inversión real estimada (en millones de euros)»: https://www.infoadex.es/home/wp-content/uploads/2021/02/Estudio-InfoAdex-2021-Resumen-1.pdf"
2018,subtotal_controlados,5962.3,convencionales,2021,"InfoAdex, Estudio de la inversión publicitaria en España 2021 (resumen público), tabla «Inversión real estimada (en millones de euros)»: https://www.infoadex.es/home/wp-content/uploads/2021/02/Estudio-InfoAdex-2021-Resumen-1.pdf"
2018,subtotal_estimados,7269.2,convencionales,2021,"InfoAdex, Estudio de la inversión publicitaria en España 2021 (resumen público), tabla «Inversión real estimada (en millones de euros)»: https://www.infoadex.es/home/wp-content/uploads/2021/02/Estudio-InfoAdex-2021-Resumen-1.pdf"
2018,television,2127.2,convencionales,2019,"InfoAdex, Estudio de la inversión publicitaria en España 2019 (resumen público), tabla «Inversión real estimada (en millones de euros)»: https://www.infoadex.es/home/wp-content/uploads/2019/03/Estudio-InfoAdex-2019-Resumen.pdf"
2019,cine,35.9,convencionales,2022,"InfoAdex, Estudio de la inversión publicitaria en España 2022 (resumen público), tabla «Inversión real estimada (en millones de euros)»: https://www.infoadex.es/home/wp-content/uploads/2022/02/Estudio-InfoAdex-2022-Resumen.pdf"
2019,diarios,485.22,convencionales,2022,"InfoAdex, Estudio de la inversión publicitaria en España 2022 (resumen público), tabla «Inversión real estimada (en millones de euros)»: https://www.infoadex.es/home/wp-content/uploads/2022/02/Estudio-InfoAdex-2022-Resumen.pdf"
2019,dominicales,26.6,convencionales,2022,"InfoAdex, Estudio de la inversión publicitaria en España 2022 (resumen público), tabla «Inversión real estimada (en millones de euros)»: https://www.infoadex.es/home/wp-content/uploads/2022/02/Estudio-InfoAdex-2022-Resumen.pdf"
2019,exterior,423.3,convencionales,2022,"InfoAdex, Estudio de la inversión publicitaria en España 2022 (resumen público), tabla «Inversión real estimada (en millones de euros)»: https://www.infoadex.es/home/wp-content/uploads/2022/02/Estudio-InfoAdex-2022-Resumen.pdf"
2019,gran_total,13129.0,convencionales,2022,"InfoAdex, Estudio de la inversión publicitaria en España 2022 (resumen público), tabla «Inversión real estimada (en millones de euros)»: https://www.infoadex.es/home/wp-content/uploads/2022/02/Estudio-InfoAdex-2022-Resumen.pdf"
2019,internet,2296.2,convencionales,2022,"InfoAdex, Estudio de la inversión publicitaria en España 2022 (resumen público), tabla «Inversión real estimada (en millones de euros)»: https://www.infoadex.es/home/wp-content/uploads/2022/02/Estudio-InfoAdex-2022-Resumen.pdf"
2019,radio,486.4,convencionales,2022,"InfoAdex, Estudio de la inversión publicitaria en España 2022 (resumen público), tabla «Inversión real estimada (en millones de euros)»: https://www.infoadex.es/home/wp-content/uploads/2022/02/Estudio-InfoAdex-2022-Resumen.pdf"
2019,revistas,194.8,convencionales,2022,"InfoAdex, Estudio de la inversión publicitaria en España 2022 (resumen público), tabla «Inversión real estimada (en millones de euros)»: https://www.infoadex.es/home/wp-content/uploads/2022/02/Estudio-InfoAdex-2022-Resumen.pdf"
2019,subtotal_controlados,5957.7,convencionales,2022,"InfoAdex, Estudio de la inversión publicitaria en España 2022 (resumen público), tabla «Inversión real estimada (en millones de euros)»: https://www.infoadex.es/home/wp-content/uploads/2022/02/Estudio-InfoAdex-2022-Resumen.pdf"
2019,subtotal_estimados,7171.3,convencionales,2022,"InfoAdex, Estudio de la inversión publicitaria en España 2022 (resumen público), tabla «Inversión real estimada (en millones de euros)»: https://www.infoadex.es/home/wp-content/uploads/2022/02/Estudio-InfoAdex-2022-Resumen.pdf"
2019,television,2009.3,convencionales,2022,"InfoAdex, Estudio de la inversión publicitaria en España 2022 (resumen público), tabla «Inversión real estimada (en millones de euros)»: https://www.infoadex.es/home/wp-content/uploads/2022/02/Estudio-InfoAdex-2022-Resumen.pdf"
2020,cine,9.6,convencionales,2023,"InfoAdex, Estudio de la inversión publicitaria en España 2023 (resumen público), tabla «Inversión real estimada (en millones de euros)»: https://www.infoadex.es/home/wp-content/uploads/2023/02/Resumen-Estudio-InfoAdex-2023.pdf"
2020,diarios,335.8,convencionales,2023,"InfoAdex, Estudio de la inversión publicitaria en España 2023 (resumen público), tabla «Inversión real estimada (en millones de euros)»: https://www.infoadex.es/home/wp-content/uploads/2023/02/Resumen-Estudio-InfoAdex-2023.pdf"
2020,dominicales,12.3,convencionales,2023,"InfoAdex, Estudio de la inversión publicitaria en España 2023 (resumen público), tabla «Inversión real estimada (en millones de euros)»: https://www.infoadex.es/home/wp-content/uploads/2023/02/Resumen-Estudio-InfoAdex-2023.pdf"
2020,exterior,221.3,convencionales,2023,"InfoAdex, Estudio de la inversión publicitaria en España 2023 (resumen público), tabla «Inversión real estimada (en millones de euros)»: https://www.infoadex.es/home/wp-content/uploads/2023/02/Resumen-Estudio-InfoAdex-2023.pdf"
2020,gran_total,10761.1,convencionales,2023,"InfoAdex, Estudio de la inversión publicitaria en España 2023 (resumen público), tabla «Inversión real estimada (en millones de euros)»: https://www.infoadex.es/home/wp-content/uploads/2023/02/Resumen-Estudio-InfoAdex-2023.pdf"
2020,internet,2174.3,convencionales,2023,"InfoAdex, Estudio de la inversión publicitaria en España 2023 (resumen público), tabla «Inversión real estimada (en millones de euros)»: https://www.infoadex.es/home/wp-content/uploads/2023/02/Resumen-Estudio-InfoAdex-2023.pdf"
2020,radio,374.9,convencionales,2023,"InfoAdex, Estudio de la inversión publicitaria en España 2023 (resumen público), tabla «Inversión real estimada (en millones de euros)»: https://www.infoadex.es/home/wp-content/uploads/2023/02/Resumen-Estudio-InfoAdex-2023.pdf"
2020,revistas,110.5,convencionales,2023,"InfoAdex, Estudio de la inversión publicitaria en España 2023 (resumen público), tabla «Inversión real estimada (en millones de euros)»: https://www.infoadex.es/home/wp-content/uploads/2023/02/Resumen-Estudio-InfoAdex-2023.pdf"
2020,subtotal_controlados,4878.9,convencionales,2023,"InfoAdex, Estudio de la inversión publicitaria en España 2023 (resumen público), tabla «Inversión real estimada (en millones de euros)»: https://www.infoadex.es/home/wp-content/uploads/2023/02/Resumen-Estudio-InfoAdex-2023.pdf"
2020,subtotal_estimados,5882.2,convencionales,2023,"InfoAdex, Estudio de la inversión publicitaria en España 2023 (resumen público), tabla «Inversión real estimada (en millones de euros)»: https://www.infoadex.es/home/wp-content/uploads/2023/02/Resumen-Estudio-InfoAdex-2023.pdf"
2020,television,1640.3,convencionales,2023,"InfoAdex, Estudio de la inversión publicitaria en España 2023 (resumen público), tabla «Inversión real estimada (en millones de euros)»: https://www.infoadex.es/home/wp-content/uploads/2023/02/Resumen-Estudio-InfoAdex-2023.pdf"
2021,cine,12.5,convencionales,2024,"InfoAdex, Estudio de la inversión publicitaria en España 2024 (resumen público), tabla «Inversión real estimada (en millones de euros)»: https://www.infoadex.es/home/wp-content/uploads/2024/02/Estudio-InfoAdex-2024-Resumen.pdf"
2021,diarios,335.9,convencionales,2024,"InfoAdex, Estudio de la inversión publicitaria en España 2024 (resumen público), tabla «Inversión real estimada (en millones de euros)»: https://www.infoadex.es/home/wp-content/uploads/2024/02/Estudio-InfoAdex-2024-Resumen.pdf"
2021,dominicales,9.0,convencionales,2024,"InfoAdex, Estudio de la inversión publicitaria en España 2024 (resumen público), tabla «Inversión real estimada (en millones de euros)»: https://www.infoadex.es/home/wp-content/uploads/2024/02/Estudio-InfoAdex-2024-Resumen.pdf"
2021,exterior,289.6,convencionales,2024,"InfoAdex, Estudio de la inversión publicitaria en España 2024 (resumen público), tabla «Inversión real estimada (en millones de euros)»: https://www.infoadex.es/home/wp-content/uploads/2024/02/Estudio-InfoAdex-2024-Resumen.pdf"
2021,gran_total,11667.4,convencionales,2024,"InfoAdex, Estudio de la inversión publicitaria en España 2024 (resumen público), tabla «Inversión real estimada (en millones de euros)»: https://www.infoadex.es/home/wp-content/uploads/2024/02/Estudio-InfoAdex-2024-Resumen.pdf"
2021,internet,2482.2,convencionales,2024,"InfoAdex, Estudio de la inversión publicitaria en España 2024 (resumen público), tabla «Inversión real estimada (en millones de euros)»: https://www.infoadex.es/home/wp-content/uploads/2024/02/Estudio-InfoAdex-2024-Resumen.pdf"
2021,radio,415.4,convencionales,2024,"InfoAdex, Estudio de la inversión publicitaria en España 2024 (resumen público), tabla «Inversión real estimada (en millones de euros)»: https://www.infoadex.es/home/wp-content/uploads/2024/02/Estudio-InfoAdex-2024-Resumen.pdf"
2021,revistas,120.1,convencionales,2024,"InfoAdex, Estudio de la inversión publicitaria en España 2024 (resumen público), tabla «Inversión real estimada (en millones de euros)»: https://www.infoadex.es/home/wp-content/uploads/2024/02/Estudio-InfoAdex-2024-Resumen.pdf"
2021,subtotal_controlados,5456.4,convencionales,2024,"InfoAdex, Estudio de la inversión publicitaria en España 2024 (resumen público), tabla «Inversión real estimada (en millones de euros)»: https://www.infoadex.es/home/wp-content/uploads/2024/02/Estudio-InfoAdex-2024-Resumen.pdf"
2021,subtotal_estimados,6211.0,convencionales,2024,"InfoAdex, Estudio de la inversión publicitaria en España 2024 (resumen público), tabla «Inversión real estimada (en millones de euros)»: https://www.infoadex.es/home/wp-content/uploads/2024/02/Estudio-InfoAdex-2024-Resumen.pdf"
2021,television,1791.7,convencionales,2024,"InfoAdex, Estudio de la inversión publicitaria en España 2024 (resumen público), tabla «Inversión real estimada (en millones de euros)»: https://www.infoadex.es/home/wp-content/uploads/2024/02/Estudio-InfoAdex-2024-Resumen.pdf"
2022,cine,21.1,convencionales,2024,"InfoAdex, Estudio de la inversión publicitaria en España 2024 (resumen público), tabla «Inversión real estimada (en millones de euros)»: https://www.infoadex.es/home/wp-content/uploads/2024/02/Estudio-InfoAdex-2024-Resumen.pdf"
2022,diarios,340.0,convencionales,2024,"InfoAdex, Estudio de la inversión publicitaria en España 2024 (resumen público), tabla «Inversión real estimada (en millones de euros)»: https://www.infoadex.es/home/wp-content/uploads/2024/02/Estudio-InfoAdex-2024-Resumen.pdf"
2022,dominicales,9.2,convencionales,2024,"InfoAdex, Estudio de la inversión publicitaria en España 2024 (resumen público), tabla «Inversión real estimada (en millones de euros)»: https://www.infoadex.es/home/wp-content/uploads/2024/02/Estudio-InfoAdex-2024-Resumen.pdf"
2022,exterior,350.2,convencionales,2024,"InfoAdex, Estudio de la inversión publicitaria en España 2024 (resumen público), tabla «Inversión real estimada (en millones de euros)»: https://www.infoadex.es/home/wp-content/uploads/2024/02/Estudio-InfoAdex-2024-Resumen.pdf"
2022,gran_total,12212.7,convencionales,2024,"InfoAdex, Estudio de la inversión publicitaria en España 2024 (resumen público), tabla «Inversión real estimada (en millones de euros)»: https://www.infoadex.es/home/wp-content/uploads/2024/02/Estudio-InfoAdex-2024-Resumen.pdf"
2022,internet,2670.7,convencionales,2024,"InfoAdex, Estudio de la inversión publicitaria en España 2024 (resumen público), tabla «Inversión real estimada (en millones de euros)»: https://www.infoadex.es/home/wp-content/uploads/2024/02/Estudio-InfoAdex-2024-Resumen.pdf"
2022,radio,447.2,convencionales,2024,"InfoAdex, Estudio de la inversión publicitaria en España 2024 (resumen público), tabla «Inversión real estimada (en millones de euros)»: https://www.infoadex.es/home/wp-content/uploads/2024/02/Estudio-InfoAdex-2024-Resumen.pdf"
2022,revistas,123.3,convencionales,2024,"InfoAdex, Estudio de la inversión publicitaria en España 2024 (resumen público), tabla «Inversión real estimada (en millones de euros)»: https://www.infoadex.es/home/wp-content/uploads/2024/02/Estudio-InfoAdex-2024-Resumen.pdf"
2022,subtotal_controlados,5692.0,convencionales,2024,"InfoAdex, Estudio de la inversión publicitaria en España 2024 (resumen público), tabla «Inversión real estimada (en millones de euros)»: https://www.infoadex.es/home/wp-content/uploads/2024/02/Estudio-InfoAdex-2024-Resumen.pdf"
2022,subtotal_estimados,6520.7,convencionales,2024,"InfoAdex, Estudio de la inversión publicitaria en España 2024 (resumen público), tabla «Inversión real estimada (en millones de euros)»: https://www.infoadex.es/home/wp-content/uploads/2024/02/Estudio-InfoAdex-2024-Resumen.pdf"
2022,television,1730.3,convencionales,2024,"InfoAdex, Estudio de la inversión publicitaria en España 2024 (resumen público), tabla «Inversión real estimada (en millones de euros)»: https://www.infoadex.es/home/wp-content/uploads/2024/02/Estudio-InfoAdex-2024-Resumen.pdf"
2023,cine,20.5,convencionales,2024,"InfoAdex, Estudio de la inversión publicitaria en España 2024 (resumen público), tabla «Inversión real estimada (en millones de euros)»: https://www.infoadex.es/home/wp-content/uploads/2024/02/Estudio-InfoAdex-2024-Resumen.pdf"
2023,diarios,332.9,convencionales,2024,"InfoAdex, Estudio de la inversión publicitaria en España 2024 (resumen público), tabla «Inversión real estimada (en millones de euros)»: https://www.infoadex.es/home/wp-content/uploads/2024/02/Estudio-InfoAdex-2024-Resumen.pdf"
2023,dominicales,8.3,convencionales,2024,"InfoAdex, Estudio de la inversión publicitaria en España 2024 (resumen público), tabla «Inversión real estimada (en millones de euros)»: https://www.infoadex.es/home/wp-content/uploads/2024/02/Estudio-InfoAdex-2024-Resumen.pdf"
2023,exterior,406.7,convencionales,2024,"InfoAdex, Estudio de la inversión publicitaria en España 2024 (resumen público), tabla «Inversión real estimada (en millones de euros)»: https://www.infoadex.es/home/wp-content/uploads/2024/02/Estudio-InfoAdex-2024-Resumen.pdf"
2023,gran_total,12700.8,convencionales,2024,"InfoAdex, Estudio de la inversión publicitaria en España 2024 (resumen público), tabla «Inversión real estimada (en millones de euros)»: https://www.infoadex.es/home/wp-content/uploads/2024/02/Estudio-InfoAdex-2024-Resumen.pdf"
2023,internet,2810.4,convencionales,2024,"InfoAdex, Estudio de la inversión publicitaria en España 2024 (resumen público), tabla «Inversión real estimada (en millones de euros)»: https://www.infoadex.es/home/wp-content/uploads/2024/02/Estudio-InfoAdex-2024-Resumen.pdf"
2023,radio,461.3,convencionales,2024,"InfoAdex, Estudio de la inversión publicitaria en España 2024 (resumen público), tabla «Inversión real estimada (en millones de euros)»: https://www.infoadex.es/home/wp-content/uploads/2024/02/Estudio-InfoAdex-2024-Resumen.pdf"
2023,revistas,126.0,convencionales,2024,"InfoAdex, Estudio de la inversión publicitaria en España 2024 (resumen público), tabla «Inversión real estimada (en millones de euros)»: https://www.infoadex.es/home/wp-content/uploads/2024/02/Estudio-InfoAdex-2024-Resumen.pdf"
2023,subtotal_controlados,5901.2,convencionales,2024,"InfoAdex, Estudio de la inversión publicitaria en España 2024 (resumen público), tabla «Inversión real estimada (en millones de euros)»: https://www.infoadex.es/home/wp-content/uploads/2024/02/Estudio-InfoAdex-2024-Resumen.pdf"
2023,subtotal_estimados,6.799,convencionales,2024,"InfoAdex, Estudio de la inversión publicitaria en España 2024 (resumen público), tabla «Inversión real estimada (en millones de euros)»: https://www.infoadex.es/home/wp-content/uploads/2024/02/Estudio-InfoAdex-2024-Resumen.pdf"
2023,television,1735.0,convencionales,2024,"InfoAdex, Estudio de la inversión publicitaria en España 2024 (resumen público), tabla «Inversión real estimada (en millones de euros)»: https://www.infoadex.es/home/wp-content/uploads/2024/02/Estudio-InfoAdex-2024-Resumen.pdf"
