edicion,pais_fuente,cod_pais,area,riesgo_pct,fuente
2016,Austria,AT,inclusion_social,34,https://hdl.handle.net/1814/46787 (Austria_EN.pdf)
2016,Austria,AT,independencia_politica,53,https://hdl.handle.net/1814/46787 (Austria_EN.pdf)
2016,Austria,AT,pluralidad_mercado,35,https://hdl.handle.net/1814/46787 (Austria_EN.pdf)
2016,Austria,AT,proteccion_fundamental,22,https://hdl.handle.net/1814/46787 (Austria_EN.pdf)
2016,Belgium,BE,inclusion_social,25,https://hdl.handle.net/1814/46788 (Belgium_EN.pdf)
2016,Belgium,BE,independencia_politica,15,https://hdl.handle.net/1814/46788 (Belgium_EN.pdf)
2016,Belgium,BE,pluralidad_mercado,44,https://hdl.handle.net/1814/46788 (Belgium_EN.pdf)
2016,Belgium,BE,proteccion_fundamental,15,https://hdl.handle.net/1814/46788 (Belgium_EN.pdf)
2016,Bulgaria,BG,inclusion_social,64,https://hdl.handle.net/1814/46789 (Bulgaria_EN.pdf)
2016,Bulgaria,BG,independencia_politica,56,https://hdl.handle.net/1814/46789 (Bulgaria_EN.pdf)
2016,Bulgaria,BG,pluralidad_mercado,71,https://hdl.handle.net/1814/46789 (Bulgaria_EN.pdf)
2016,Bulgaria,BG,proteccion_fundamental,35,https://hdl.handle.net/1814/46789 (Bulgaria_EN.pdf)
2016,Croatia,HR,inclusion_social,52,https://hdl.handle.net/1814/46790 (Croatia_EN.pdf)
2016,Croatia,HR,independencia_politica,55,https://hdl.handle.net/1814/46790 (Croatia_EN.pdf)
2016,Croatia,HR,pluralidad_mercado,34,https://hdl.handle.net/1814/46790 (Croatia_EN.pdf)
2016,Croatia,HR,proteccion_fundamental,34,https://hdl.handle.net/1814/46790 (Croatia_EN.pdf)
2016,Cyprus,CY,inclusion_social,62,https://hdl.handle.net/1814/46791 (Cyprus_EN.pdf)
2016,Cyprus,CY,independencia_politica,49,https://hdl.handle.net/1814/46791 (Cyprus_EN.pdf)
2016,Cyprus,CY,pluralidad_mercado,38,https://hdl.handle.net/1814/46791 (Cyprus_EN.pdf)
2016,Cyprus,CY,proteccion_fundamental,26,https://hdl.handle.net/1814/46791 (Cyprus_EN.pdf)
2016,Czech Republic,CZ,inclusion_social,55,https://hdl.handle.net/1814/46792 (Czech_EN.pdf)
2016,Czech Republic,CZ,independencia_politica,48,https://hdl.handle.net/1814/46792 (Czech_EN.pdf)
2016,Czech Republic,CZ,pluralidad_mercado,64,https://hdl.handle.net/1814/46792 (Czech_EN.pdf)
2016,Czech Republic,CZ,proteccion_fundamental,18,https://hdl.handle.net/1814/46792 (Czech_EN.pdf)
2016,Denmark,DK,inclusion_social,22,https://hdl.handle.net/1814/46793 (Denmark_EN.pdf)
2016,Denmark,DK,independencia_politica,18,https://hdl.handle.net/1814/46793 (Denmark_EN.pdf)
2016,Denmark,DK,pluralidad_mercado,39,https://hdl.handle.net/1814/46793 (Denmark_EN.pdf)
2016,Denmark,DK,proteccion_fundamental,13,https://hdl.handle.net/1814/46793 (Denmark_EN.pdf)
2016,Estonia,EE,inclusion_social,56,https://hdl.handle.net/1814/46794 (Estonia_EN.pdf)
2016,Estonia,EE,independencia_politica,38,https://hdl.handle.net/1814/46794 (Estonia_EN.pdf)
2016,Estonia,EE,pluralidad_mercado,53,https://hdl.handle.net/1814/46794 (Estonia_EN.pdf)
2016,Estonia,EE,proteccion_fundamental,20,https://hdl.handle.net/1814/46794 (Estonia_EN.pdf)
2016,Finland,FI,inclusion_social,43,https://hdl.handle.net/1814/46795 (Finland_EN.pdf)
2016,Finland,FI,independencia_politica,44,https://hdl.handle.net/1814/46795 (Finland_EN.pdf)
2016,Finland,FI,pluralidad_mercado,61,https://hdl.handle.net/1814/46795 (Finland_EN.pdf)
2016,Finland,FI,proteccion_fundamental,17,https://hdl.handle.net/1814/46795 (Finland_EN.pdf)
2016,France,FR,inclusion_social,25,https://hdl.handle.net/1814/46796 (France_EN_rev.pdf)
2016,France,FR,independencia_politica,11,https://hdl.handle.net/1814/46796 (France_EN_rev.pdf)
2016,France,FR,pluralidad_mercado,21,https://hdl.handle.net/1814/46796 (France_EN_rev.pdf)
2016,France,FR,proteccion_fundamental,22,https://hdl.handle.net/1814/46796 (France_EN_rev.pdf)
2016,Germany,DE,inclusion_social,38,https://hdl.handle.net/1814/46797 (Germany_EN.pdf)
2016,Germany,DE,independencia_politica,11,https://hdl.handle.net/1814/46797 (Germany_EN.pdf)
2016,Germany,DE,pluralidad_mercado,24,https://hdl.handle.net/1814/46797 (Germany_EN.pdf)
2016,Germany,DE,proteccion_fundamental,13,https://hdl.handle.net/1814/46797 (Germany_EN.pdf)
2016,Greece,GR,inclusion_social,67,https://hdl.handle.net/1814/46798 (Greece_EN.pdf)
2016,Greece,GR,independencia_politica,49,https://hdl.handle.net/1814/46798 (Greece_EN.pdf)
2016,Greece,GR,pluralidad_mercado,51,https://hdl.handle.net/1814/46798 (Greece_EN.pdf)
2016,Greece,GR,proteccion_fundamental,34,https://hdl.handle.net/1814/46798 (Greece_EN.pdf)
2016,Hungary,HU,inclusion_social,46,https://hdl.handle.net/1814/46799 (Hungary_EN.pdf)
2016,Hungary,HU,independencia_politica,85,https://hdl.handle.net/1814/46799 (Hungary_EN.pdf)
2016,Hungary,HU,pluralidad_mercado,54,https://hdl.handle.net/1814/46799 (Hungary_EN.pdf)
2016,Hungary,HU,proteccion_fundamental,58,https://hdl.handle.net/1814/46799 (Hungary_EN.pdf)
2016,Ireland,IE,inclusion_social,51,https://hdl.handle.net/1814/46800 (Ireland_EN.pdf)
2016,Ireland,IE,independencia_politica,39,https://hdl.handle.net/1814/46800 (Ireland_EN.pdf)
2016,Ireland,IE,pluralidad_mercado,47,https://hdl.handle.net/1814/46800 (Ireland_EN.pdf)
2016,Ireland,IE,proteccion_fundamental,26,https://hdl.handle.net/1814/46800 (Ireland_EN.pdf)
2016,Italy,IT,inclusion_social,56,https://hdl.handle.net/1814/46801 (Italy_EN.pdf)
2016,Italy,IT,independencia_politica,51,https://hdl.handle.net/1814/46801 (Italy_EN.pdf)
2016,Italy,IT,pluralidad_mercado,43,https://hdl.handle.net/1814/46801 (Italy_EN.pdf)
2016,Italy,IT,proteccion_fundamental,32,https://hdl.handle.net/1814/46801 (Italy_EN.pdf)
2016,Latvia,LV,inclusion_social,69,https://hdl.handle.net/1814/46802 (Latvia_EN.pdf)
2016,Latvia,LV,independencia_politica,63,https://hdl.handle.net/1814/46802 (Latvia_EN.pdf)
2016,Latvia,LV,pluralidad_mercado,61,https://hdl.handle.net/1814/46802 (Latvia_EN.pdf)
2016,Latvia,LV,proteccion_fundamental,37,https://hdl.handle.net/1814/46802 (Latvia_EN.pdf)
2016,Lithuania,LT,inclusion_social,66,https://hdl.handle.net/1814/46803 (Lithuania_EN.pdf)
2016,Lithuania,LT,independencia_politica,35,https://hdl.handle.net/1814/46803 (Lithuania_EN.pdf)
2016,Lithuania,LT,pluralidad_mercado,57,https://hdl.handle.net/1814/46803 (Lithuania_EN.pdf)
2016,Lithuania,LT,proteccion_fundamental,18,https://hdl.handle.net/1814/46803 (Lithuania_EN.pdf)
2016,Luxembourg,LU,inclusion_social,56,https://hdl.handle.net/1814/46804 (Luxembourg_EN.pdf)
2016,Luxembourg,LU,independencia_politica,47,https://hdl.handle.net/1814/46804 (Luxembourg_EN.pdf)
2016,Luxembourg,LU,pluralidad_mercado,68,https://hdl.handle.net/1814/46804 (Luxembourg_EN.pdf)
2016,Luxembourg,LU,proteccion_fundamental,35,https://hdl.handle.net/1814/46804 (Luxembourg_EN.pdf)
2016,Malta,MT,inclusion_social,45,https://hdl.handle.net/1814/46805 (Malta_EN.pdf)
2016,Malta,MT,independencia_politica,62,https://hdl.handle.net/1814/46805 (Malta_EN.pdf)
2016,Malta,MT,pluralidad_mercado,61,https://hdl.handle.net/1814/46805 (Malta_EN.pdf)
2016,Malta,MT,proteccion_fundamental,23,https://hdl.handle.net/1814/46805 (Malta_EN.pdf)
2016,Montenegro,ME,inclusion_social,57,https://hdl.handle.net/1814/46815 (Montenegro_EN.pdf)
2016,Montenegro,ME,independencia_politica,68,https://hdl.handle.net/1814/46815 (Montenegro_EN.pdf)
2016,Montenegro,ME,pluralidad_mercado,63,https://hdl.handle.net/1814/46815 (Montenegro_EN.pdf)
2016,Montenegro,ME,proteccion_fundamental,35,https://hdl.handle.net/1814/46815 (Montenegro_EN.pdf)
2016,Netherlands,NL,inclusion_social,26,https://hdl.handle.net/1814/46806 (Netherland_EN.pdf)
2016,Netherlands,NL,independencia_politica,26,https://hdl.handle.net/1814/46806 (Netherland_EN.pdf)
2016,Netherlands,NL,pluralidad_mercado,37,https://hdl.handle.net/1814/46806 (Netherland_EN.pdf)
2016,Netherlands,NL,proteccion_fundamental,14,https://hdl.handle.net/1814/46806 (Netherland_EN.pdf)
2016,Poland,PL,inclusion_social,47,https://hdl.handle.net/1814/46807 (Poland_EN.pdf)
2016,Poland,PL,independencia_politica,63,https://hdl.handle.net/1814/46807 (Poland_EN.pdf)
2016,Poland,PL,pluralidad_mercado,66,https://hdl.handle.net/1814/46807 (Poland_EN.pdf)
2016,Poland,PL,proteccion_fundamental,36,https://hdl.handle.net/1814/46807 (Poland_EN.pdf)
2016,Portugal,PT,inclusion_social,46,https://hdl.handle.net/1814/46808 (Portugal_EN.pdf)
2016,Portugal,PT,independencia_politica,11,https://hdl.handle.net/1814/46808 (Portugal_EN.pdf)
2016,Portugal,PT,pluralidad_mercado,27,https://hdl.handle.net/1814/46808 (Portugal_EN.pdf)
2016,Portugal,PT,proteccion_fundamental,15,https://hdl.handle.net/1814/46808 (Portugal_EN.pdf)
2016,Romania,RO,inclusion_social,54,https://hdl.handle.net/1814/46809 (Romania_EN.pdf)
2016,Romania,RO,independencia_politica,65,https://hdl.handle.net/1814/46809 (Romania_EN.pdf)
2016,Romania,RO,pluralidad_mercado,64,https://hdl.handle.net/1814/46809 (Romania_EN.pdf)
2016,Romania,RO,proteccion_fundamental,34,https://hdl.handle.net/1814/46809 (Romania_EN.pdf)
2016,Slovakia,SK,inclusion_social,34,https://hdl.handle.net/1814/46810 (Slovachia_EN.pdf)
2016,Slovakia,SK,independencia_politica,53,https://hdl.handle.net/1814/46810 (Slovachia_EN.pdf)
2016,Slovakia,SK,pluralidad_mercado,35,https://hdl.handle.net/1814/46810 (Slovachia_EN.pdf)
2016,Slovakia,SK,proteccion_fundamental,22,https://hdl.handle.net/1814/46810 (Slovachia_EN.pdf)
2016,Slovenia,SI,inclusion_social,64,https://hdl.handle.net/1814/46811 (Slovenia_EN.pdf)
2016,Slovenia,SI,independencia_politica,76,https://hdl.handle.net/1814/46811 (Slovenia_EN.pdf)
2016,Slovenia,SI,pluralidad_mercado,50,https://hdl.handle.net/1814/46811 (Slovenia_EN.pdf)
2016,Slovenia,SI,proteccion_fundamental,33,https://hdl.handle.net/1814/46811 (Slovenia_EN.pdf)
2016,Spain,ES,inclusion_social,41,https://hdl.handle.net/1814/46812 (Cover_Spain_rev2EN.pdf)
2016,Spain,ES,independencia_politica,54,https://hdl.handle.net/1814/46812 (Cover_Spain_rev2EN.pdf)
2016,Spain,ES,pluralidad_mercado,42,https://hdl.handle.net/1814/46812 (Cover_Spain_rev2EN.pdf)
2016,Spain,ES,proteccion_fundamental,35,https://hdl.handle.net/1814/46812 (Cover_Spain_rev2EN.pdf)
2016,Sweden,SE,inclusion_social,19,https://hdl.handle.net/1814/46813 (Sweden_EN.pdf)
2016,Sweden,SE,independencia_politica,7,https://hdl.handle.net/1814/46813 (Sweden_EN.pdf)
2016,Sweden,SE,pluralidad_mercado,50,https://hdl.handle.net/1814/46813 (Sweden_EN.pdf)
2016,Sweden,SE,proteccion_fundamental,13,https://hdl.handle.net/1814/46813 (Sweden_EN.pdf)
2016,Turkey,TR,inclusion_social,70,https://hdl.handle.net/1814/46816 (Turkey_EN.pdf)
2016,Turkey,TR,independencia_politica,89,https://hdl.handle.net/1814/46816 (Turkey_EN.pdf)
2016,Turkey,TR,pluralidad_mercado,50,https://hdl.handle.net/1814/46816 (Turkey_EN.pdf)
2016,Turkey,TR,proteccion_fundamental,68,https://hdl.handle.net/1814/46816 (Turkey_EN.pdf)
2016,United Kingdom,GB,inclusion_social,24,https://hdl.handle.net/1814/46814 (UK_EN.pdf)
2016,United Kingdom,GB,independencia_politica,27,https://hdl.handle.net/1814/46814 (UK_EN.pdf)
2016,United Kingdom,GB,pluralidad_mercado,58,https://hdl.handle.net/1814/46814 (UK_EN.pdf)
2016,United Kingdom,GB,proteccion_fundamental,15,https://hdl.handle.net/1814/46814 (UK_EN.pdf)
2017,Austria,AT,inclusion_social,46,https://hdl.handle.net/1814/61130 (2018_Austria_EN.pdf)
2017,Austria,AT,independencia_politica,46,https://hdl.handle.net/1814/61130 (2018_Austria_EN.pdf)
2017,Austria,AT,pluralidad_mercado,43,https://hdl.handle.net/1814/61130 (2018_Austria_EN.pdf)
2017,Austria,AT,proteccion_fundamental,29,https://hdl.handle.net/1814/61130 (2018_Austria_EN.pdf)
2017,Belgium,BE,inclusion_social,41,https://hdl.handle.net/1814/61131 (2018_Belgium_EN.pdf)
2017,Belgium,BE,independencia_politica,13,https://hdl.handle.net/1814/61131 (2018_Belgium_EN.pdf)
2017,Belgium,BE,pluralidad_mercado,47,https://hdl.handle.net/1814/61131 (2018_Belgium_EN.pdf)
2017,Belgium,BE,proteccion_fundamental,8,https://hdl.handle.net/1814/61131 (2018_Belgium_EN.pdf)
2017,Bulgaria,BG,inclusion_social,73,https://hdl.handle.net/1814/61132 (2018_Bulgaria_EN.pdf)
2017,Bulgaria,BG,independencia_politica,63,https://hdl.handle.net/1814/61132 (2018_Bulgaria_EN.pdf)
2017,Bulgaria,BG,pluralidad_mercado,71,https://hdl.handle.net/1814/61132 (2018_Bulgaria_EN.pdf)
2017,Bulgaria,BG,proteccion_fundamental,41,https://hdl.handle.net/1814/61132 (2018_Bulgaria_EN.pdf)
2017,Croatia,HR,inclusion_social,62,https://hdl.handle.net/1814/61133 (2018_Croatia_EN.pdf)
2017,Croatia,HR,independencia_politica,59,https://hdl.handle.net/1814/61133 (2018_Croatia_EN.pdf)
2017,Croatia,HR,pluralidad_mercado,45,https://hdl.handle.net/1814/61133 (2018_Croatia_EN.pdf)
2017,Croatia,HR,proteccion_fundamental,36,https://hdl.handle.net/1814/61133 (2018_Croatia_EN.pdf)
2017,Cyprus,CY,inclusion_social,70,https://hdl.handle.net/1814/61134 (2018_Cyprus_EN.pdf)
2017,Cyprus,CY,independencia_politica,45,https://hdl.handle.net/1814/61134 (2018_Cyprus_EN.pdf)
2017,Cyprus,CY,pluralidad_mercado,36,https://hdl.handle.net/1814/61134 (2018_Cyprus_EN.pdf)
2017,Cyprus,CY,proteccion_fundamental,29,https://hdl.handle.net/1814/61134 (2018_Cyprus_EN.pdf)
2017,Czech Republic,CZ,inclusion_social,53,https://hdl.handle.net/1814/61135 (2018_Czech_Republic_EN.pdf)
2017,Czech Republic,CZ,independencia_politica,49,https://hdl.handle.net/1814/61135 (2018_Czech_Republic_EN.pdf)
2017,Czech Republic,CZ,pluralidad_mercado,67,https://hdl.handle.net/1814/61135 (2018_Czech_Republic_EN.pdf)
2017,Czech Republic,CZ,proteccion_fundamental,24,https://hdl.handle.net/1814/61135 (2018_Czech_Republic_EN.pdf)
2017,Denmark,DK,inclusion_social,28,https://hdl.handle.net/1814/61136 (2018_Denmark_EN.pdf)
2017,Denmark,DK,independencia_politica,21,https://hdl.handle.net/1814/61136 (2018_Denmark_EN.pdf)
2017,Denmark,DK,pluralidad_mercado,50,https://hdl.handle.net/1814/61136 (2018_Denmark_EN.pdf)
2017,Denmark,DK,proteccion_fundamental,13,https://hdl.handle.net/1814/61136 (2018_Denmark_EN.pdf)
2017,Estonia,EE,inclusion_social,60,https://hdl.handle.net/1814/61137 (2018_Estonia_EN.pdf)
2017,Estonia,EE,independencia_politica,27,https://hdl.handle.net/1814/61137 (2018_Estonia_EN.pdf)
2017,Estonia,EE,pluralidad_mercado,68,https://hdl.handle.net/1814/61137 (2018_Estonia_EN.pdf)
2017,Estonia,EE,proteccion_fundamental,29,https://hdl.handle.net/1814/61137 (2018_Estonia_EN.pdf)
2017,FYRoM,MK,inclusion_social,68,https://hdl.handle.net/1814/61140 (2018_FYRoM_EN.pdf)
2017,FYRoM,MK,independencia_politica,50,https://hdl.handle.net/1814/61140 (2018_FYRoM_EN.pdf)
2017,FYRoM,MK,pluralidad_mercado,54,https://hdl.handle.net/1814/61140 (2018_FYRoM_EN.pdf)
2017,FYRoM,MK,proteccion_fundamental,44,https://hdl.handle.net/1814/61140 (2018_FYRoM_EN.pdf)
2017,Finland,FI,inclusion_social,50,https://hdl.handle.net/1814/61138 (2018_Finland_EN.pdf)
2017,Finland,FI,independencia_politica,44,https://hdl.handle.net/1814/61138 (2018_Finland_EN.pdf)
2017,Finland,FI,pluralidad_mercado,68,https://hdl.handle.net/1814/61138 (2018_Finland_EN.pdf)
2017,Finland,FI,proteccion_fundamental,23,https://hdl.handle.net/1814/61138 (2018_Finland_EN.pdf)
2017,France,FR,inclusion_social,28,https://hdl.handle.net/1814/61139 (2018_France_EN.pdf)
2017,France,FR,independencia_politica,16,https://hdl.handle.net/1814/61139 (2018_France_EN.pdf)
2017,France,FR,pluralidad_mercado,23,https://hdl.handle.net/1814/61139 (2018_France_EN.pdf)
2017,France,FR,proteccion_fundamental,22,https://hdl.handle.net/1814/61139 (2018_France_EN.pdf)
2017,Germany,DE,inclusion_social,38,https://hdl.handle.net/1814/61141 (2018_Germany_EN.pdf)
2017,Germany,DE,independencia_politica,18,https://hdl.handle.net/1814/61141 (2018_Germany_EN.pdf)
2017,Germany,DE,pluralidad_mercado,28,https://hdl.handle.net/1814/61141 (2018_Germany_EN.pdf)
2017,Germany,DE,proteccion_fundamental,22,https://hdl.handle.net/1814/61141 (2018_Germany_EN.pdf)
2017,Greece,GR,inclusion_social,78,https://hdl.handle.net/1814/61142 (2018_Greece_EN.pdf)
2017,Greece,GR,independencia_politica,54,https://hdl.handle.net/1814/61142 (2018_Greece_EN.pdf)
2017,Greece,GR,pluralidad_mercado,58,https://hdl.handle.net/1814/61142 (2018_Greece_EN.pdf)
2017,Greece,GR,proteccion_fundamental,45,https://hdl.handle.net/1814/61142 (2018_Greece_EN.pdf)
2017,Hungary,HU,inclusion_social,59,https://hdl.handle.net/1814/61143 (2018_Hungary_EN.pdf)
2017,Hungary,HU,independencia_politica,79,https://hdl.handle.net/1814/61143 (2018_Hungary_EN.pdf)
2017,Hungary,HU,pluralidad_mercado,63,https://hdl.handle.net/1814/61143 (2018_Hungary_EN.pdf)
2017,Hungary,HU,proteccion_fundamental,44,https://hdl.handle.net/1814/61143 (2018_Hungary_EN.pdf)
2017,Ireland,IE,inclusion_social,61,https://hdl.handle.net/1814/61144 (2018_Ireland.pdf)
2017,Ireland,IE,independencia_politica,11,https://hdl.handle.net/1814/61144 (2018_Ireland.pdf)
2017,Ireland,IE,pluralidad_mercado,57,https://hdl.handle.net/1814/61144 (2018_Ireland.pdf)
2017,Ireland,IE,proteccion_fundamental,29,https://hdl.handle.net/1814/61144 (2018_Ireland.pdf)
2017,Italy,IT,inclusion_social,56,https://hdl.handle.net/1814/61145 (2018_Italy_EN.pdf)
2017,Italy,IT,independencia_politica,50,https://hdl.handle.net/1814/61145 (2018_Italy_EN.pdf)
2017,Italy,IT,pluralidad_mercado,42,https://hdl.handle.net/1814/61145 (2018_Italy_EN.pdf)
2017,Italy,IT,proteccion_fundamental,36,https://hdl.handle.net/1814/61145 (2018_Italy_EN.pdf)
2017,Latvia,LV,inclusion_social,58,https://hdl.handle.net/1814/61146 (2018_Latvia_EN.pdf)
2017,Latvia,LV,independencia_politica,52,https://hdl.handle.net/1814/61146 (2018_Latvia_EN.pdf)
2017,Latvia,LV,pluralidad_mercado,60,https://hdl.handle.net/1814/61146 (2018_Latvia_EN.pdf)
2017,Latvia,LV,proteccion_fundamental,37,https://hdl.handle.net/1814/61146 (2018_Latvia_EN.pdf)
2017,Lithuania,LT,inclusion_social,48,https://hdl.handle.net/1814/61147 (2018_Lithuania_EN.pdf)
2017,Lithuania,LT,independencia_politica,48,https://hdl.handle.net/1814/61147 (2018_Lithuania_EN.pdf)
2017,Lithuania,LT,pluralidad_mercado,56,https://hdl.handle.net/1814/61147 (2018_Lithuania_EN.pdf)
2017,Lithuania,LT,proteccion_fundamental,23,https://hdl.handle.net/1814/61147 (2018_Lithuania_EN.pdf)
2017,Luxembourg,LU,inclusion_social,68,https://hdl.handle.net/1814/61148 (2018_Luxembourg_EN.pdf)
2017,Luxembourg,LU,independencia_politica,57,https://hdl.handle.net/1814/61148 (2018_Luxembourg_EN.pdf)
2017,Luxembourg,LU,pluralidad_mercado,60,https://hdl.handle.net/1814/61148 (2018_Luxembourg_EN.pdf)
2017,Luxembourg,LU,proteccion_fundamental,31,https://hdl.handle.net/1814/61148 (2018_Luxembourg_EN.pdf)
2017,Malta,MT,inclusion_social,58,https://hdl.handle.net/1814/61149 (2018_Malta_EN.pdf)
2017,Malta,MT,independencia_politica,63,https://hdl.handle.net/1814/61149 (2018_Malta_EN.pdf)
2017,Malta,MT,pluralidad_mercado,61,https://hdl.handle.net/1814/61149 (2018_Malta_EN.pdf)
2017,Malta,MT,proteccion_fundamental,36,https://hdl.handle.net/1814/61149 (2018_Malta_EN.pdf)
2017,Poland,PL,inclusion_social,64,https://hdl.handle.net/1814/61151 (2018_Poland_EN.pdf)
2017,Poland,PL,independencia_politica,69,https://hdl.handle.net/1814/61151 (2018_Poland_EN.pdf)
2017,Poland,PL,pluralidad_mercado,70,https://hdl.handle.net/1814/61151 (2018_Poland_EN.pdf)
2017,Poland,PL,proteccion_fundamental,44,https://hdl.handle.net/1814/61151 (2018_Poland_EN.pdf)
2017,Portugal,PT,inclusion_social,61,https://hdl.handle.net/1814/61152 (2018_Portugal_EN.pdf)
2017,Portugal,PT,independencia_politica,11,https://hdl.handle.net/1814/61152 (2018_Portugal_EN.pdf)
2017,Portugal,PT,pluralidad_mercado,34,https://hdl.handle.net/1814/61152 (2018_Portugal_EN.pdf)
2017,Portugal,PT,proteccion_fundamental,38,https://hdl.handle.net/1814/61152 (2018_Portugal_EN.pdf)
2017,Romania,RO,inclusion_social,64,https://hdl.handle.net/1814/61153 (2018_Romania_EN.pdf)
2017,Romania,RO,independencia_politica,63,https://hdl.handle.net/1814/61153 (2018_Romania_EN.pdf)
2017,Romania,RO,pluralidad_mercado,75,https://hdl.handle.net/1814/61153 (2018_Romania_EN.pdf)
2017,Romania,RO,proteccion_fundamental,40,https://hdl.handle.net/1814/61153 (2018_Romania_EN.pdf)
2017,Serbia,RS,inclusion_social,63,https://hdl.handle.net/1814/61154 (2018_Serbia_EN.pdf)
2017,Serbia,RS,independencia_politica,65,https://hdl.handle.net/1814/61154 (2018_Serbia_EN.pdf)
2017,Serbia,RS,pluralidad_mercado,46,https://hdl.handle.net/1814/61154 (2018_Serbia_EN.pdf)
2017,Serbia,RS,proteccion_fundamental,35,https://hdl.handle.net/1814/61154 (2018_Serbia_EN.pdf)
2017,Slovakia,SK,inclusion_social,48,https://hdl.handle.net/1814/61155 (2018_Slovakia.pdf)
2017,Slovakia,SK,independencia_politica,45,https://hdl.handle.net/1814/61155 (2018_Slovakia.pdf)
2017,Slovakia,SK,pluralidad_mercado,44,https://hdl.handle.net/1814/61155 (2018_Slovakia.pdf)
2017,Slovakia,SK,proteccion_fundamental,24,https://hdl.handle.net/1814/61155 (2018_Slovakia.pdf)
2017,Slovenia,SI,inclusion_social,65,https://hdl.handle.net/1814/61156 (2018_Slovenia_EN.pdf)
2017,Slovenia,SI,independencia_politica,69,https://hdl.handle.net/1814/61156 (2018_Slovenia_EN.pdf)
2017,Slovenia,SI,pluralidad_mercado,60,https://hdl.handle.net/1814/61156 (2018_Slovenia_EN.pdf)
2017,Slovenia,SI,proteccion_fundamental,35,https://hdl.handle.net/1814/61156 (2018_Slovenia_EN.pdf)
2017,Spain,ES,inclusion_social,52,https://hdl.handle.net/1814/61157 (2018_Spain_EN.pdf)
2017,Spain,ES,independencia_politica,49,https://hdl.handle.net/1814/61157 (2018_Spain_EN.pdf)
2017,Spain,ES,pluralidad_mercado,46,https://hdl.handle.net/1814/61157 (2018_Spain_EN.pdf)
2017,Spain,ES,proteccion_fundamental,43,https://hdl.handle.net/1814/61157 (2018_Spain_EN.pdf)
2017,Sweden,SE,inclusion_social,17,https://hdl.handle.net/1814/61158 (2018_Sweden_EN.pdf)
2017,Sweden,SE,independencia_politica,7,https://hdl.handle.net/1814/61158 (2018_Sweden_EN.pdf)
2017,Sweden,SE,pluralidad_mercado,59,https://hdl.handle.net/1814/61158 (2018_Sweden_EN.pdf)
2017,Sweden,SE,proteccion_fundamental,9,https://hdl.handle.net/1814/61158 (2018_Sweden_EN.pdf)
2017,The Netherlands,NL,inclusion_social,32,https://hdl.handle.net/1814/61150 (2018_Netherlands_EN.pdf)
2017,The Netherlands,NL,independencia_politica,23,https://hdl.handle.net/1814/61150 (2018_Netherlands_EN.pdf)
2017,The Netherlands,NL,pluralidad_mercado,46,https://hdl.handle.net/1814/61150 (2018_Netherlands_EN.pdf)
2017,The Netherlands,NL,proteccion_fundamental,13,https://hdl.handle.net/1814/61150 (2018_Netherlands_EN.pdf)
2017,Turkey,TR,inclusion_social,78,https://hdl.handle.net/1814/61159 (2018_Turkey_EN.pdf)
2017,Turkey,TR,independencia_politica,91,https://hdl.handle.net/1814/61159 (2018_Turkey_EN.pdf)
2017,Turkey,TR,pluralidad_mercado,54,https://hdl.handle.net/1814/61159 (2018_Turkey_EN.pdf)
2017,Turkey,TR,proteccion_fundamental,81,https://hdl.handle.net/1814/61159 (2018_Turkey_EN.pdf)
2017,United Kingdom,GB,inclusion_social,35,https://hdl.handle.net/1814/61160 (2018_United_Kingdom_EN.pdf)
2017,United Kingdom,GB,independencia_politica,29,https://hdl.handle.net/1814/61160 (2018_United_Kingdom_EN.pdf)
2017,United Kingdom,GB,pluralidad_mercado,41,https://hdl.handle.net/1814/61160 (2018_United_Kingdom_EN.pdf)
2017,United Kingdom,GB,proteccion_fundamental,22,https://hdl.handle.net/1814/61160 (2018_United_Kingdom_EN.pdf)
2020,Albania,AL,inclusion_social,69,https://hdl.handle.net/1814/67816 (albania_results_mpm_2020_cmpf.pdf)
2020,Albania,AL,independencia_politica,62,https://hdl.handle.net/1814/67816 (albania_results_mpm_2020_cmpf.pdf)
2020,Albania,AL,pluralidad_mercado,80,https://hdl.handle.net/1814/67816 (albania_results_mpm_2020_cmpf.pdf)
2020,Albania,AL,proteccion_fundamental,53,https://hdl.handle.net/1814/67816 (albania_results_mpm_2020_cmpf.pdf)
2020,Austria,AT,inclusion_social,50,https://hdl.handle.net/1814/67793 (austria_results_mpm_2020_cmpf.pdf)
2020,Austria,AT,independencia_politica,53,https://hdl.handle.net/1814/67793 (austria_results_mpm_2020_cmpf.pdf)
2020,Austria,AT,pluralidad_mercado,65,https://hdl.handle.net/1814/67793 (austria_results_mpm_2020_cmpf.pdf)
2020,Austria,AT,proteccion_fundamental,26,https://hdl.handle.net/1814/67793 (austria_results_mpm_2020_cmpf.pdf)
2020,Belgium,BE,inclusion_social,42,https://hdl.handle.net/1814/67794 (belgium_results_mpm_2020_cmpf.pdf)
2020,Belgium,BE,independencia_politica,18,https://hdl.handle.net/1814/67794 (belgium_results_mpm_2020_cmpf.pdf)
2020,Belgium,BE,pluralidad_mercado,62,https://hdl.handle.net/1814/67794 (belgium_results_mpm_2020_cmpf.pdf)
2020,Belgium,BE,proteccion_fundamental,26,https://hdl.handle.net/1814/67794 (belgium_results_mpm_2020_cmpf.pdf)
2020,Bulgaria,BG,inclusion_social,74,https://hdl.handle.net/1814/67795 (bulgaria_results_mpm_2020_cmpf.pdf)
2020,Bulgaria,BG,independencia_politica,67,https://hdl.handle.net/1814/67795 (bulgaria_results_mpm_2020_cmpf.pdf)
2020,Bulgaria,BG,pluralidad_mercado,78,https://hdl.handle.net/1814/67795 (bulgaria_results_mpm_2020_cmpf.pdf)
2020,Bulgaria,BG,proteccion_fundamental,45,https://hdl.handle.net/1814/67795 (bulgaria_results_mpm_2020_cmpf.pdf)
2020,Croatia,HR,inclusion_social,65,https://hdl.handle.net/1814/67796 (croatia_results_mpm_2020_cmpf.pdf)
2020,Croatia,HR,independencia_politica,58,https://hdl.handle.net/1814/67796 (croatia_results_mpm_2020_cmpf.pdf)
2020,Croatia,HR,pluralidad_mercado,69,https://hdl.handle.net/1814/67796 (croatia_results_mpm_2020_cmpf.pdf)
2020,Croatia,HR,proteccion_fundamental,45,https://hdl.handle.net/1814/67796 (croatia_results_mpm_2020_cmpf.pdf)
2020,Cyprus,CY,inclusion_social,83,https://hdl.handle.net/1814/67797 (cyprus_results_mpm_2020_cmpf.pdf)
2020,Cyprus,CY,independencia_politica,59,https://hdl.handle.net/1814/67797 (cyprus_results_mpm_2020_cmpf.pdf)
2020,Cyprus,CY,pluralidad_mercado,74,https://hdl.handle.net/1814/67797 (cyprus_results_mpm_2020_cmpf.pdf)
2020,Cyprus,CY,proteccion_fundamental,37,https://hdl.handle.net/1814/67797 (cyprus_results_mpm_2020_cmpf.pdf)
2020,Czech Republic,CZ,inclusion_social,50,https://hdl.handle.net/1814/67798 (czech_republic_results_mpm_2020_cmpf.pdf)
2020,Czech Republic,CZ,independencia_politica,56,https://hdl.handle.net/1814/67798 (czech_republic_results_mpm_2020_cmpf.pdf)
2020,Czech Republic,CZ,pluralidad_mercado,74,https://hdl.handle.net/1814/67798 (czech_republic_results_mpm_2020_cmpf.pdf)
2020,Czech Republic,CZ,proteccion_fundamental,27,https://hdl.handle.net/1814/67798 (czech_republic_results_mpm_2020_cmpf.pdf)
2020,Denmark,DK,inclusion_social,38,https://hdl.handle.net/1814/67799 (denmark_results_mpm_2020_cmpf.pdf)
2020,Denmark,DK,independencia_politica,26,https://hdl.handle.net/1814/67799 (denmark_results_mpm_2020_cmpf.pdf)
2020,Denmark,DK,pluralidad_mercado,50,https://hdl.handle.net/1814/67799 (denmark_results_mpm_2020_cmpf.pdf)
2020,Denmark,DK,proteccion_fundamental,16,https://hdl.handle.net/1814/67799 (denmark_results_mpm_2020_cmpf.pdf)
2020,Estonia,EE,inclusion_social,41,https://hdl.handle.net/1814/67800 (estonia_results_mpm_2020_cmpf.pdf)
2020,Estonia,EE,independencia_politica,36,https://hdl.handle.net/1814/67800 (estonia_results_mpm_2020_cmpf.pdf)
2020,Estonia,EE,pluralidad_mercado,61,https://hdl.handle.net/1814/67800 (estonia_results_mpm_2020_cmpf.pdf)
2020,Estonia,EE,proteccion_fundamental,22,https://hdl.handle.net/1814/67800 (estonia_results_mpm_2020_cmpf.pdf)
2020,Finland,FI,inclusion_social,50,https://hdl.handle.net/1814/67801 (finland_results_mpm_2020_cmpf.pdf)
2020,Finland,FI,independencia_politica,43,https://hdl.handle.net/1814/67801 (finland_results_mpm_2020_cmpf.pdf)
2020,Finland,FI,pluralidad_mercado,70,https://hdl.handle.net/1814/67801 (finland_results_mpm_2020_cmpf.pdf)
2020,Finland,FI,proteccion_fundamental,28,https://hdl.handle.net/1814/67801 (finland_results_mpm_2020_cmpf.pdf)
2020,France,FR,inclusion_social,26,https://hdl.handle.net/1814/67802 (france_results_mpm_2020_cmpf.pdf)
2020,France,FR,independencia_politica,8,https://hdl.handle.net/1814/67802 (france_results_mpm_2020_cmpf.pdf)
2020,France,FR,pluralidad_mercado,45,https://hdl.handle.net/1814/67802 (france_results_mpm_2020_cmpf.pdf)
2020,France,FR,proteccion_fundamental,24,https://hdl.handle.net/1814/67802 (france_results_mpm_2020_cmpf.pdf)
2020,Germany,DE,inclusion_social,35,https://hdl.handle.net/1814/67803 (germany_results_mpm_2020_cmpf.pdf)
2020,Germany,DE,independencia_politica,13,https://hdl.handle.net/1814/67803 (germany_results_mpm_2020_cmpf.pdf)
2020,Germany,DE,pluralidad_mercado,38,https://hdl.handle.net/1814/67803 (germany_results_mpm_2020_cmpf.pdf)
2020,Germany,DE,proteccion_fundamental,14,https://hdl.handle.net/1814/67803 (germany_results_mpm_2020_cmpf.pdf)
2020,Greece,GR,inclusion_social,66,https://hdl.handle.net/1814/67804 (greece_results_mpm_2020_cmpf.pdf)
2020,Greece,GR,independencia_politica,49,https://hdl.handle.net/1814/67804 (greece_results_mpm_2020_cmpf.pdf)
2020,Greece,GR,pluralidad_mercado,66,https://hdl.handle.net/1814/67804 (greece_results_mpm_2020_cmpf.pdf)
2020,Greece,GR,proteccion_fundamental,31,https://hdl.handle.net/1814/67804 (greece_results_mpm_2020_cmpf.pdf)
2020,Hungary,HU,inclusion_social,53,https://hdl.handle.net/1814/67805 (hungary_results_mpm_2020_cmpf.pdf)
2020,Hungary,HU,independencia_politica,82,https://hdl.handle.net/1814/67805 (hungary_results_mpm_2020_cmpf.pdf)
2020,Hungary,HU,pluralidad_mercado,71,https://hdl.handle.net/1814/67805 (hungary_results_mpm_2020_cmpf.pdf)
2020,Hungary,HU,proteccion_fundamental,43,https://hdl.handle.net/1814/67805 (hungary_results_mpm_2020_cmpf.pdf)
2020,Ireland,IE,inclusion_social,47,https://hdl.handle.net/1814/67806 (ireland_results_mpm_2020_cmpf.pdf)
2020,Ireland,IE,independencia_politica,36,https://hdl.handle.net/1814/67806 (ireland_results_mpm_2020_cmpf.pdf)
2020,Ireland,IE,pluralidad_mercado,65,https://hdl.handle.net/1814/67806 (ireland_results_mpm_2020_cmpf.pdf)
2020,Ireland,IE,proteccion_fundamental,26,https://hdl.handle.net/1814/67806 (ireland_results_mpm_2020_cmpf.pdf)
2020,Italy,IT,inclusion_social,51,https://hdl.handle.net/1814/67807 (italy_results_mpm_2020_cmpf.pdf)
2020,Italy,IT,independencia_politica,51,https://hdl.handle.net/1814/67807 (italy_results_mpm_2020_cmpf.pdf)
2020,Italy,IT,pluralidad_mercado,63,https://hdl.handle.net/1814/67807 (italy_results_mpm_2020_cmpf.pdf)
2020,Italy,IT,proteccion_fundamental,36,https://hdl.handle.net/1814/67807 (italy_results_mpm_2020_cmpf.pdf)
2020,Latvia,LV,inclusion_social,41,https://hdl.handle.net/1814/67808 (latvia_results_mpm_2020_cmpf.pdf)
2020,Latvia,LV,independencia_politica,44,https://hdl.handle.net/1814/67808 (latvia_results_mpm_2020_cmpf.pdf)
2020,Latvia,LV,pluralidad_mercado,75,https://hdl.handle.net/1814/67808 (latvia_results_mpm_2020_cmpf.pdf)
2020,Latvia,LV,proteccion_fundamental,28,https://hdl.handle.net/1814/67808 (latvia_results_mpm_2020_cmpf.pdf)
2020,Lithuania,LT,inclusion_social,49,https://hdl.handle.net/1814/67809 (lithuania_results_mpm_2020_cmpf.pdf)
2020,Lithuania,LT,independencia_politica,51,https://hdl.handle.net/1814/67809 (lithuania_results_mpm_2020_cmpf.pdf)
2020,Lithuania,LT,pluralidad_mercado,62,https://hdl.handle.net/1814/67809 (lithuania_results_mpm_2020_cmpf.pdf)
2020,Lithuania,LT,proteccion_fundamental,25,https://hdl.handle.net/1814/67809 (lithuania_results_mpm_2020_cmpf.pdf)
2020,Luxembourg,LU,inclusion_social,61,https://hdl.handle.net/1814/67810 (luxembourg_results_mpm_2020_cmpf.pdf)
2020,Luxembourg,LU,independencia_politica,50,https://hdl.handle.net/1814/67810 (luxembourg_results_mpm_2020_cmpf.pdf)
2020,Luxembourg,LU,pluralidad_mercado,53,https://hdl.handle.net/1814/67810 (luxembourg_results_mpm_2020_cmpf.pdf)
2020,Luxembourg,LU,proteccion_fundamental,27,https://hdl.handle.net/1814/67810 (luxembourg_results_mpm_2020_cmpf.pdf)
2020,Malta,MT,inclusion_social,64,https://hdl.handle.net/1814/67811 (malta_results_mpm_2020_cmpf.pdf)
2020,Malta,MT,independencia_politica,67,https://hdl.handle.net/1814/67811 (malta_results_mpm_2020_cmpf.pdf)
2020,Malta,MT,pluralidad_mercado,69,https://hdl.handle.net/1814/67811 (malta_results_mpm_2020_cmpf.pdf)
2020,Malta,MT,proteccion_fundamental,36,https://hdl.handle.net/1814/67811 (malta_results_mpm_2020_cmpf.pdf)
2020,Poland,PL,inclusion_social,50,https://hdl.handle.net/1814/67813 (poland_results_mpm_2020_cmpf.pdf)
2020,Poland,PL,independencia_politica,69,https://hdl.handle.net/1814/67813 (poland_results_mpm_2020_cmpf.pdf)
2020,Poland,PL,pluralidad_mercado,62,https://hdl.handle.net/1814/67813 (poland_results_mpm_2020_cmpf.pdf)
2020,Poland,PL,proteccion_fundamental,43,https://hdl.handle.net/1814/67813 (poland_results_mpm_2020_cmpf.pdf)
2020,Portugal,PT,inclusion_social,54,https://hdl.handle.net/1814/67814 (portugal_results_mpm_2020_cmpf.pdf)
2020,Portugal,PT,independencia_politica,19,https://hdl.handle.net/1814/67814 (portugal_results_mpm_2020_cmpf.pdf)
2020,Portugal,PT,pluralidad_mercado,54,https://hdl.handle.net/1814/67814 (portugal_results_mpm_2020_cmpf.pdf)
2020,Portugal,PT,proteccion_fundamental,33,https://hdl.handle.net/1814/67814 (portugal_results_mpm_2020_cmpf.pdf)
2020,Romania,RO,inclusion_social,70,https://hdl.handle.net/1814/67815 (romania_results_mpm_2020_cmpf.pdf)
2020,Romania,RO,independencia_politica,74,https://hdl.handle.net/1814/67815 (romania_results_mpm_2020_cmpf.pdf)
2020,Romania,RO,pluralidad_mercado,76,https://hdl.handle.net/1814/67815 (romania_results_mpm_2020_cmpf.pdf)
2020,Romania,RO,proteccion_fundamental,41,https://hdl.handle.net/1814/67815 (romania_results_mpm_2020_cmpf.pdf)
2020,Slovakia,SK,inclusion_social,51,https://hdl.handle.net/1814/67817 (slovakia_results_mpm_2020_cmpf.pdf)
2020,Slovakia,SK,independencia_politica,47,https://hdl.handle.net/1814/67817 (slovakia_results_mpm_2020_cmpf.pdf)
2020,Slovakia,SK,pluralidad_mercado,72,https://hdl.handle.net/1814/67817 (slovakia_results_mpm_2020_cmpf.pdf)
2020,Slovakia,SK,proteccion_fundamental,30,https://hdl.handle.net/1814/67817 (slovakia_results_mpm_2020_cmpf.pdf)
2020,Slovenia,SI,inclusion_social,65,https://hdl.handle.net/1814/67818 (slovenia_results_mpm_2020_cmpf.pdf)
2020,Slovenia,SI,independencia_politica,69,https://hdl.handle.net/1814/67818 (slovenia_results_mpm_2020_cmpf.pdf)
2020,Slovenia,SI,pluralidad_mercado,67,https://hdl.handle.net/1814/67818 (slovenia_results_mpm_2020_cmpf.pdf)
2020,Slovenia,SI,proteccion_fundamental,41,https://hdl.handle.net/1814/67818 (slovenia_results_mpm_2020_cmpf.pdf)
2020,Spain,ES,inclusion_social,49,https://hdl.handle.net/1814/67819 (spain_results_mpm_2020_cmpf.pdf)
2020,Spain,ES,independencia_politica,47,https://hdl.handle.net/1814/67819 (spain_results_mpm_2020_cmpf.pdf)
2020,Spain,ES,pluralidad_mercado,65,https://hdl.handle.net/1814/67819 (spain_results_mpm_2020_cmpf.pdf)
2020,Spain,ES,proteccion_fundamental,39,https://hdl.handle.net/1814/67819 (spain_results_mpm_2020_cmpf.pdf)
2020,Sweden,SE,inclusion_social,17,https://hdl.handle.net/1814/67820 (sweden_results_mpm_2020_cmpf.pdf)
2020,Sweden,SE,independencia_politica,15,https://hdl.handle.net/1814/67820 (sweden_results_mpm_2020_cmpf.pdf)
2020,Sweden,SE,pluralidad_mercado,59,https://hdl.handle.net/1814/67820 (sweden_results_mpm_2020_cmpf.pdf)
2020,Sweden,SE,proteccion_fundamental,15,https://hdl.handle.net/1814/67820 (sweden_results_mpm_2020_cmpf.pdf)
2020,The Netherlands,NL,inclusion_social,34,https://hdl.handle.net/1814/67812 (netherlands_results_mpm_2020_cmpf.pdf)
2020,The Netherlands,NL,independencia_politica,24,https://hdl.handle.net/1814/67812 (netherlands_results_mpm_2020_cmpf.pdf)
2020,The Netherlands,NL,pluralidad_mercado,53,https://hdl.handle.net/1814/67812 (netherlands_results_mpm_2020_cmpf.pdf)
2020,The Netherlands,NL,proteccion_fundamental,24,https://hdl.handle.net/1814/67812 (netherlands_results_mpm_2020_cmpf.pdf)
2020,Turkey,TR,inclusion_social,82,https://hdl.handle.net/1814/67821 (turkey_results_mpm_2020_cmpf.pdf)
2020,Turkey,TR,independencia_politica,83,https://hdl.handle.net/1814/67821 (turkey_results_mpm_2020_cmpf.pdf)
2020,Turkey,TR,pluralidad_mercado,69,https://hdl.handle.net/1814/67821 (turkey_results_mpm_2020_cmpf.pdf)
2020,Turkey,TR,proteccion_fundamental,83,https://hdl.handle.net/1814/67821 (turkey_results_mpm_2020_cmpf.pdf)
2020,United Kingdom,GB,inclusion_social,34,https://hdl.handle.net/1814/67822 (united_kingdom_results_mpm_2020_cmpf.pdf)
2020,United Kingdom,GB,independencia_politica,39,https://hdl.handle.net/1814/67822 (united_kingdom_results_mpm_2020_cmpf.pdf)
2020,United Kingdom,GB,pluralidad_mercado,58,https://hdl.handle.net/1814/67822 (united_kingdom_results_mpm_2020_cmpf.pdf)
2020,United Kingdom,GB,proteccion_fundamental,30,https://hdl.handle.net/1814/67822 (united_kingdom_results_mpm_2020_cmpf.pdf)
2021,Albania,AL,inclusion_social,72,https://hdl.handle.net/1814/71960 (albania_results_mpm_2021_cmpf.pdf)
2021,Albania,AL,independencia_politica,64,https://hdl.handle.net/1814/71960 (albania_results_mpm_2021_cmpf.pdf)
2021,Albania,AL,pluralidad_mercado,89,https://hdl.handle.net/1814/71960 (albania_results_mpm_2021_cmpf.pdf)
2021,Albania,AL,proteccion_fundamental,59,https://hdl.handle.net/1814/71960 (albania_results_mpm_2021_cmpf.pdf)
2021,Austria,AT,inclusion_social,45,https://hdl.handle.net/1814/71937 (austria_results_mpm_2021_cmpf.pdf)
2021,Austria,AT,independencia_politica,52,https://hdl.handle.net/1814/71937 (austria_results_mpm_2021_cmpf.pdf)
2021,Austria,AT,pluralidad_mercado,63,https://hdl.handle.net/1814/71937 (austria_results_mpm_2021_cmpf.pdf)
2021,Austria,AT,proteccion_fundamental,33,https://hdl.handle.net/1814/71937 (austria_results_mpm_2021_cmpf.pdf)
2021,Belgium,BE,inclusion_social,38,https://hdl.handle.net/1814/71938 (belgium_results_mpm_2021_cmpf.pdf)
2021,Belgium,BE,independencia_politica,12,https://hdl.handle.net/1814/71938 (belgium_results_mpm_2021_cmpf.pdf)
2021,Belgium,BE,pluralidad_mercado,66,https://hdl.handle.net/1814/71938 (belgium_results_mpm_2021_cmpf.pdf)
2021,Belgium,BE,proteccion_fundamental,25,https://hdl.handle.net/1814/71938 (belgium_results_mpm_2021_cmpf.pdf)
2021,Bulgaria,BG,inclusion_social,79,https://hdl.handle.net/1814/71939 (bulgaria_results_mpm_2021_cmpf.pdf)
2021,Bulgaria,BG,independencia_politica,70,https://hdl.handle.net/1814/71939 (bulgaria_results_mpm_2021_cmpf.pdf)
2021,Bulgaria,BG,pluralidad_mercado,82,https://hdl.handle.net/1814/71939 (bulgaria_results_mpm_2021_cmpf.pdf)
2021,Bulgaria,BG,proteccion_fundamental,42,https://hdl.handle.net/1814/71939 (bulgaria_results_mpm_2021_cmpf.pdf)
2021,Croatia,HR,inclusion_social,61,https://hdl.handle.net/1814/71940 (croatia_results_mpm_2021_cmpf.pdf)
2021,Croatia,HR,independencia_politica,61,https://hdl.handle.net/1814/71940 (croatia_results_mpm_2021_cmpf.pdf)
2021,Croatia,HR,pluralidad_mercado,71,https://hdl.handle.net/1814/71940 (croatia_results_mpm_2021_cmpf.pdf)
2021,Croatia,HR,proteccion_fundamental,42,https://hdl.handle.net/1814/71940 (croatia_results_mpm_2021_cmpf.pdf)
2021,Cyprus,CY,inclusion_social,80,https://hdl.handle.net/1814/71941 (cyprus_results_mpm_2021_cmpf.pdf)
2021,Cyprus,CY,independencia_politica,55,https://hdl.handle.net/1814/71941 (cyprus_results_mpm_2021_cmpf.pdf)
2021,Cyprus,CY,pluralidad_mercado,73,https://hdl.handle.net/1814/71941 (cyprus_results_mpm_2021_cmpf.pdf)
2021,Cyprus,CY,proteccion_fundamental,33,https://hdl.handle.net/1814/71941 (cyprus_results_mpm_2021_cmpf.pdf)
2021,Czech Republic,CZ,inclusion_social,62,https://hdl.handle.net/1814/71942 (the_czech_republic_results_mpm_2021_cmpf.pdf)
2021,Czech Republic,CZ,independencia_politica,54,https://hdl.handle.net/1814/71942 (the_czech_republic_results_mpm_2021_cmpf.pdf)
2021,Czech Republic,CZ,pluralidad_mercado,85,https://hdl.handle.net/1814/71942 (the_czech_republic_results_mpm_2021_cmpf.pdf)
2021,Czech Republic,CZ,proteccion_fundamental,26,https://hdl.handle.net/1814/71942 (the_czech_republic_results_mpm_2021_cmpf.pdf)
2021,Denmark,DK,inclusion_social,32,https://hdl.handle.net/1814/71943 (denmark_results_mpm_2021_cmpf.pdf)
2021,Denmark,DK,independencia_politica,30,https://hdl.handle.net/1814/71943 (denmark_results_mpm_2021_cmpf.pdf)
2021,Denmark,DK,pluralidad_mercado,51,https://hdl.handle.net/1814/71943 (denmark_results_mpm_2021_cmpf.pdf)
2021,Denmark,DK,proteccion_fundamental,17,https://hdl.handle.net/1814/71943 (denmark_results_mpm_2021_cmpf.pdf)
2021,Estonia,EE,inclusion_social,45,https://hdl.handle.net/1814/71944 (estonia_results_mpm_2021_cmpf.pdf)
2021,Estonia,EE,independencia_politica,26,https://hdl.handle.net/1814/71944 (estonia_results_mpm_2021_cmpf.pdf)
2021,Estonia,EE,pluralidad_mercado,64,https://hdl.handle.net/1814/71944 (estonia_results_mpm_2021_cmpf.pdf)
2021,Estonia,EE,proteccion_fundamental,25,https://hdl.handle.net/1814/71944 (estonia_results_mpm_2021_cmpf.pdf)
2021,Finland,FI,inclusion_social,48,https://hdl.handle.net/1814/71945 (finland_results_mpm_2021_cmpf.pdf)
2021,Finland,FI,independencia_politica,48,https://hdl.handle.net/1814/71945 (finland_results_mpm_2021_cmpf.pdf)
2021,Finland,FI,pluralidad_mercado,74,https://hdl.handle.net/1814/71945 (finland_results_mpm_2021_cmpf.pdf)
2021,Finland,FI,proteccion_fundamental,28,https://hdl.handle.net/1814/71945 (finland_results_mpm_2021_cmpf.pdf)
2021,France,FR,inclusion_social,37,https://hdl.handle.net/1814/71946 (france_results_mpm_2021_cmpf.pdf)
2021,France,FR,independencia_politica,27,https://hdl.handle.net/1814/71946 (france_results_mpm_2021_cmpf.pdf)
2021,France,FR,pluralidad_mercado,58,https://hdl.handle.net/1814/71946 (france_results_mpm_2021_cmpf.pdf)
2021,France,FR,proteccion_fundamental,41,https://hdl.handle.net/1814/71946 (france_results_mpm_2021_cmpf.pdf)
2021,Germany,DE,inclusion_social,22,https://hdl.handle.net/1814/71947 (germany_results_mpm_2021_cmpf.pdf)
2021,Germany,DE,independencia_politica,8,https://hdl.handle.net/1814/71947 (germany_results_mpm_2021_cmpf.pdf)
2021,Germany,DE,pluralidad_mercado,37,https://hdl.handle.net/1814/71947 (germany_results_mpm_2021_cmpf.pdf)
2021,Germany,DE,proteccion_fundamental,14,https://hdl.handle.net/1814/71947 (germany_results_mpm_2021_cmpf.pdf)
2021,Greece,GR,inclusion_social,63,https://hdl.handle.net/1814/71948 (greece_results_mpm_2021_cmpf.pdf)
2021,Greece,GR,independencia_politica,57,https://hdl.handle.net/1814/71948 (greece_results_mpm_2021_cmpf.pdf)
2021,Greece,GR,pluralidad_mercado,66,https://hdl.handle.net/1814/71948 (greece_results_mpm_2021_cmpf.pdf)
2021,Greece,GR,proteccion_fundamental,38,https://hdl.handle.net/1814/71948 (greece_results_mpm_2021_cmpf.pdf)
2021,Hungary,HU,inclusion_social,64,https://hdl.handle.net/1814/71949 (hungary_results_mpm_2021_cmpf.pdf)
2021,Hungary,HU,independencia_politica,78,https://hdl.handle.net/1814/71949 (hungary_results_mpm_2021_cmpf.pdf)
2021,Hungary,HU,pluralidad_mercado,82,https://hdl.handle.net/1814/71949 (hungary_results_mpm_2021_cmpf.pdf)
2021,Hungary,HU,proteccion_fundamental,41,https://hdl.handle.net/1814/71949 (hungary_results_mpm_2021_cmpf.pdf)
2021,Ireland,IE,inclusion_social,53,https://hdl.handle.net/1814/71950 (ireland_results_mpm_2021_cmpf.pdf)
2021,Ireland,IE,independencia_politica,35,https://hdl.handle.net/1814/71950 (ireland_results_mpm_2021_cmpf.pdf)
2021,Ireland,IE,pluralidad_mercado,75,https://hdl.handle.net/1814/71950 (ireland_results_mpm_2021_cmpf.pdf)
2021,Ireland,IE,proteccion_fundamental,26,https://hdl.handle.net/1814/71950 (ireland_results_mpm_2021_cmpf.pdf)
2021,Italy,IT,inclusion_social,60,https://hdl.handle.net/1814/71951 (italy_results_mpm_2021_cmpf.pdf)
2021,Italy,IT,independencia_politica,49,https://hdl.handle.net/1814/71951 (italy_results_mpm_2021_cmpf.pdf)
2021,Italy,IT,pluralidad_mercado,66,https://hdl.handle.net/1814/71951 (italy_results_mpm_2021_cmpf.pdf)
2021,Italy,IT,proteccion_fundamental,37,https://hdl.handle.net/1814/71951 (italy_results_mpm_2021_cmpf.pdf)
2021,Latvia,LV,inclusion_social,47,https://hdl.handle.net/1814/71952 (latvia_results_mpm_2021_cmpf.pdf)
2021,Latvia,LV,independencia_politica,43,https://hdl.handle.net/1814/71952 (latvia_results_mpm_2021_cmpf.pdf)
2021,Latvia,LV,pluralidad_mercado,75,https://hdl.handle.net/1814/71952 (latvia_results_mpm_2021_cmpf.pdf)
2021,Latvia,LV,proteccion_fundamental,27,https://hdl.handle.net/1814/71952 (latvia_results_mpm_2021_cmpf.pdf)
2021,Lithuania,LT,inclusion_social,43,https://hdl.handle.net/1814/71953 (lithuania_results_mpm_2021_cmpf.pdf)
2021,Lithuania,LT,independencia_politica,34,https://hdl.handle.net/1814/71953 (lithuania_results_mpm_2021_cmpf.pdf)
2021,Lithuania,LT,pluralidad_mercado,70,https://hdl.handle.net/1814/71953 (lithuania_results_mpm_2021_cmpf.pdf)
2021,Lithuania,LT,proteccion_fundamental,28,https://hdl.handle.net/1814/71953 (lithuania_results_mpm_2021_cmpf.pdf)
2021,Luxembourg,LU,inclusion_social,52,https://hdl.handle.net/1814/71954 (luxembourg_results_mpm_2021_cmpf.pdf)
2021,Luxembourg,LU,independencia_politica,42,https://hdl.handle.net/1814/71954 (luxembourg_results_mpm_2021_cmpf.pdf)
2021,Luxembourg,LU,pluralidad_mercado,66,https://hdl.handle.net/1814/71954 (luxembourg_results_mpm_2021_cmpf.pdf)
2021,Luxembourg,LU,proteccion_fundamental,31,https://hdl.handle.net/1814/71954 (luxembourg_results_mpm_2021_cmpf.pdf)
2021,Malta,MT,inclusion_social,60,https://hdl.handle.net/1814/71955 (malta_results_mpm_2021_cmpf.pdf)
2021,Malta,MT,independencia_politica,72,https://hdl.handle.net/1814/71955 (malta_results_mpm_2021_cmpf.pdf)
2021,Malta,MT,pluralidad_mercado,70,https://hdl.handle.net/1814/71955 (malta_results_mpm_2021_cmpf.pdf)
2021,Malta,MT,proteccion_fundamental,35,https://hdl.handle.net/1814/71955 (malta_results_mpm_2021_cmpf.pdf)
2021,Montenegro,ME,inclusion_social,73,https://hdl.handle.net/1814/71967 (montenegro_results_mpm_2021_cmpf.pdf)
2021,Montenegro,ME,independencia_politica,64,https://hdl.handle.net/1814/71967 (montenegro_results_mpm_2021_cmpf.pdf)
2021,Montenegro,ME,pluralidad_mercado,62,https://hdl.handle.net/1814/71967 (montenegro_results_mpm_2021_cmpf.pdf)
2021,Montenegro,ME,proteccion_fundamental,43,https://hdl.handle.net/1814/71967 (montenegro_results_mpm_2021_cmpf.pdf)
2021,Poland,PL,inclusion_social,60,https://hdl.handle.net/1814/71957 (poland_results_mpm_2021_cmpf.pdf)
2021,Poland,PL,independencia_politica,69,https://hdl.handle.net/1814/71957 (poland_results_mpm_2021_cmpf.pdf)
2021,Poland,PL,pluralidad_mercado,74,https://hdl.handle.net/1814/71957 (poland_results_mpm_2021_cmpf.pdf)
2021,Poland,PL,proteccion_fundamental,41,https://hdl.handle.net/1814/71957 (poland_results_mpm_2021_cmpf.pdf)
2021,Portugal,PT,inclusion_social,56,https://hdl.handle.net/1814/71958 (portugal_results_mpm_2021_cmpf.pdf)
2021,Portugal,PT,independencia_politica,24,https://hdl.handle.net/1814/71958 (portugal_results_mpm_2021_cmpf.pdf)
2021,Portugal,PT,pluralidad_mercado,60,https://hdl.handle.net/1814/71958 (portugal_results_mpm_2021_cmpf.pdf)
2021,Portugal,PT,proteccion_fundamental,30,https://hdl.handle.net/1814/71958 (portugal_results_mpm_2021_cmpf.pdf)
2021,Romania,RO,inclusion_social,69,https://hdl.handle.net/1814/71959 (romania_results_mpm_2021_cmpf.pdf)
2021,Romania,RO,independencia_politica,68,https://hdl.handle.net/1814/71959 (romania_results_mpm_2021_cmpf.pdf)
2021,Romania,RO,pluralidad_mercado,84,https://hdl.handle.net/1814/71959 (romania_results_mpm_2021_cmpf.pdf)
2021,Romania,RO,proteccion_fundamental,39,https://hdl.handle.net/1814/71959 (romania_results_mpm_2021_cmpf.pdf)
2021,Serbia,RS,inclusion_social,67,https://hdl.handle.net/1814/71966 (serbia_results_mpm_2021_cmpf.pdf)
2021,Serbia,RS,independencia_politica,57,https://hdl.handle.net/1814/71966 (serbia_results_mpm_2021_cmpf.pdf)
2021,Serbia,RS,pluralidad_mercado,69,https://hdl.handle.net/1814/71966 (serbia_results_mpm_2021_cmpf.pdf)
2021,Serbia,RS,proteccion_fundamental,45,https://hdl.handle.net/1814/71966 (serbia_results_mpm_2021_cmpf.pdf)
2021,Slovakia,SK,inclusion_social,64,https://hdl.handle.net/1814/71961 (slovakia_results_mpm_2021_cmpf.pdf)
2021,Slovakia,SK,independencia_politica,41,https://hdl.handle.net/1814/71961 (slovakia_results_mpm_2021_cmpf.pdf)
2021,Slovakia,SK,pluralidad_mercado,79,https://hdl.handle.net/1814/71961 (slovakia_results_mpm_2021_cmpf.pdf)
2021,Slovakia,SK,proteccion_fundamental,25,https://hdl.handle.net/1814/71961 (slovakia_results_mpm_2021_cmpf.pdf)
2021,Slovenia,SI,inclusion_social,70,https://hdl.handle.net/1814/71962 (slovenia_results_mpm_2021_cmpf.pdf)
2021,Slovenia,SI,independencia_politica,73,https://hdl.handle.net/1814/71962 (slovenia_results_mpm_2021_cmpf.pdf)
2021,Slovenia,SI,pluralidad_mercado,76,https://hdl.handle.net/1814/71962 (slovenia_results_mpm_2021_cmpf.pdf)
2021,Slovenia,SI,proteccion_fundamental,48,https://hdl.handle.net/1814/71962 (slovenia_results_mpm_2021_cmpf.pdf)
2021,Spain,ES,inclusion_social,62,https://hdl.handle.net/1814/71963 (spain_results_mpm_2021_cmpf.pdf)
2021,Spain,ES,independencia_politica,47,https://hdl.handle.net/1814/71963 (spain_results_mpm_2021_cmpf.pdf)
2021,Spain,ES,pluralidad_mercado,75,https://hdl.handle.net/1814/71963 (spain_results_mpm_2021_cmpf.pdf)
2021,Spain,ES,proteccion_fundamental,39,https://hdl.handle.net/1814/71963 (spain_results_mpm_2021_cmpf.pdf)
2021,Sweden,SE,inclusion_social,20,https://hdl.handle.net/1814/71964 (sweden_results_mpm_2021_cmpf.pdf)
2021,Sweden,SE,independencia_politica,11,https://hdl.handle.net/1814/71964 (sweden_results_mpm_2021_cmpf.pdf)
2021,Sweden,SE,pluralidad_mercado,62,https://hdl.handle.net/1814/71964 (sweden_results_mpm_2021_cmpf.pdf)
2021,Sweden,SE,proteccion_fundamental,26,https://hdl.handle.net/1814/71964 (sweden_results_mpm_2021_cmpf.pdf)
2021,The Netherlands,NL,inclusion_social,32,https://hdl.handle.net/1814/71956 (the_netherlands_results_mpm_2021_cmpf.pdf)
2021,The Netherlands,NL,independencia_politica,23,https://hdl.handle.net/1814/71956 (the_netherlands_results_mpm_2021_cmpf.pdf)
2021,The Netherlands,NL,pluralidad_mercado,57,https://hdl.handle.net/1814/71956 (the_netherlands_results_mpm_2021_cmpf.pdf)
2021,The Netherlands,NL,proteccion_fundamental,30,https://hdl.handle.net/1814/71956 (the_netherlands_results_mpm_2021_cmpf.pdf)
2021,The Republic of North Macedonia,MK,inclusion_social,58,https://hdl.handle.net/1814/71968 (the_republic_of_north_macedonia_results_mpm_2021_cmpf.pdf)
2021,The Republic of North Macedonia,MK,independencia_politica,50,https://hdl.handle.net/1814/71968 (the_republic_of_north_macedonia_results_mpm_2021_cmpf.pdf)
2021,The Republic of North Macedonia,MK,pluralidad_mercado,64,https://hdl.handle.net/1814/71968 (the_republic_of_north_macedonia_results_mpm_2021_cmpf.pdf)
2021,The Republic of North Macedonia,MK,proteccion_fundamental,32,https://hdl.handle.net/1814/71968 (the_republic_of_north_macedonia_results_mpm_2021_cmpf.pdf)
2021,Turkey,TR,inclusion_social,87,https://hdl.handle.net/1814/71965 (turkey_results_mpm_2021_cmpf.pdf)
2021,Turkey,TR,independencia_politica,88,https://hdl.handle.net/1814/71965 (turkey_results_mpm_2021_cmpf.pdf)
2021,Turkey,TR,pluralidad_mercado,76,https://hdl.handle.net/1814/71965 (turkey_results_mpm_2021_cmpf.pdf)
2021,Turkey,TR,proteccion_fundamental,82,https://hdl.handle.net/1814/71965 (turkey_results_mpm_2021_cmpf.pdf)
2022,Albania,AL,inclusion_social,64,https://hdl.handle.net/1814/74680 (MPM2022-Albania-EN.pdf)
2022,Albania,AL,independencia_politica,69,https://hdl.handle.net/1814/74680 (MPM2022-Albania-EN.pdf)
2022,Albania,AL,pluralidad_mercado,87,https://hdl.handle.net/1814/74680 (MPM2022-Albania-EN.pdf)
2022,Albania,AL,proteccion_fundamental,58,https://hdl.handle.net/1814/74680 (MPM2022-Albania-EN.pdf)
2022,Austria,AT,inclusion_social,46,https://hdl.handle.net/1814/74681 (MPM2022-Austria-EN.pdf)
2022,Austria,AT,independencia_politica,49,https://hdl.handle.net/1814/74681 (MPM2022-Austria-EN.pdf)
2022,Austria,AT,pluralidad_mercado,63,https://hdl.handle.net/1814/74681 (MPM2022-Austria-EN.pdf)
2022,Austria,AT,proteccion_fundamental,31,https://hdl.handle.net/1814/74681 (MPM2022-Austria-EN.pdf)
2022,Belgium,BE,inclusion_social,37,https://hdl.handle.net/1814/74682 (MPM2022-Belgium-EN.pdf)
2022,Belgium,BE,independencia_politica,12,https://hdl.handle.net/1814/74682 (MPM2022-Belgium-EN.pdf)
2022,Belgium,BE,pluralidad_mercado,65,https://hdl.handle.net/1814/74682 (MPM2022-Belgium-EN.pdf)
2022,Belgium,BE,proteccion_fundamental,21,https://hdl.handle.net/1814/74682 (MPM2022-Belgium-EN.pdf)
2022,Bulgaria,BG,inclusion_social,72,https://hdl.handle.net/1814/74683 (MPM2022-Bulgaria-EN.pdf)
2022,Bulgaria,BG,independencia_politica,71,https://hdl.handle.net/1814/74683 (MPM2022-Bulgaria-EN.pdf)
2022,Bulgaria,BG,pluralidad_mercado,78,https://hdl.handle.net/1814/74683 (MPM2022-Bulgaria-EN.pdf)
2022,Bulgaria,BG,proteccion_fundamental,43,https://hdl.handle.net/1814/74683 (MPM2022-Bulgaria-EN.pdf)
2022,Croatia,HR,inclusion_social,62,https://hdl.handle.net/1814/74684 (MPM2022-Croatia-EN.pdf)
2022,Croatia,HR,independencia_politica,63,https://hdl.handle.net/1814/74684 (MPM2022-Croatia-EN.pdf)
2022,Croatia,HR,pluralidad_mercado,65,https://hdl.handle.net/1814/74684 (MPM2022-Croatia-EN.pdf)
2022,Croatia,HR,proteccion_fundamental,43,https://hdl.handle.net/1814/74684 (MPM2022-Croatia-EN.pdf)
2022,Cyprus,CY,inclusion_social,69,https://hdl.handle.net/1814/74685 (MPM2022-Cyprus-EN.pdf)
2022,Cyprus,CY,independencia_politica,57,https://hdl.handle.net/1814/74685 (MPM2022-Cyprus-EN.pdf)
2022,Cyprus,CY,pluralidad_mercado,67,https://hdl.handle.net/1814/74685 (MPM2022-Cyprus-EN.pdf)
2022,Cyprus,CY,proteccion_fundamental,29,https://hdl.handle.net/1814/74685 (MPM2022-Cyprus-EN.pdf)
2022,Denmark,DK,inclusion_social,27,https://hdl.handle.net/1814/74686 (MPM2022-Denmark-EN.pdf)
2022,Denmark,DK,independencia_politica,30,https://hdl.handle.net/1814/74686 (MPM2022-Denmark-EN.pdf)
2022,Denmark,DK,pluralidad_mercado,53,https://hdl.handle.net/1814/74686 (MPM2022-Denmark-EN.pdf)
2022,Denmark,DK,proteccion_fundamental,18,https://hdl.handle.net/1814/74686 (MPM2022-Denmark-EN.pdf)
2022,Estonia,EE,inclusion_social,48,https://hdl.handle.net/1814/74687 (MPM2022-Estonia-EN.pdf)
2022,Estonia,EE,independencia_politica,29,https://hdl.handle.net/1814/74687 (MPM2022-Estonia-EN.pdf)
2022,Estonia,EE,pluralidad_mercado,66,https://hdl.handle.net/1814/74687 (MPM2022-Estonia-EN.pdf)
2022,Estonia,EE,proteccion_fundamental,28,https://hdl.handle.net/1814/74687 (MPM2022-Estonia-EN.pdf)
2022,Finland,FI,inclusion_social,44,https://hdl.handle.net/1814/74688 (MPM2022-Finland-EN.pdf)
2022,Finland,FI,independencia_politica,44,https://hdl.handle.net/1814/74688 (MPM2022-Finland-EN.pdf)
2022,Finland,FI,pluralidad_mercado,64,https://hdl.handle.net/1814/74688 (MPM2022-Finland-EN.pdf)
2022,Finland,FI,proteccion_fundamental,26,https://hdl.handle.net/1814/74688 (MPM2022-Finland-EN.pdf)
2022,France,FR,inclusion_social,31,https://hdl.handle.net/1814/74689 (MPM2022-France-EN.pdf)
2022,France,FR,independencia_politica,29,https://hdl.handle.net/1814/74689 (MPM2022-France-EN.pdf)
2022,France,FR,pluralidad_mercado,52,https://hdl.handle.net/1814/74689 (MPM2022-France-EN.pdf)
2022,France,FR,proteccion_fundamental,34,https://hdl.handle.net/1814/74689 (MPM2022-France-EN.pdf)
2022,Germany,DE,inclusion_social,27,https://hdl.handle.net/1814/74690 (MPM2022-Germany-EN.pdf)
2022,Germany,DE,independencia_politica,11,https://hdl.handle.net/1814/74690 (MPM2022-Germany-EN.pdf)
2022,Germany,DE,pluralidad_mercado,30,https://hdl.handle.net/1814/74690 (MPM2022-Germany-EN.pdf)
2022,Germany,DE,proteccion_fundamental,13,https://hdl.handle.net/1814/74690 (MPM2022-Germany-EN.pdf)
2022,Greece,GR,inclusion_social,66,https://hdl.handle.net/1814/74691 (MPM2022-Greece-EN.pdf)
2022,Greece,GR,independencia_politica,66,https://hdl.handle.net/1814/74691 (MPM2022-Greece-EN.pdf)
2022,Greece,GR,pluralidad_mercado,72,https://hdl.handle.net/1814/74691 (MPM2022-Greece-EN.pdf)
2022,Greece,GR,proteccion_fundamental,52,https://hdl.handle.net/1814/74691 (MPM2022-Greece-EN.pdf)
2022,Hungary,HU,inclusion_social,63,https://hdl.handle.net/1814/74692 (MPM2022-Hungary-EN.pdf)
2022,Hungary,HU,independencia_politica,74,https://hdl.handle.net/1814/74692 (MPM2022-Hungary-EN.pdf)
2022,Hungary,HU,pluralidad_mercado,80,https://hdl.handle.net/1814/74692 (MPM2022-Hungary-EN.pdf)
2022,Hungary,HU,proteccion_fundamental,45,https://hdl.handle.net/1814/74692 (MPM2022-Hungary-EN.pdf)
2022,Ireland,IE,inclusion_social,49,https://hdl.handle.net/1814/74693 (MPM2022-Ireland-EN.pdf)
2022,Ireland,IE,independencia_politica,30,https://hdl.handle.net/1814/74693 (MPM2022-Ireland-EN.pdf)
2022,Ireland,IE,pluralidad_mercado,67,https://hdl.handle.net/1814/74693 (MPM2022-Ireland-EN.pdf)
2022,Ireland,IE,proteccion_fundamental,23,https://hdl.handle.net/1814/74693 (MPM2022-Ireland-EN.pdf)
2022,Italy,IT,inclusion_social,55,https://hdl.handle.net/1814/74694 (MPM2022-Italy-EN.pdf)
2022,Italy,IT,independencia_politica,53,https://hdl.handle.net/1814/74694 (MPM2022-Italy-EN.pdf)
2022,Italy,IT,pluralidad_mercado,63,https://hdl.handle.net/1814/74694 (MPM2022-Italy-EN.pdf)
2022,Italy,IT,proteccion_fundamental,32,https://hdl.handle.net/1814/74694 (MPM2022-Italy-EN.pdf)
2022,Latvia,LV,inclusion_social,60,https://hdl.handle.net/1814/74695 (MPM2022-Latvia-EN.pdf)
2022,Latvia,LV,independencia_politica,37,https://hdl.handle.net/1814/74695 (MPM2022-Latvia-EN.pdf)
2022,Latvia,LV,pluralidad_mercado,66,https://hdl.handle.net/1814/74695 (MPM2022-Latvia-EN.pdf)
2022,Latvia,LV,proteccion_fundamental,27,https://hdl.handle.net/1814/74695 (MPM2022-Latvia-EN.pdf)
2022,Lithuania,LT,inclusion_social,37,https://hdl.handle.net/1814/74696 (MPM2022-Lithuania-EN.pdf)
2022,Lithuania,LT,independencia_politica,35,https://hdl.handle.net/1814/74696 (MPM2022-Lithuania-EN.pdf)
2022,Lithuania,LT,pluralidad_mercado,64,https://hdl.handle.net/1814/74696 (MPM2022-Lithuania-EN.pdf)
2022,Lithuania,LT,proteccion_fundamental,29,https://hdl.handle.net/1814/74696 (MPM2022-Lithuania-EN.pdf)
2022,Luxembourg,LU,inclusion_social,53,https://hdl.handle.net/1814/74697 (MPM2022-Luxembourg-EN.pdf)
2022,Luxembourg,LU,independencia_politica,44,https://hdl.handle.net/1814/74697 (MPM2022-Luxembourg-EN.pdf)
2022,Luxembourg,LU,pluralidad_mercado,62,https://hdl.handle.net/1814/74697 (MPM2022-Luxembourg-EN.pdf)
2022,Luxembourg,LU,proteccion_fundamental,25,https://hdl.handle.net/1814/74697 (MPM2022-Luxembourg-EN.pdf)
2022,Malta,MT,inclusion_social,62,https://hdl.handle.net/1814/74698 (MPM2022-Malta-EN.pdf)
2022,Malta,MT,independencia_politica,79,https://hdl.handle.net/1814/74698 (MPM2022-Malta-EN.pdf)
2022,Malta,MT,pluralidad_mercado,70,https://hdl.handle.net/1814/74698 (MPM2022-Malta-EN.pdf)
2022,Malta,MT,proteccion_fundamental,32,https://hdl.handle.net/1814/74698 (MPM2022-Malta-EN.pdf)
2022,Montenegro,ME,inclusion_social,69,https://hdl.handle.net/1814/74699 (MPM2022-Montenegro-EN.pdf)
2022,Montenegro,ME,independencia_politica,64,https://hdl.handle.net/1814/74699 (MPM2022-Montenegro-EN.pdf)
2022,Montenegro,ME,pluralidad_mercado,68,https://hdl.handle.net/1814/74699 (MPM2022-Montenegro-EN.pdf)
2022,Montenegro,ME,proteccion_fundamental,45,https://hdl.handle.net/1814/74699 (MPM2022-Montenegro-EN.pdf)
2022,North Macedonia,MK,inclusion_social,56,https://hdl.handle.net/1814/74710 (MPM2022-NorthMacedonia-EN.pdf)
2022,North Macedonia,MK,independencia_politica,49,https://hdl.handle.net/1814/74710 (MPM2022-NorthMacedonia-EN.pdf)
2022,North Macedonia,MK,pluralidad_mercado,62,https://hdl.handle.net/1814/74710 (MPM2022-NorthMacedonia-EN.pdf)
2022,North Macedonia,MK,proteccion_fundamental,32,https://hdl.handle.net/1814/74710 (MPM2022-NorthMacedonia-EN.pdf)
2022,Poland,PL,inclusion_social,62,https://hdl.handle.net/1814/74700 (MPM2022-Poland-EN.pdf)
2022,Poland,PL,independencia_politica,74,https://hdl.handle.net/1814/74700 (MPM2022-Poland-EN.pdf)
2022,Poland,PL,pluralidad_mercado,74,https://hdl.handle.net/1814/74700 (MPM2022-Poland-EN.pdf)
2022,Poland,PL,proteccion_fundamental,57,https://hdl.handle.net/1814/74700 (MPM2022-Poland-EN.pdf)
2022,Portugal,PT,inclusion_social,59,https://hdl.handle.net/1814/74701 (MPM2022-Portugal-EN.pdf)
2022,Portugal,PT,independencia_politica,20,https://hdl.handle.net/1814/74701 (MPM2022-Portugal-EN.pdf)
2022,Portugal,PT,pluralidad_mercado,56,https://hdl.handle.net/1814/74701 (MPM2022-Portugal-EN.pdf)
2022,Portugal,PT,proteccion_fundamental,23,https://hdl.handle.net/1814/74701 (MPM2022-Portugal-EN.pdf)
2022,Romania,RO,inclusion_social,67,https://hdl.handle.net/1814/74702 (MPM2022-Romania-EN.pdf)
2022,Romania,RO,independencia_politica,63,https://hdl.handle.net/1814/74702 (MPM2022-Romania-EN.pdf)
2022,Romania,RO,pluralidad_mercado,83,https://hdl.handle.net/1814/74702 (MPM2022-Romania-EN.pdf)
2022,Romania,RO,proteccion_fundamental,39,https://hdl.handle.net/1814/74702 (MPM2022-Romania-EN.pdf)
2022,Serbia,RS,inclusion_social,64,https://hdl.handle.net/1814/74703 (MPM2022-Serbia-EN.pdf)
2022,Serbia,RS,independencia_politica,75,https://hdl.handle.net/1814/74703 (MPM2022-Serbia-EN.pdf)
2022,Serbia,RS,pluralidad_mercado,68,https://hdl.handle.net/1814/74703 (MPM2022-Serbia-EN.pdf)
2022,Serbia,RS,proteccion_fundamental,49,https://hdl.handle.net/1814/74703 (MPM2022-Serbia-EN.pdf)
2022,Slovakia,SK,inclusion_social,54,https://hdl.handle.net/1814/74704 (MPM2022-Slovakia-EN.pdf)
2022,Slovakia,SK,independencia_politica,57,https://hdl.handle.net/1814/74704 (MPM2022-Slovakia-EN.pdf)
2022,Slovakia,SK,pluralidad_mercado,68,https://hdl.handle.net/1814/74704 (MPM2022-Slovakia-EN.pdf)
2022,Slovakia,SK,proteccion_fundamental,28,https://hdl.handle.net/1814/74704 (MPM2022-Slovakia-EN.pdf)
2022,Slovenia,SI,inclusion_social,65,https://hdl.handle.net/1814/74705 (MPM2022-Slovenia-EN.pdf)
2022,Slovenia,SI,independencia_politica,71,https://hdl.handle.net/1814/74705 (MPM2022-Slovenia-EN.pdf)
2022,Slovenia,SI,pluralidad_mercado,73,https://hdl.handle.net/1814/74705 (MPM2022-Slovenia-EN.pdf)
2022,Slovenia,SI,proteccion_fundamental,47,https://hdl.handle.net/1814/74705 (MPM2022-Slovenia-EN.pdf)
2022,Spain,ES,inclusion_social,63,https://hdl.handle.net/1814/74706 (MPM2022-Spain-EN.pdf)
2022,Spain,ES,independencia_politica,50,https://hdl.handle.net/1814/74706 (MPM2022-Spain-EN.pdf)
2022,Spain,ES,pluralidad_mercado,67,https://hdl.handle.net/1814/74706 (MPM2022-Spain-EN.pdf)
2022,Spain,ES,proteccion_fundamental,40,https://hdl.handle.net/1814/74706 (MPM2022-Spain-EN.pdf)
2022,Sweden,SE,inclusion_social,22,https://hdl.handle.net/1814/74707 (MPM2022-Sweden-EN.pdf)
2022,Sweden,SE,independencia_politica,11,https://hdl.handle.net/1814/74707 (MPM2022-Sweden-EN.pdf)
2022,Sweden,SE,pluralidad_mercado,59,https://hdl.handle.net/1814/74707 (MPM2022-Sweden-EN.pdf)
2022,Sweden,SE,proteccion_fundamental,19,https://hdl.handle.net/1814/74707 (MPM2022-Sweden-EN.pdf)
2022,The Czech Republic,CZ,inclusion_social,62,https://hdl.handle.net/1814/74708 (MPM2022-TheCzechRepublic-EN.pdf)
2022,The Czech Republic,CZ,independencia_politica,53,https://hdl.handle.net/1814/74708 (MPM2022-TheCzechRepublic-EN.pdf)
2022,The Czech Republic,CZ,pluralidad_mercado,78,https://hdl.handle.net/1814/74708 (MPM2022-TheCzechRepublic-EN.pdf)
2022,The Czech Republic,CZ,proteccion_fundamental,24,https://hdl.handle.net/1814/74708 (MPM2022-TheCzechRepublic-EN.pdf)
2022,Turkey,TR,inclusion_social,84,https://hdl.handle.net/1814/74711 (MPM2022-Turkey-EN.pdf)
2022,Turkey,TR,independencia_politica,88,https://hdl.handle.net/1814/74711 (MPM2022-Turkey-EN.pdf)
2022,Turkey,TR,pluralidad_mercado,76,https://hdl.handle.net/1814/74711 (MPM2022-Turkey-EN.pdf)
2022,Turkey,TR,proteccion_fundamental,80,https://hdl.handle.net/1814/74711 (MPM2022-Turkey-EN.pdf)
2022,the Netherlands,NL,inclusion_social,26,https://hdl.handle.net/1814/74709 (MPM2022-theNetherlands-EN.pdf)
2022,the Netherlands,NL,independencia_politica,25,https://hdl.handle.net/1814/74709 (MPM2022-theNetherlands-EN.pdf)
2022,the Netherlands,NL,pluralidad_mercado,54,https://hdl.handle.net/1814/74709 (MPM2022-theNetherlands-EN.pdf)
2022,the Netherlands,NL,proteccion_fundamental,28,https://hdl.handle.net/1814/74709 (MPM2022-theNetherlands-EN.pdf)
2023,Albania,AL,inclusion_social,71,https://hdl.handle.net/1814/75713 (Albania_results_mpm_2023_cmpf.pdf)
2023,Albania,AL,independencia_politica,68,https://hdl.handle.net/1814/75713 (Albania_results_mpm_2023_cmpf.pdf)
2023,Albania,AL,pluralidad_mercado,85,https://hdl.handle.net/1814/75713 (Albania_results_mpm_2023_cmpf.pdf)
2023,Albania,AL,proteccion_fundamental,57,https://hdl.handle.net/1814/75713 (Albania_results_mpm_2023_cmpf.pdf)
2023,Austria,AT,inclusion_social,44,https://hdl.handle.net/1814/75714 (Austria_results_mpm_2023_cmpf.pdf)
2023,Austria,AT,independencia_politica,40,https://hdl.handle.net/1814/75714 (Austria_results_mpm_2023_cmpf.pdf)
2023,Austria,AT,pluralidad_mercado,67,https://hdl.handle.net/1814/75714 (Austria_results_mpm_2023_cmpf.pdf)
2023,Austria,AT,proteccion_fundamental,25,https://hdl.handle.net/1814/75714 (Austria_results_mpm_2023_cmpf.pdf)
2023,Belgium,BE,inclusion_social,46,https://hdl.handle.net/1814/75715 (Belgium_results_mpm_2023_cmpf.pdf)
2023,Belgium,BE,independencia_politica,15,https://hdl.handle.net/1814/75715 (Belgium_results_mpm_2023_cmpf.pdf)
2023,Belgium,BE,pluralidad_mercado,67,https://hdl.handle.net/1814/75715 (Belgium_results_mpm_2023_cmpf.pdf)
2023,Belgium,BE,proteccion_fundamental,19,https://hdl.handle.net/1814/75715 (Belgium_results_mpm_2023_cmpf.pdf)
2023,Bulgaria,BG,inclusion_social,73,https://hdl.handle.net/1814/75716 (Bulgaria_results_mpm_2023_cmpf.pdf)
2023,Bulgaria,BG,independencia_politica,60,https://hdl.handle.net/1814/75716 (Bulgaria_results_mpm_2023_cmpf.pdf)
2023,Bulgaria,BG,pluralidad_mercado,76,https://hdl.handle.net/1814/75716 (Bulgaria_results_mpm_2023_cmpf.pdf)
2023,Bulgaria,BG,proteccion_fundamental,46,https://hdl.handle.net/1814/75716 (Bulgaria_results_mpm_2023_cmpf.pdf)
2023,Croatia,HR,inclusion_social,59,https://hdl.handle.net/1814/75717 (Croatia_results_mpm_2023_cmpf.pdf)
2023,Croatia,HR,independencia_politica,57,https://hdl.handle.net/1814/75717 (Croatia_results_mpm_2023_cmpf.pdf)
2023,Croatia,HR,pluralidad_mercado,66,https://hdl.handle.net/1814/75717 (Croatia_results_mpm_2023_cmpf.pdf)
2023,Croatia,HR,proteccion_fundamental,47,https://hdl.handle.net/1814/75717 (Croatia_results_mpm_2023_cmpf.pdf)
2023,Cyprus,CY,inclusion_social,64,https://hdl.handle.net/1814/75718 (Cyprus_results_mpm_2023_cmpf.pdf)
2023,Cyprus,CY,independencia_politica,61,https://hdl.handle.net/1814/75718 (Cyprus_results_mpm_2023_cmpf.pdf)
2023,Cyprus,CY,pluralidad_mercado,73,https://hdl.handle.net/1814/75718 (Cyprus_results_mpm_2023_cmpf.pdf)
2023,Cyprus,CY,proteccion_fundamental,33,https://hdl.handle.net/1814/75718 (Cyprus_results_mpm_2023_cmpf.pdf)
2023,Denmark,DK,inclusion_social,31,https://hdl.handle.net/1814/75719 (Denmark_results_mpm_2023_cmpf.pdf)
2023,Denmark,DK,independencia_politica,31,https://hdl.handle.net/1814/75719 (Denmark_results_mpm_2023_cmpf.pdf)
2023,Denmark,DK,pluralidad_mercado,59,https://hdl.handle.net/1814/75719 (Denmark_results_mpm_2023_cmpf.pdf)
2023,Denmark,DK,proteccion_fundamental,14,https://hdl.handle.net/1814/75719 (Denmark_results_mpm_2023_cmpf.pdf)
2023,Estonia,EE,inclusion_social,54,https://hdl.handle.net/1814/75720 (Estonia_results_mpm_2023_cmpf.pdf)
2023,Estonia,EE,independencia_politica,25,https://hdl.handle.net/1814/75720 (Estonia_results_mpm_2023_cmpf.pdf)
2023,Estonia,EE,pluralidad_mercado,68,https://hdl.handle.net/1814/75720 (Estonia_results_mpm_2023_cmpf.pdf)
2023,Estonia,EE,proteccion_fundamental,28,https://hdl.handle.net/1814/75720 (Estonia_results_mpm_2023_cmpf.pdf)
2023,Finland,FI,inclusion_social,41,https://hdl.handle.net/1814/75721 (Finland_results_mpm_2023_cmpf.pdf)
2023,Finland,FI,independencia_politica,32,https://hdl.handle.net/1814/75721 (Finland_results_mpm_2023_cmpf.pdf)
2023,Finland,FI,pluralidad_mercado,75,https://hdl.handle.net/1814/75721 (Finland_results_mpm_2023_cmpf.pdf)
2023,Finland,FI,proteccion_fundamental,24,https://hdl.handle.net/1814/75721 (Finland_results_mpm_2023_cmpf.pdf)
2023,France,FR,inclusion_social,31,https://hdl.handle.net/1814/75722 (France_results_mpm_2023_cmpf.pdf)
2023,France,FR,independencia_politica,36,https://hdl.handle.net/1814/75722 (France_results_mpm_2023_cmpf.pdf)
2023,France,FR,pluralidad_mercado,54,https://hdl.handle.net/1814/75722 (France_results_mpm_2023_cmpf.pdf)
2023,France,FR,proteccion_fundamental,31,https://hdl.handle.net/1814/75722 (France_results_mpm_2023_cmpf.pdf)
2023,Germany,DE,inclusion_social,28,https://hdl.handle.net/1814/75723 (Germany_results_mpm_2023_cmpf.pdf)
2023,Germany,DE,independencia_politica,11,https://hdl.handle.net/1814/75723 (Germany_results_mpm_2023_cmpf.pdf)
2023,Germany,DE,pluralidad_mercado,43,https://hdl.handle.net/1814/75723 (Germany_results_mpm_2023_cmpf.pdf)
2023,Germany,DE,proteccion_fundamental,11,https://hdl.handle.net/1814/75723 (Germany_results_mpm_2023_cmpf.pdf)
2023,Greece,GR,inclusion_social,67,https://hdl.handle.net/1814/75724 (Greece_results_mpm_2023_cmpf.pdf)
2023,Greece,GR,independencia_politica,55,https://hdl.handle.net/1814/75724 (Greece_results_mpm_2023_cmpf.pdf)
2023,Greece,GR,pluralidad_mercado,70,https://hdl.handle.net/1814/75724 (Greece_results_mpm_2023_cmpf.pdf)
2023,Greece,GR,proteccion_fundamental,52,https://hdl.handle.net/1814/75724 (Greece_results_mpm_2023_cmpf.pdf)
2023,Hungary,HU,inclusion_social,75,https://hdl.handle.net/1814/75725 (Hungary_results_mpm_2023_cmpf.pdf)
2023,Hungary,HU,independencia_politica,80,https://hdl.handle.net/1814/75725 (Hungary_results_mpm_2023_cmpf.pdf)
2023,Hungary,HU,pluralidad_mercado,86,https://hdl.handle.net/1814/75725 (Hungary_results_mpm_2023_cmpf.pdf)
2023,Hungary,HU,proteccion_fundamental,56,https://hdl.handle.net/1814/75725 (Hungary_results_mpm_2023_cmpf.pdf)
2023,Ireland,IE,inclusion_social,43,https://hdl.handle.net/1814/75726 (Ireland_results_mpm_2023_cmpf.pdf)
2023,Ireland,IE,independencia_politica,28,https://hdl.handle.net/1814/75726 (Ireland_results_mpm_2023_cmpf.pdf)
2023,Ireland,IE,pluralidad_mercado,72,https://hdl.handle.net/1814/75726 (Ireland_results_mpm_2023_cmpf.pdf)
2023,Ireland,IE,proteccion_fundamental,27,https://hdl.handle.net/1814/75726 (Ireland_results_mpm_2023_cmpf.pdf)
2023,Italy,IT,inclusion_social,54,https://hdl.handle.net/1814/75727 (Italy_results_mpm_2023_cmpf.pdf)
2023,Italy,IT,independencia_politica,55,https://hdl.handle.net/1814/75727 (Italy_results_mpm_2023_cmpf.pdf)
2023,Italy,IT,pluralidad_mercado,64,https://hdl.handle.net/1814/75727 (Italy_results_mpm_2023_cmpf.pdf)
2023,Italy,IT,proteccion_fundamental,32,https://hdl.handle.net/1814/75727 (Italy_results_mpm_2023_cmpf.pdf)
2023,Latvia,LV,inclusion_social,52,https://hdl.handle.net/1814/75728 (Latvia_results_mpm_2023_cmpf (1).pdf)
2023,Latvia,LV,independencia_politica,37,https://hdl.handle.net/1814/75728 (Latvia_results_mpm_2023_cmpf (1).pdf)
2023,Latvia,LV,pluralidad_mercado,65,https://hdl.handle.net/1814/75728 (Latvia_results_mpm_2023_cmpf (1).pdf)
2023,Latvia,LV,proteccion_fundamental,21,https://hdl.handle.net/1814/75728 (Latvia_results_mpm_2023_cmpf (1).pdf)
2023,Lithuania,LT,inclusion_social,36,https://hdl.handle.net/1814/75729 (lithuania_results_mpm_2023_cmpf.pdf)
2023,Lithuania,LT,independencia_politica,35,https://hdl.handle.net/1814/75729 (lithuania_results_mpm_2023_cmpf.pdf)
2023,Lithuania,LT,pluralidad_mercado,69,https://hdl.handle.net/1814/75729 (lithuania_results_mpm_2023_cmpf.pdf)
2023,Lithuania,LT,proteccion_fundamental,17,https://hdl.handle.net/1814/75729 (lithuania_results_mpm_2023_cmpf.pdf)
2023,Luxembourg,LU,inclusion_social,54,https://hdl.handle.net/1814/75730 (luxembourg_results_mpm_2023_cmpf.pdf)
2023,Luxembourg,LU,independencia_politica,39,https://hdl.handle.net/1814/75730 (luxembourg_results_mpm_2023_cmpf.pdf)
2023,Luxembourg,LU,pluralidad_mercado,63,https://hdl.handle.net/1814/75730 (luxembourg_results_mpm_2023_cmpf.pdf)
2023,Luxembourg,LU,proteccion_fundamental,25,https://hdl.handle.net/1814/75730 (luxembourg_results_mpm_2023_cmpf.pdf)
2023,Malta,MT,inclusion_social,66,https://hdl.handle.net/1814/75731 (malta_results_mpm_2023_cmpf.pdf)
2023,Malta,MT,independencia_politica,83,https://hdl.handle.net/1814/75731 (malta_results_mpm_2023_cmpf.pdf)
2023,Malta,MT,pluralidad_mercado,70,https://hdl.handle.net/1814/75731 (malta_results_mpm_2023_cmpf.pdf)
2023,Malta,MT,proteccion_fundamental,31,https://hdl.handle.net/1814/75731 (malta_results_mpm_2023_cmpf.pdf)
2023,Montenegro,ME,inclusion_social,70,https://hdl.handle.net/1814/75732 (montenegro_results_mpm_2023_cmpf.pdf)
2023,Montenegro,ME,independencia_politica,65,https://hdl.handle.net/1814/75732 (montenegro_results_mpm_2023_cmpf.pdf)
2023,Montenegro,ME,pluralidad_mercado,73,https://hdl.handle.net/1814/75732 (montenegro_results_mpm_2023_cmpf.pdf)
2023,Montenegro,ME,proteccion_fundamental,43,https://hdl.handle.net/1814/75732 (montenegro_results_mpm_2023_cmpf.pdf)
2023,Poland,PL,inclusion_social,63,https://hdl.handle.net/1814/75733 (Poland_results_mpm_2023_cmpf.pdf)
2023,Poland,PL,independencia_politica,75,https://hdl.handle.net/1814/75733 (Poland_results_mpm_2023_cmpf.pdf)
2023,Poland,PL,pluralidad_mercado,71,https://hdl.handle.net/1814/75733 (Poland_results_mpm_2023_cmpf.pdf)
2023,Poland,PL,proteccion_fundamental,50,https://hdl.handle.net/1814/75733 (Poland_results_mpm_2023_cmpf.pdf)
2023,Portugal,PT,inclusion_social,59,https://hdl.handle.net/1814/75734 (portugal_results_mpm_2023_cmpf.pdf)
2023,Portugal,PT,independencia_politica,20,https://hdl.handle.net/1814/75734 (portugal_results_mpm_2023_cmpf.pdf)
2023,Portugal,PT,pluralidad_mercado,52,https://hdl.handle.net/1814/75734 (portugal_results_mpm_2023_cmpf.pdf)
2023,Portugal,PT,proteccion_fundamental,28,https://hdl.handle.net/1814/75734 (portugal_results_mpm_2023_cmpf.pdf)
2023,Romania,RO,inclusion_social,72,https://hdl.handle.net/1814/75735 (romania_results_mpm_2023_cmpf.pdf)
2023,Romania,RO,independencia_politica,67,https://hdl.handle.net/1814/75735 (romania_results_mpm_2023_cmpf.pdf)
2023,Romania,RO,pluralidad_mercado,85,https://hdl.handle.net/1814/75735 (romania_results_mpm_2023_cmpf.pdf)
2023,Romania,RO,proteccion_fundamental,37,https://hdl.handle.net/1814/75735 (romania_results_mpm_2023_cmpf.pdf)
2023,Serbia,RS,inclusion_social,64,https://hdl.handle.net/1814/75736 (serbia_results_mpm_2023_cmpf.pdf)
2023,Serbia,RS,independencia_politica,74,https://hdl.handle.net/1814/75736 (serbia_results_mpm_2023_cmpf.pdf)
2023,Serbia,RS,pluralidad_mercado,77,https://hdl.handle.net/1814/75736 (serbia_results_mpm_2023_cmpf.pdf)
2023,Serbia,RS,proteccion_fundamental,51,https://hdl.handle.net/1814/75736 (serbia_results_mpm_2023_cmpf.pdf)
2023,Slovakia,SK,inclusion_social,45,https://hdl.handle.net/1814/75737 (slovakia_results_mpm_2023_cmpf.pdf)
2023,Slovakia,SK,independencia_politica,52,https://hdl.handle.net/1814/75737 (slovakia_results_mpm_2023_cmpf.pdf)
2023,Slovakia,SK,pluralidad_mercado,68,https://hdl.handle.net/1814/75737 (slovakia_results_mpm_2023_cmpf.pdf)
2023,Slovakia,SK,proteccion_fundamental,24,https://hdl.handle.net/1814/75737 (slovakia_results_mpm_2023_cmpf.pdf)
2023,Slovenia,SI,inclusion_social,64,https://hdl.handle.net/1814/75738 (slovenia_results_mpm_2023_cmpf.pdf)
2023,Slovenia,SI,independencia_politica,65,https://hdl.handle.net/1814/75738 (slovenia_results_mpm_2023_cmpf.pdf)
2023,Slovenia,SI,pluralidad_mercado,76,https://hdl.handle.net/1814/75738 (slovenia_results_mpm_2023_cmpf.pdf)
2023,Slovenia,SI,proteccion_fundamental,44,https://hdl.handle.net/1814/75738 (slovenia_results_mpm_2023_cmpf.pdf)
2023,Spain,ES,inclusion_social,54,https://hdl.handle.net/1814/75739 (spain_results_mpm_2023_cmpf.pdf)
2023,Spain,ES,independencia_politica,50,https://hdl.handle.net/1814/75739 (spain_results_mpm_2023_cmpf.pdf)
2023,Spain,ES,pluralidad_mercado,69,https://hdl.handle.net/1814/75739 (spain_results_mpm_2023_cmpf.pdf)
2023,Spain,ES,proteccion_fundamental,42,https://hdl.handle.net/1814/75739 (spain_results_mpm_2023_cmpf.pdf)
2023,Sweden,SE,inclusion_social,20,https://hdl.handle.net/1814/75740 (sweden_results_mpm_2023_cmpf.pdf)
2023,Sweden,SE,independencia_politica,15,https://hdl.handle.net/1814/75740 (sweden_results_mpm_2023_cmpf.pdf)
2023,Sweden,SE,pluralidad_mercado,62,https://hdl.handle.net/1814/75740 (sweden_results_mpm_2023_cmpf.pdf)
2023,Sweden,SE,proteccion_fundamental,20,https://hdl.handle.net/1814/75740 (sweden_results_mpm_2023_cmpf.pdf)
2023,The Czech Republic,CZ,inclusion_social,63,https://hdl.handle.net/1814/75741 (the_czech_republic_results_mpm_2023_cmpf.pdf)
2023,The Czech Republic,CZ,independencia_politica,45,https://hdl.handle.net/1814/75741 (the_czech_republic_results_mpm_2023_cmpf.pdf)
2023,The Czech Republic,CZ,pluralidad_mercado,84,https://hdl.handle.net/1814/75741 (the_czech_republic_results_mpm_2023_cmpf.pdf)
2023,The Czech Republic,CZ,proteccion_fundamental,21,https://hdl.handle.net/1814/75741 (the_czech_republic_results_mpm_2023_cmpf.pdf)
2023,The Netherlands,NL,inclusion_social,29,https://hdl.handle.net/1814/75742 (the_netherlands_results_mpm_2023_cmpf.pdf)
2023,The Netherlands,NL,independencia_politica,25,https://hdl.handle.net/1814/75742 (the_netherlands_results_mpm_2023_cmpf.pdf)
2023,The Netherlands,NL,pluralidad_mercado,53,https://hdl.handle.net/1814/75742 (the_netherlands_results_mpm_2023_cmpf.pdf)
2023,The Netherlands,NL,proteccion_fundamental,20,https://hdl.handle.net/1814/75742 (the_netherlands_results_mpm_2023_cmpf.pdf)
2023,The Republic of North Macedonia,MK,inclusion_social,58,https://hdl.handle.net/1814/75743 (the_republic_of_north_macedonia_results_mpm_2023_cmpf.pdf)
2023,The Republic of North Macedonia,MK,independencia_politica,46,https://hdl.handle.net/1814/75743 (the_republic_of_north_macedonia_results_mpm_2023_cmpf.pdf)
2023,The Republic of North Macedonia,MK,pluralidad_mercado,64,https://hdl.handle.net/1814/75743 (the_republic_of_north_macedonia_results_mpm_2023_cmpf.pdf)
2023,The Republic of North Macedonia,MK,proteccion_fundamental,30,https://hdl.handle.net/1814/75743 (the_republic_of_north_macedonia_results_mpm_2023_cmpf.pdf)
2023,Turkey,TR,inclusion_social,79,https://hdl.handle.net/1814/75744 (turkey_results_mpm_2023_cmpf.pdf)
2023,Turkey,TR,independencia_politica,89,https://hdl.handle.net/1814/75744 (turkey_results_mpm_2023_cmpf.pdf)
2023,Turkey,TR,pluralidad_mercado,73,https://hdl.handle.net/1814/75744 (turkey_results_mpm_2023_cmpf.pdf)
2023,Turkey,TR,proteccion_fundamental,74,https://hdl.handle.net/1814/75744 (turkey_results_mpm_2023_cmpf.pdf)
2024,Albania,AL,inclusion_social,69,https://hdl.handle.net/1814/76992 (Albania_EN_mpm_2024_cmpf.pdf)
2024,Albania,AL,independencia_politica,70,https://hdl.handle.net/1814/76992 (Albania_EN_mpm_2024_cmpf.pdf)
2024,Albania,AL,pluralidad_mercado,92,https://hdl.handle.net/1814/76992 (Albania_EN_mpm_2024_cmpf.pdf)
2024,Albania,AL,proteccion_fundamental,55,https://hdl.handle.net/1814/76992 (Albania_EN_mpm_2024_cmpf.pdf)
2024,Austria,AT,inclusion_social,49,https://hdl.handle.net/1814/76993 (Austria_EN_mpm_2024_cmpf.pdf)
2024,Austria,AT,independencia_politica,41,https://hdl.handle.net/1814/76993 (Austria_EN_mpm_2024_cmpf.pdf)
2024,Austria,AT,pluralidad_mercado,65,https://hdl.handle.net/1814/76993 (Austria_EN_mpm_2024_cmpf.pdf)
2024,Austria,AT,proteccion_fundamental,30,https://hdl.handle.net/1814/76993 (Austria_EN_mpm_2024_cmpf.pdf)
2024,Belgium,BE,inclusion_social,53,https://hdl.handle.net/1814/76994 (Belgium_EN_mpm_2024_cmpf.pdf)
2024,Belgium,BE,independencia_politica,16,https://hdl.handle.net/1814/76994 (Belgium_EN_mpm_2024_cmpf.pdf)
2024,Belgium,BE,pluralidad_mercado,62,https://hdl.handle.net/1814/76994 (Belgium_EN_mpm_2024_cmpf.pdf)
2024,Belgium,BE,proteccion_fundamental,22,https://hdl.handle.net/1814/76994 (Belgium_EN_mpm_2024_cmpf.pdf)
2024,Bosnia and Herzegovina,BA,inclusion_social,85,https://hdl.handle.net/1814/77024 (Bosnia_and_herzegovina_EN_mpm_2024_cmpf.pdf)
2024,Bosnia and Herzegovina,BA,independencia_politica,73,https://hdl.handle.net/1814/77024 (Bosnia_and_herzegovina_EN_mpm_2024_cmpf.pdf)
2024,Bosnia and Herzegovina,BA,pluralidad_mercado,92,https://hdl.handle.net/1814/77024 (Bosnia_and_herzegovina_EN_mpm_2024_cmpf.pdf)
2024,Bosnia and Herzegovina,BA,proteccion_fundamental,52,https://hdl.handle.net/1814/77024 (Bosnia_and_herzegovina_EN_mpm_2024_cmpf.pdf)
2024,Bulgaria,BG,inclusion_social,77,https://hdl.handle.net/1814/76995 (Bulgaria_EN_mpm_2024_cmpf.pdf)
2024,Bulgaria,BG,independencia_politica,64,https://hdl.handle.net/1814/76995 (Bulgaria_EN_mpm_2024_cmpf.pdf)
2024,Bulgaria,BG,pluralidad_mercado,73,https://hdl.handle.net/1814/76995 (Bulgaria_EN_mpm_2024_cmpf.pdf)
2024,Bulgaria,BG,proteccion_fundamental,51,https://hdl.handle.net/1814/76995 (Bulgaria_EN_mpm_2024_cmpf.pdf)
2024,Croatia,HR,inclusion_social,59,https://hdl.handle.net/1814/76996 (Croatia_EN_mpm_2024_cmpf.pdf)
2024,Croatia,HR,independencia_politica,60,https://hdl.handle.net/1814/76996 (Croatia_EN_mpm_2024_cmpf.pdf)
2024,Croatia,HR,pluralidad_mercado,68,https://hdl.handle.net/1814/76996 (Croatia_EN_mpm_2024_cmpf.pdf)
2024,Croatia,HR,proteccion_fundamental,53,https://hdl.handle.net/1814/76996 (Croatia_EN_mpm_2024_cmpf.pdf)
2024,Cyprus,CY,inclusion_social,68,https://hdl.handle.net/1814/76997 (Cyprus_EN_mpm_2024_cmpf.pdf)
2024,Cyprus,CY,independencia_politica,63,https://hdl.handle.net/1814/76997 (Cyprus_EN_mpm_2024_cmpf.pdf)
2024,Cyprus,CY,pluralidad_mercado,78,https://hdl.handle.net/1814/76997 (Cyprus_EN_mpm_2024_cmpf.pdf)
2024,Cyprus,CY,proteccion_fundamental,34,https://hdl.handle.net/1814/76997 (Cyprus_EN_mpm_2024_cmpf.pdf)
2024,Denmark,DK,inclusion_social,25,https://hdl.handle.net/1814/76998 (Denmark_EN_mpm_2024_cmpf.pdf)
2024,Denmark,DK,independencia_politica,28,https://hdl.handle.net/1814/76998 (Denmark_EN_mpm_2024_cmpf.pdf)
2024,Denmark,DK,pluralidad_mercado,61,https://hdl.handle.net/1814/76998 (Denmark_EN_mpm_2024_cmpf.pdf)
2024,Denmark,DK,proteccion_fundamental,13,https://hdl.handle.net/1814/76998 (Denmark_EN_mpm_2024_cmpf.pdf)
2024,Estonia,EE,inclusion_social,40,https://hdl.handle.net/1814/76999 (Estonia_EN_mpm_2024_cmpf.pdf)
2024,Estonia,EE,independencia_politica,39,https://hdl.handle.net/1814/76999 (Estonia_EN_mpm_2024_cmpf.pdf)
2024,Estonia,EE,pluralidad_mercado,71,https://hdl.handle.net/1814/76999 (Estonia_EN_mpm_2024_cmpf.pdf)
2024,Estonia,EE,proteccion_fundamental,26,https://hdl.handle.net/1814/76999 (Estonia_EN_mpm_2024_cmpf.pdf)
2024,Finland,FI,inclusion_social,37,https://hdl.handle.net/1814/77000 (Finland_EN_mpm_2024_cmpf.pdf)
2024,Finland,FI,independencia_politica,33,https://hdl.handle.net/1814/77000 (Finland_EN_mpm_2024_cmpf.pdf)
2024,Finland,FI,pluralidad_mercado,68,https://hdl.handle.net/1814/77000 (Finland_EN_mpm_2024_cmpf.pdf)
2024,Finland,FI,proteccion_fundamental,23,https://hdl.handle.net/1814/77000 (Finland_EN_mpm_2024_cmpf.pdf)
2024,France,FR,inclusion_social,29,https://hdl.handle.net/1814/77001 (France_EN_mpm_2024_cmpf.pdf)
2024,France,FR,independencia_politica,38,https://hdl.handle.net/1814/77001 (France_EN_mpm_2024_cmpf.pdf)
2024,France,FR,pluralidad_mercado,65,https://hdl.handle.net/1814/77001 (France_EN_mpm_2024_cmpf.pdf)
2024,France,FR,proteccion_fundamental,36,https://hdl.handle.net/1814/77001 (France_EN_mpm_2024_cmpf.pdf)
2024,Germany,DE,inclusion_social,38,https://hdl.handle.net/1814/77002 (Germany_EN_mpm_2024_cmpf.pdf)
2024,Germany,DE,independencia_politica,10,https://hdl.handle.net/1814/77002 (Germany_EN_mpm_2024_cmpf.pdf)
2024,Germany,DE,pluralidad_mercado,47,https://hdl.handle.net/1814/77002 (Germany_EN_mpm_2024_cmpf.pdf)
2024,Germany,DE,proteccion_fundamental,16,https://hdl.handle.net/1814/77002 (Germany_EN_mpm_2024_cmpf.pdf)
2024,Greece,GR,inclusion_social,62,https://hdl.handle.net/1814/77003 (Greece_EN_mpm_2024_cmpf.pdf)
2024,Greece,GR,independencia_politica,53,https://hdl.handle.net/1814/77003 (Greece_EN_mpm_2024_cmpf.pdf)
2024,Greece,GR,pluralidad_mercado,63,https://hdl.handle.net/1814/77003 (Greece_EN_mpm_2024_cmpf.pdf)
2024,Greece,GR,proteccion_fundamental,61,https://hdl.handle.net/1814/77003 (Greece_EN_mpm_2024_cmpf.pdf)
2024,Hungary,HU,inclusion_social,70,https://hdl.handle.net/1814/77004 (Hungary_EN_mpm_2024_cmpf.pdf)
2024,Hungary,HU,independencia_politica,80,https://hdl.handle.net/1814/77004 (Hungary_EN_mpm_2024_cmpf.pdf)
2024,Hungary,HU,pluralidad_mercado,83,https://hdl.handle.net/1814/77004 (Hungary_EN_mpm_2024_cmpf.pdf)
2024,Hungary,HU,proteccion_fundamental,57,https://hdl.handle.net/1814/77004 (Hungary_EN_mpm_2024_cmpf.pdf)
2024,Ireland,IE,inclusion_social,43,https://hdl.handle.net/1814/77005 (Ireland_EN_mpm_2024_cmpf (1).pdf)
2024,Ireland,IE,independencia_politica,31,https://hdl.handle.net/1814/77005 (Ireland_EN_mpm_2024_cmpf (1).pdf)
2024,Ireland,IE,pluralidad_mercado,71,https://hdl.handle.net/1814/77005 (Ireland_EN_mpm_2024_cmpf (1).pdf)
2024,Ireland,IE,proteccion_fundamental,31,https://hdl.handle.net/1814/77005 (Ireland_EN_mpm_2024_cmpf (1).pdf)
2024,Italy,IT,inclusion_social,54,https://hdl.handle.net/1814/77006 (Italy_EN_mpm_2024_cmpf (2).pdf)
2024,Italy,IT,independencia_politica,52,https://hdl.handle.net/1814/77006 (Italy_EN_mpm_2024_cmpf (2).pdf)
2024,Italy,IT,pluralidad_mercado,61,https://hdl.handle.net/1814/77006 (Italy_EN_mpm_2024_cmpf (2).pdf)
2024,Italy,IT,proteccion_fundamental,36,https://hdl.handle.net/1814/77006 (Italy_EN_mpm_2024_cmpf (2).pdf)
2024,Latvia,LV,inclusion_social,55,https://hdl.handle.net/1814/77007 (Latvia_EN_mpm_2024_cmpf.pdf)
2024,Latvia,LV,independencia_politica,42,https://hdl.handle.net/1814/77007 (Latvia_EN_mpm_2024_cmpf.pdf)
2024,Latvia,LV,pluralidad_mercado,64,https://hdl.handle.net/1814/77007 (Latvia_EN_mpm_2024_cmpf.pdf)
2024,Latvia,LV,proteccion_fundamental,35,https://hdl.handle.net/1814/77007 (Latvia_EN_mpm_2024_cmpf.pdf)
2024,Lithuania,LT,inclusion_social,34,https://hdl.handle.net/1814/77008 (Lithuania_EN_mpm_2024_cmpf.pdf)
2024,Lithuania,LT,independencia_politica,32,https://hdl.handle.net/1814/77008 (Lithuania_EN_mpm_2024_cmpf.pdf)
2024,Lithuania,LT,pluralidad_mercado,70,https://hdl.handle.net/1814/77008 (Lithuania_EN_mpm_2024_cmpf.pdf)
2024,Lithuania,LT,proteccion_fundamental,29,https://hdl.handle.net/1814/77008 (Lithuania_EN_mpm_2024_cmpf.pdf)
2024,Luxembourg,LU,inclusion_social,58,https://hdl.handle.net/1814/77009 (luxembourg_EN_results_mpm_2024_cmpf.pdf)
2024,Luxembourg,LU,independencia_politica,43,https://hdl.handle.net/1814/77009 (luxembourg_EN_results_mpm_2024_cmpf.pdf)
2024,Luxembourg,LU,pluralidad_mercado,66,https://hdl.handle.net/1814/77009 (luxembourg_EN_results_mpm_2024_cmpf.pdf)
2024,Luxembourg,LU,proteccion_fundamental,20,https://hdl.handle.net/1814/77009 (luxembourg_EN_results_mpm_2024_cmpf.pdf)
2024,Malta,MT,inclusion_social,67,https://hdl.handle.net/1814/77010 (Malta_EN_mpm_2024_cmpf.pdf)
2024,Malta,MT,independencia_politica,84,https://hdl.handle.net/1814/77010 (Malta_EN_mpm_2024_cmpf.pdf)
2024,Malta,MT,pluralidad_mercado,74,https://hdl.handle.net/1814/77010 (Malta_EN_mpm_2024_cmpf.pdf)
2024,Malta,MT,proteccion_fundamental,37,https://hdl.handle.net/1814/77010 (Malta_EN_mpm_2024_cmpf.pdf)
2024,Moldova,MD,inclusion_social,64,https://hdl.handle.net/1814/77023 (Moldova_EN_mpm_2024_cmpf.pdf)
2024,Moldova,MD,independencia_politica,57,https://hdl.handle.net/1814/77023 (Moldova_EN_mpm_2024_cmpf.pdf)
2024,Moldova,MD,pluralidad_mercado,80,https://hdl.handle.net/1814/77023 (Moldova_EN_mpm_2024_cmpf.pdf)
2024,Moldova,MD,proteccion_fundamental,50,https://hdl.handle.net/1814/77023 (Moldova_EN_mpm_2024_cmpf.pdf)
2024,Montenegro,ME,inclusion_social,78,https://hdl.handle.net/1814/77011 (Montenegro_EN_mpm_2024_cmpf.pdf)
2024,Montenegro,ME,independencia_politica,69,https://hdl.handle.net/1814/77011 (Montenegro_EN_mpm_2024_cmpf.pdf)
2024,Montenegro,ME,pluralidad_mercado,69,https://hdl.handle.net/1814/77011 (Montenegro_EN_mpm_2024_cmpf.pdf)
2024,Montenegro,ME,proteccion_fundamental,52,https://hdl.handle.net/1814/77011 (Montenegro_EN_mpm_2024_cmpf.pdf)
2024,North Macedonia,MK,inclusion_social,62,https://hdl.handle.net/1814/77022 (North_macedonia_EN_mpm_2024_cmpf.pdf)
2024,North Macedonia,MK,independencia_politica,46,https://hdl.handle.net/1814/77022 (North_macedonia_EN_mpm_2024_cmpf.pdf)
2024,North Macedonia,MK,pluralidad_mercado,72,https://hdl.handle.net/1814/77022 (North_macedonia_EN_mpm_2024_cmpf.pdf)
2024,North Macedonia,MK,proteccion_fundamental,35,https://hdl.handle.net/1814/77022 (North_macedonia_EN_mpm_2024_cmpf.pdf)
2024,Poland,PL,inclusion_social,57,https://hdl.handle.net/1814/77012 (Poland_EN_mpm_2024_cmpf.pdf)
2024,Poland,PL,independencia_politica,66,https://hdl.handle.net/1814/77012 (Poland_EN_mpm_2024_cmpf.pdf)
2024,Poland,PL,pluralidad_mercado,68,https://hdl.handle.net/1814/77012 (Poland_EN_mpm_2024_cmpf.pdf)
2024,Poland,PL,proteccion_fundamental,56,https://hdl.handle.net/1814/77012 (Poland_EN_mpm_2024_cmpf.pdf)
2024,Portugal,PT,inclusion_social,61,https://hdl.handle.net/1814/77013 (Portugal_EN_mpm_2024_cmpf.pdf)
2024,Portugal,PT,independencia_politica,31,https://hdl.handle.net/1814/77013 (Portugal_EN_mpm_2024_cmpf.pdf)
2024,Portugal,PT,pluralidad_mercado,56,https://hdl.handle.net/1814/77013 (Portugal_EN_mpm_2024_cmpf.pdf)
2024,Portugal,PT,proteccion_fundamental,31,https://hdl.handle.net/1814/77013 (Portugal_EN_mpm_2024_cmpf.pdf)
2024,Romania,RO,inclusion_social,80,https://hdl.handle.net/1814/77014 (Romania_EN_mpm_2024_cmpf.pdf)
2024,Romania,RO,independencia_politica,67,https://hdl.handle.net/1814/77014 (Romania_EN_mpm_2024_cmpf.pdf)
2024,Romania,RO,pluralidad_mercado,84,https://hdl.handle.net/1814/77014 (Romania_EN_mpm_2024_cmpf.pdf)
2024,Romania,RO,proteccion_fundamental,36,https://hdl.handle.net/1814/77014 (Romania_EN_mpm_2024_cmpf.pdf)
2024,Serbia,RS,inclusion_social,69,https://hdl.handle.net/1814/77015 (Serbia_EN_mpm_2024_cmpf.pdf)
2024,Serbia,RS,independencia_politica,74,https://hdl.handle.net/1814/77015 (Serbia_EN_mpm_2024_cmpf.pdf)
2024,Serbia,RS,pluralidad_mercado,71,https://hdl.handle.net/1814/77015 (Serbia_EN_mpm_2024_cmpf.pdf)
2024,Serbia,RS,proteccion_fundamental,60,https://hdl.handle.net/1814/77015 (Serbia_EN_mpm_2024_cmpf.pdf)
2024,Slovakia,SK,inclusion_social,56,https://hdl.handle.net/1814/77016 (Slovakia_EN_mpm_2024_cmpf.pdf)
2024,Slovakia,SK,independencia_politica,49,https://hdl.handle.net/1814/77016 (Slovakia_EN_mpm_2024_cmpf.pdf)
2024,Slovakia,SK,pluralidad_mercado,63,https://hdl.handle.net/1814/77016 (Slovakia_EN_mpm_2024_cmpf.pdf)
2024,Slovakia,SK,proteccion_fundamental,33,https://hdl.handle.net/1814/77016 (Slovakia_EN_mpm_2024_cmpf.pdf)
2024,Slovenia,SI,inclusion_social,64,https://hdl.handle.net/1814/77017 (Slovenia_EN_mpm_2024_cmpf.pdf)
2024,Slovenia,SI,independencia_politica,57,https://hdl.handle.net/1814/77017 (Slovenia_EN_mpm_2024_cmpf.pdf)
2024,Slovenia,SI,pluralidad_mercado,72,https://hdl.handle.net/1814/77017 (Slovenia_EN_mpm_2024_cmpf.pdf)
2024,Slovenia,SI,proteccion_fundamental,42,https://hdl.handle.net/1814/77017 (Slovenia_EN_mpm_2024_cmpf.pdf)
2024,Spain,ES,inclusion_social,61,https://hdl.handle.net/1814/77018 (Spain_EN_mpm_2024_cmpf.pdf)
2024,Spain,ES,independencia_politica,45,https://hdl.handle.net/1814/77018 (Spain_EN_mpm_2024_cmpf.pdf)
2024,Spain,ES,pluralidad_mercado,75,https://hdl.handle.net/1814/77018 (Spain_EN_mpm_2024_cmpf.pdf)
2024,Spain,ES,proteccion_fundamental,41,https://hdl.handle.net/1814/77018 (Spain_EN_mpm_2024_cmpf.pdf)
2024,Sweden,SE,inclusion_social,20,https://hdl.handle.net/1814/77019 (Sweden_EN_mpm_2024_cmpf.pdf)
2024,Sweden,SE,independencia_politica,13,https://hdl.handle.net/1814/77019 (Sweden_EN_mpm_2024_cmpf.pdf)
2024,Sweden,SE,pluralidad_mercado,62,https://hdl.handle.net/1814/77019 (Sweden_EN_mpm_2024_cmpf.pdf)
2024,Sweden,SE,proteccion_fundamental,18,https://hdl.handle.net/1814/77019 (Sweden_EN_mpm_2024_cmpf.pdf)
2024,The Czech Republic,CZ,inclusion_social,65,https://hdl.handle.net/1814/77020 (Czech_republic_EN_mpm_2024_cmpf.pdf)
2024,The Czech Republic,CZ,independencia_politica,38,https://hdl.handle.net/1814/77020 (Czech_republic_EN_mpm_2024_cmpf.pdf)
2024,The Czech Republic,CZ,pluralidad_mercado,77,https://hdl.handle.net/1814/77020 (Czech_republic_EN_mpm_2024_cmpf.pdf)
2024,The Czech Republic,CZ,proteccion_fundamental,29,https://hdl.handle.net/1814/77020 (Czech_republic_EN_mpm_2024_cmpf.pdf)
2024,Turkey,TR,inclusion_social,77,https://hdl.handle.net/1814/77026 (Turkey_EN_mpm_2024_cmpf.pdf)
2024,Turkey,TR,independencia_politica,89,https://hdl.handle.net/1814/77026 (Turkey_EN_mpm_2024_cmpf.pdf)
2024,Turkey,TR,pluralidad_mercado,74,https://hdl.handle.net/1814/77026 (Turkey_EN_mpm_2024_cmpf.pdf)
2024,Turkey,TR,proteccion_fundamental,75,https://hdl.handle.net/1814/77026 (Turkey_EN_mpm_2024_cmpf.pdf)
2024,the Netherlands,NL,inclusion_social,25,https://hdl.handle.net/1814/77021 (Netherlands_EN_mpm_2024_cmpf.pdf)
2024,the Netherlands,NL,independencia_politica,23,https://hdl.handle.net/1814/77021 (Netherlands_EN_mpm_2024_cmpf.pdf)
2024,the Netherlands,NL,pluralidad_mercado,55,https://hdl.handle.net/1814/77021 (Netherlands_EN_mpm_2024_cmpf.pdf)
2024,the Netherlands,NL,proteccion_fundamental,24,https://hdl.handle.net/1814/77021 (Netherlands_EN_mpm_2024_cmpf.pdf)
2025,Spain,ES,proteccion_fundamental,49,"https://hdl.handle.net/1814/92909 (Spain_EN_mpm_2025_cmpf.pdf, p. 9, gráfico de áreas)"
2025,Spain,ES,pluralidad_mercado,71,"https://hdl.handle.net/1814/92909 (Spain_EN_mpm_2025_cmpf.pdf, p. 9, gráfico de áreas)"
2025,Spain,ES,independencia_politica,38,"https://hdl.handle.net/1814/92909 (Spain_EN_mpm_2025_cmpf.pdf, p. 9, gráfico de áreas)"
2025,Spain,ES,inclusion_social,54,"https://hdl.handle.net/1814/92909 (Spain_EN_mpm_2025_cmpf.pdf, p. 9, gráfico de áreas)"
