anio,cod_ccaa,cadena,principal,ambito,cuota,fuente,nota
2017,00,La 1,true,espana,10.4,"Barlovento Comunicación (datos Kantar), Análisis de la industria televisiva 2021, «Evolución anual cadenas», p. 84 — https://barloventocomunicacion.es/wp-content/uploads/2022/05/2021-ANALISIS-TELEVISIVO-BARLOVENTO-COMUNICACION-1.pdf","Cuota de pantalla anual de La 1 en toda España (individuos 4+ con invitados, lineal). El informe de 2018 daba 10,5 %; se usa la serie revisada de los informes de 2019 y 2021 (10,4 %)."
2017,01,C.SUR,true,ccaa,9.3,"Barlovento Comunicación (datos Kantar), Análisis Televisivo 2018, «Resultados cadenas autonómicas», p. 51, columna 2017 — https://barloventocomunicacion.es/wp-content/uploads/2022/10/analisis-televisivo-2018-BarloventoComunicacion.pdf","Cuota de pantalla anual en su ámbito de emisión (la comunidad), individuos 4+ con invitados, lineal."
2017,01,AND-TV,false,ccaa,0.4,"Barlovento Comunicación (datos Kantar), Análisis Televisivo 2018, «Resultados cadenas autonómicas», p. 51, columna 2017 — https://barloventocomunicacion.es/wp-content/uploads/2022/10/analisis-televisivo-2018-BarloventoComunicacion.pdf","Cuota de pantalla anual en su ámbito de emisión (la comunidad), individuos 4+ con invitados, lineal."
2017,01,CSUR-AND,false,ccaa,0.4,"Barlovento Comunicación (datos Kantar), Análisis Televisivo 2018, «Resultados cadenas autonómicas», p. 51, columna 2017 — https://barloventocomunicacion.es/wp-content/uploads/2022/10/analisis-televisivo-2018-BarloventoComunicacion.pdf","Cuota de pantalla anual en su ámbito de emisión (la comunidad), individuos 4+ con invitados, lineal."
2017,02,ARAGON TV,true,ccaa,8.3,"Barlovento Comunicación (datos Kantar), Análisis Televisivo 2018, «Resultados cadenas autonómicas», p. 51, columna 2017 — https://barloventocomunicacion.es/wp-content/uploads/2022/10/analisis-televisivo-2018-BarloventoComunicacion.pdf","Cuota de pantalla anual en su ámbito de emisión (la comunidad), individuos 4+ con invitados, lineal."
2017,03,TPA,true,ccaa,5.0,"Barlovento Comunicación (datos Kantar), Análisis Televisivo 2018, «Resultados cadenas autonómicas», p. 51, columna 2017 — https://barloventocomunicacion.es/wp-content/uploads/2022/10/analisis-televisivo-2018-BarloventoComunicacion.pdf","Cuota de pantalla anual en su ámbito de emisión (la comunidad), individuos 4+ con invitados, lineal."
2017,03,TPA2,false,ccaa,0.7,"Barlovento Comunicación (datos Kantar), Análisis Televisivo 2018, «Resultados cadenas autonómicas», p. 51, columna 2017 — https://barloventocomunicacion.es/wp-content/uploads/2022/10/analisis-televisivo-2018-BarloventoComunicacion.pdf","Cuota de pantalla anual en su ámbito de emisión (la comunidad), individuos 4+ con invitados, lineal."
2017,04,IB3,true,ccaa,2.7,"Barlovento Comunicación (datos Kantar), Análisis Televisivo 2018, «Resultados cadenas autonómicas», p. 51, columna 2017 — https://barloventocomunicacion.es/wp-content/uploads/2022/10/analisis-televisivo-2018-BarloventoComunicacion.pdf","Cuota de pantalla anual en su ámbito de emisión (la comunidad), individuos 4+ con invitados, lineal."
2017,05,TVCAN,true,ccaa,5.6,"Barlovento Comunicación (datos Kantar), Análisis Televisivo 2018, «Resultados cadenas autonómicas», p. 51, columna 2017 — https://barloventocomunicacion.es/wp-content/uploads/2022/10/analisis-televisivo-2018-BarloventoComunicacion.pdf","Cuota de pantalla anual en su ámbito de emisión (la comunidad), individuos 4+ con invitados, lineal."
2017,07,La 7 (CyL),true,ccaa,1.4,"Barlovento Comunicación (datos Kantar), Análisis Televisivo 2018, autonómicas privadas, p. 39 (texto: CYL7 1,2 % −0,2 y La 8 0,7 % en 2018; 2017 deducido) — https://barloventocomunicacion.es/wp-content/uploads/2022/10/analisis-televisivo-2018-BarloventoComunicacion.pdf","Cuota de pantalla anual en su ámbito de emisión (la comunidad), individuos 4+ con invitados, lineal. Castilla y León no tiene TV pública: La 7 y La 8 son de RTVCyL (privada), que cobra de la Junta por contrato-programa."
2017,07,La 8 (CyL),false,ccaa,0.7,"Barlovento Comunicación (datos Kantar), Análisis Televisivo 2018, autonómicas privadas, p. 39 (texto: CYL7 1,2 % −0,2 y La 8 0,7 % en 2018; 2017 deducido) — https://barloventocomunicacion.es/wp-content/uploads/2022/10/analisis-televisivo-2018-BarloventoComunicacion.pdf","Cuota de pantalla anual en su ámbito de emisión (la comunidad), individuos 4+ con invitados, lineal. Castilla y León no tiene TV pública: La 7 y La 8 son de RTVCyL (privada), que cobra de la Junta por contrato-programa."
2017,08,CMM,true,ccaa,6.0,"Barlovento Comunicación (datos Kantar), Análisis Televisivo 2018, «Resultados cadenas autonómicas», p. 51, columna 2017 — https://barloventocomunicacion.es/wp-content/uploads/2022/10/analisis-televisivo-2018-BarloventoComunicacion.pdf","Cuota de pantalla anual en su ámbito de emisión (la comunidad), individuos 4+ con invitados, lineal."
2017,09,TV3,true,ccaa,11.7,"Barlovento Comunicación (datos Kantar), Análisis Televisivo 2018, «Resultados cadenas autonómicas», p. 51, columna 2017 — https://barloventocomunicacion.es/wp-content/uploads/2022/10/analisis-televisivo-2018-BarloventoComunicacion.pdf","Cuota de pantalla anual en su ámbito de emisión (la comunidad), individuos 4+ con invitados, lineal."
2017,09,3/24,false,ccaa,2.0,"Barlovento Comunicación (datos Kantar), Análisis Televisivo 2018, «Resultados cadenas autonómicas», p. 51, columna 2017 — https://barloventocomunicacion.es/wp-content/uploads/2022/10/analisis-televisivo-2018-BarloventoComunicacion.pdf","Cuota de pantalla anual en su ámbito de emisión (la comunidad), individuos 4+ con invitados, lineal."
2017,09,ESPORT3,false,ccaa,0.7,"Barlovento Comunicación (datos Kantar), Análisis Televisivo 2018, «Resultados cadenas autonómicas», p. 51, columna 2017 — https://barloventocomunicacion.es/wp-content/uploads/2022/10/analisis-televisivo-2018-BarloventoComunicacion.pdf","Cuota de pantalla anual en su ámbito de emisión (la comunidad), individuos 4+ con invitados, lineal."
2017,09,SUPER3/33,false,ccaa,1.2,"Barlovento Comunicación (datos Kantar), Análisis Televisivo 2018, «Resultados cadenas autonómicas», p. 51, columna 2017 — https://barloventocomunicacion.es/wp-content/uploads/2022/10/analisis-televisivo-2018-BarloventoComunicacion.pdf","Cuota de pantalla anual en su ámbito de emisión (la comunidad), individuos 4+ con invitados, lineal."
2017,09,TV3CAT,false,ccaa,0.5,"Barlovento Comunicación (datos Kantar), Análisis Televisivo 2018, «Resultados cadenas autonómicas», p. 51, columna 2017 — https://barloventocomunicacion.es/wp-content/uploads/2022/10/analisis-televisivo-2018-BarloventoComunicacion.pdf","Cuota de pantalla anual en su ámbito de emisión (la comunidad), individuos 4+ con invitados, lineal."
2017,11,CANAL EXTREMADURA TV,true,ccaa,5.8,"Barlovento Comunicación (datos Kantar), Análisis Televisivo 2018, «Resultados cadenas autonómicas», p. 51, columna 2017 — https://barloventocomunicacion.es/wp-content/uploads/2022/10/analisis-televisivo-2018-BarloventoComunicacion.pdf","Cuota de pantalla anual en su ámbito de emisión (la comunidad), individuos 4+ con invitados, lineal."
2017,12,TVG,true,ccaa,10.3,"Barlovento Comunicación (datos Kantar), Análisis Televisivo 2018, «Resultados cadenas autonómicas», p. 51, columna 2017 — https://barloventocomunicacion.es/wp-content/uploads/2022/10/analisis-televisivo-2018-BarloventoComunicacion.pdf","Cuota de pantalla anual en su ámbito de emisión (la comunidad), individuos 4+ con invitados, lineal."
2017,12,GALICIA TV,false,ccaa,0.2,"Barlovento Comunicación (datos Kantar), Análisis Televisivo 2018, «Resultados cadenas autonómicas», p. 51, columna 2017 — https://barloventocomunicacion.es/wp-content/uploads/2022/10/analisis-televisivo-2018-BarloventoComunicacion.pdf","Cuota de pantalla anual en su ámbito de emisión (la comunidad), individuos 4+ con invitados, lineal."
2017,12,TVG2,false,ccaa,0.7,"Barlovento Comunicación (datos Kantar), Análisis Televisivo 2018, «Resultados cadenas autonómicas», p. 51, columna 2017 — https://barloventocomunicacion.es/wp-content/uploads/2022/10/analisis-televisivo-2018-BarloventoComunicacion.pdf","Cuota de pantalla anual en su ámbito de emisión (la comunidad), individuos 4+ con invitados, lineal."
2017,13,TELEMADRID,true,ccaa,4.1,"Barlovento Comunicación (datos Kantar), Análisis Televisivo 2018, «Resultados cadenas autonómicas», p. 51, columna 2017 — https://barloventocomunicacion.es/wp-content/uploads/2022/10/analisis-televisivo-2018-BarloventoComunicacion.pdf","Cuota de pantalla anual en su ámbito de emisión (la comunidad), individuos 4+ con invitados, lineal."
2017,13,LAOTRA,false,ccaa,0.8,"Barlovento Comunicación (datos Kantar), Análisis Televisivo 2018, «Resultados cadenas autonómicas», p. 51, columna 2017 — https://barloventocomunicacion.es/wp-content/uploads/2022/10/analisis-televisivo-2018-BarloventoComunicacion.pdf","Cuota de pantalla anual en su ámbito de emisión (la comunidad), individuos 4+ con invitados, lineal."
2017,14,LA 7TV,true,ccaa,2.6,"Barlovento Comunicación (datos Kantar), Análisis Televisivo 2018, «Resultados cadenas autonómicas», p. 51, columna 2017 — https://barloventocomunicacion.es/wp-content/uploads/2022/10/analisis-televisivo-2018-BarloventoComunicacion.pdf","Cuota de pantalla anual en su ámbito de emisión (la comunidad), individuos 4+ con invitados, lineal. Canal de la RTRM gestionado por el Grupo Secuoya."
2017,16,ETB2,true,ccaa,7.8,"Barlovento Comunicación (datos Kantar), Análisis Televisivo 2018, «Resultados cadenas autonómicas», p. 51, columna 2017 — https://barloventocomunicacion.es/wp-content/uploads/2022/10/analisis-televisivo-2018-BarloventoComunicacion.pdf","Cuota de pantalla anual en su ámbito de emisión (la comunidad), individuos 4+ con invitados, lineal."
2017,16,ETB1,false,ccaa,2.0,"Barlovento Comunicación (datos Kantar), Análisis Televisivo 2018, «Resultados cadenas autonómicas», p. 51, columna 2017 — https://barloventocomunicacion.es/wp-content/uploads/2022/10/analisis-televisivo-2018-BarloventoComunicacion.pdf","Cuota de pantalla anual en su ámbito de emisión (la comunidad), individuos 4+ con invitados, lineal."
2017,16,ETB3,false,ccaa,0.5,"Barlovento Comunicación (datos Kantar), Análisis Televisivo 2018, «Resultados cadenas autonómicas», p. 51, columna 2017 — https://barloventocomunicacion.es/wp-content/uploads/2022/10/analisis-televisivo-2018-BarloventoComunicacion.pdf","Cuota de pantalla anual en su ámbito de emisión (la comunidad), individuos 4+ con invitados, lineal."
2017,16,ETB4,false,ccaa,0.7,"Barlovento Comunicación (datos Kantar), Análisis Televisivo 2018, «Resultados cadenas autonómicas», p. 51, columna 2017 — https://barloventocomunicacion.es/wp-content/uploads/2022/10/analisis-televisivo-2018-BarloventoComunicacion.pdf","Cuota de pantalla anual en su ámbito de emisión (la comunidad), individuos 4+ con invitados, lineal."
2018,00,La 1,true,espana,10.5,"Barlovento Comunicación (datos Kantar), Análisis de la industria televisiva 2021, «Evolución anual cadenas», p. 84 — https://barloventocomunicacion.es/wp-content/uploads/2022/05/2021-ANALISIS-TELEVISIVO-BARLOVENTO-COMUNICACION-1.pdf","Cuota de pantalla anual de La 1 en toda España (individuos 4+ con invitados, lineal)."
2018,01,C.SUR,true,ccaa,8.8,"Barlovento Comunicación (datos Kantar), Análisis Televisivo 2018, «Resultados cadenas autonómicas», p. 51 — https://barloventocomunicacion.es/wp-content/uploads/2022/10/analisis-televisivo-2018-BarloventoComunicacion.pdf","Cuota de pantalla anual en su ámbito de emisión (la comunidad), individuos 4+ con invitados, lineal."
2018,01,AND-TV,false,ccaa,0.4,"Barlovento Comunicación (datos Kantar), Análisis Televisivo 2018, «Resultados cadenas autonómicas», p. 51 — https://barloventocomunicacion.es/wp-content/uploads/2022/10/analisis-televisivo-2018-BarloventoComunicacion.pdf","Cuota de pantalla anual en su ámbito de emisión (la comunidad), individuos 4+ con invitados, lineal."
2018,01,CSUR-AND,false,ccaa,0.3,"Barlovento Comunicación (datos Kantar), Análisis Televisivo 2018, «Resultados cadenas autonómicas», p. 51 — https://barloventocomunicacion.es/wp-content/uploads/2022/10/analisis-televisivo-2018-BarloventoComunicacion.pdf","Cuota de pantalla anual en su ámbito de emisión (la comunidad), individuos 4+ con invitados, lineal."
2018,02,ARAGON TV,true,ccaa,8.4,"Barlovento Comunicación (datos Kantar), Análisis Televisivo 2018, «Resultados cadenas autonómicas», p. 51 — https://barloventocomunicacion.es/wp-content/uploads/2022/10/analisis-televisivo-2018-BarloventoComunicacion.pdf","Cuota de pantalla anual en su ámbito de emisión (la comunidad), individuos 4+ con invitados, lineal."
2018,03,TPA,true,ccaa,5.5,"Barlovento Comunicación (datos Kantar), Análisis Televisivo 2018, «Resultados cadenas autonómicas», p. 51 — https://barloventocomunicacion.es/wp-content/uploads/2022/10/analisis-televisivo-2018-BarloventoComunicacion.pdf","Cuota de pantalla anual en su ámbito de emisión (la comunidad), individuos 4+ con invitados, lineal."
2018,03,TPA2,false,ccaa,0.8,"Barlovento Comunicación (datos Kantar), Análisis Televisivo 2018, «Resultados cadenas autonómicas», p. 51 — https://barloventocomunicacion.es/wp-content/uploads/2022/10/analisis-televisivo-2018-BarloventoComunicacion.pdf","Cuota de pantalla anual en su ámbito de emisión (la comunidad), individuos 4+ con invitados, lineal."
2018,04,IB3,true,ccaa,2.5,"Barlovento Comunicación (datos Kantar), Análisis Televisivo 2018, «Resultados cadenas autonómicas», p. 51 — https://barloventocomunicacion.es/wp-content/uploads/2022/10/analisis-televisivo-2018-BarloventoComunicacion.pdf","Cuota de pantalla anual en su ámbito de emisión (la comunidad), individuos 4+ con invitados, lineal."
2018,05,TVCAN,true,ccaa,5.2,"Barlovento Comunicación (datos Kantar), Análisis Televisivo 2018, «Resultados cadenas autonómicas», p. 51 — https://barloventocomunicacion.es/wp-content/uploads/2022/10/analisis-televisivo-2018-BarloventoComunicacion.pdf","Cuota de pantalla anual en su ámbito de emisión (la comunidad), individuos 4+ con invitados, lineal."
2018,07,La 7 (CyL),true,ccaa,1.2,"Barlovento Comunicación (datos Kantar), Análisis Televisivo 2018, autonómicas privadas, p. 39 (texto del ránking de autonómicas privadas) — https://barloventocomunicacion.es/wp-content/uploads/2022/10/analisis-televisivo-2018-BarloventoComunicacion.pdf","Cuota de pantalla anual en su ámbito de emisión (la comunidad), individuos 4+ con invitados, lineal. Castilla y León no tiene TV pública: La 7 y La 8 son de RTVCyL (privada), que cobra de la Junta por contrato-programa."
2018,07,La 8 (CyL),false,ccaa,0.7,"Barlovento Comunicación (datos Kantar), Análisis Televisivo 2018, autonómicas privadas, p. 39 (texto del ránking de autonómicas privadas) — https://barloventocomunicacion.es/wp-content/uploads/2022/10/analisis-televisivo-2018-BarloventoComunicacion.pdf","Cuota de pantalla anual en su ámbito de emisión (la comunidad), individuos 4+ con invitados, lineal. Castilla y León no tiene TV pública: La 7 y La 8 son de RTVCyL (privada), que cobra de la Junta por contrato-programa."
2018,08,CMM,true,ccaa,5.7,"Barlovento Comunicación (datos Kantar), Análisis Televisivo 2018, «Resultados cadenas autonómicas», p. 51 — https://barloventocomunicacion.es/wp-content/uploads/2022/10/analisis-televisivo-2018-BarloventoComunicacion.pdf","Cuota de pantalla anual en su ámbito de emisión (la comunidad), individuos 4+ con invitados, lineal."
2018,09,TV3,true,ccaa,13.9,"Barlovento Comunicación (datos Kantar), Análisis Televisivo 2018, «Resultados cadenas autonómicas», p. 51 — https://barloventocomunicacion.es/wp-content/uploads/2022/10/analisis-televisivo-2018-BarloventoComunicacion.pdf","Cuota de pantalla anual en su ámbito de emisión (la comunidad), individuos 4+ con invitados, lineal."
2018,09,3/24,false,ccaa,1.8,"Barlovento Comunicación (datos Kantar), Análisis Televisivo 2018, «Resultados cadenas autonómicas», p. 51 — https://barloventocomunicacion.es/wp-content/uploads/2022/10/analisis-televisivo-2018-BarloventoComunicacion.pdf","Cuota de pantalla anual en su ámbito de emisión (la comunidad), individuos 4+ con invitados, lineal."
2018,09,ESPORT3,false,ccaa,0.5,"Barlovento Comunicación (datos Kantar), Análisis Televisivo 2018, «Resultados cadenas autonómicas», p. 51 — https://barloventocomunicacion.es/wp-content/uploads/2022/10/analisis-televisivo-2018-BarloventoComunicacion.pdf","Cuota de pantalla anual en su ámbito de emisión (la comunidad), individuos 4+ con invitados, lineal."
2018,09,SUPER3/33,false,ccaa,0.9,"Barlovento Comunicación (datos Kantar), Análisis Televisivo 2018, «Resultados cadenas autonómicas», p. 51 — https://barloventocomunicacion.es/wp-content/uploads/2022/10/analisis-televisivo-2018-BarloventoComunicacion.pdf","Cuota de pantalla anual en su ámbito de emisión (la comunidad), individuos 4+ con invitados, lineal."
2018,09,TV3CAT,false,ccaa,0.5,"Barlovento Comunicación (datos Kantar), Análisis Televisivo 2018, «Resultados cadenas autonómicas», p. 51 — https://barloventocomunicacion.es/wp-content/uploads/2022/10/analisis-televisivo-2018-BarloventoComunicacion.pdf","Cuota de pantalla anual en su ámbito de emisión (la comunidad), individuos 4+ con invitados, lineal."
2018,10,A PUNT,true,ccaa,1.3,"Barlovento Comunicación (datos Kantar), Análisis Televisivo 2018, «Resultados cadenas autonómicas», p. 51 — https://barloventocomunicacion.es/wp-content/uploads/2022/10/analisis-televisivo-2018-BarloventoComunicacion.pdf","Cuota de pantalla anual en su ámbito de emisión (la comunidad), individuos 4+ con invitados, lineal. À Punt empezó a medirse el 10 de octubre de 2018."
2018,11,CANAL EXTREMADURA TV,true,ccaa,5.9,"Barlovento Comunicación (datos Kantar), Análisis Televisivo 2018, «Resultados cadenas autonómicas», p. 51 — https://barloventocomunicacion.es/wp-content/uploads/2022/10/analisis-televisivo-2018-BarloventoComunicacion.pdf","Cuota de pantalla anual en su ámbito de emisión (la comunidad), individuos 4+ con invitados, lineal."
2018,12,TVG,true,ccaa,9.9,"Barlovento Comunicación (datos Kantar), Análisis Televisivo 2018, «Resultados cadenas autonómicas», p. 51 — https://barloventocomunicacion.es/wp-content/uploads/2022/10/analisis-televisivo-2018-BarloventoComunicacion.pdf","Cuota de pantalla anual en su ámbito de emisión (la comunidad), individuos 4+ con invitados, lineal."
2018,12,GALICIA TV,false,ccaa,0.1,"Barlovento Comunicación (datos Kantar), Análisis Televisivo 2018, «Resultados cadenas autonómicas», p. 51 — https://barloventocomunicacion.es/wp-content/uploads/2022/10/analisis-televisivo-2018-BarloventoComunicacion.pdf","Cuota de pantalla anual en su ámbito de emisión (la comunidad), individuos 4+ con invitados, lineal."
2018,12,TVG2,false,ccaa,0.6,"Barlovento Comunicación (datos Kantar), Análisis Televisivo 2018, «Resultados cadenas autonómicas», p. 51 — https://barloventocomunicacion.es/wp-content/uploads/2022/10/analisis-televisivo-2018-BarloventoComunicacion.pdf","Cuota de pantalla anual en su ámbito de emisión (la comunidad), individuos 4+ con invitados, lineal."
2018,13,TELEMADRID,true,ccaa,4.5,"Barlovento Comunicación (datos Kantar), Análisis Televisivo 2018, «Resultados cadenas autonómicas», p. 51 — https://barloventocomunicacion.es/wp-content/uploads/2022/10/analisis-televisivo-2018-BarloventoComunicacion.pdf","Cuota de pantalla anual en su ámbito de emisión (la comunidad), individuos 4+ con invitados, lineal."
2018,13,LAOTRA,false,ccaa,0.8,"Barlovento Comunicación (datos Kantar), Análisis Televisivo 2018, «Resultados cadenas autonómicas», p. 51 — https://barloventocomunicacion.es/wp-content/uploads/2022/10/analisis-televisivo-2018-BarloventoComunicacion.pdf","Cuota de pantalla anual en su ámbito de emisión (la comunidad), individuos 4+ con invitados, lineal."
2018,14,LA 7TV,true,ccaa,2.9,"Barlovento Comunicación (datos Kantar), Análisis Televisivo 2018, «Resultados cadenas autonómicas», p. 51 — https://barloventocomunicacion.es/wp-content/uploads/2022/10/analisis-televisivo-2018-BarloventoComunicacion.pdf","Cuota de pantalla anual en su ámbito de emisión (la comunidad), individuos 4+ con invitados, lineal. Canal de la RTRM gestionado por el Grupo Secuoya."
2018,16,ETB2,true,ccaa,8.3,"Barlovento Comunicación (datos Kantar), Análisis Televisivo 2018, «Resultados cadenas autonómicas», p. 51 — https://barloventocomunicacion.es/wp-content/uploads/2022/10/analisis-televisivo-2018-BarloventoComunicacion.pdf","Cuota de pantalla anual en su ámbito de emisión (la comunidad), individuos 4+ con invitados, lineal."
2018,16,ETB1,false,ccaa,2.3,"Barlovento Comunicación (datos Kantar), Análisis Televisivo 2018, «Resultados cadenas autonómicas», p. 51 — https://barloventocomunicacion.es/wp-content/uploads/2022/10/analisis-televisivo-2018-BarloventoComunicacion.pdf","Cuota de pantalla anual en su ámbito de emisión (la comunidad), individuos 4+ con invitados, lineal."
2018,16,ETB3,false,ccaa,0.3,"Barlovento Comunicación (datos Kantar), Análisis Televisivo 2018, «Resultados cadenas autonómicas», p. 51 — https://barloventocomunicacion.es/wp-content/uploads/2022/10/analisis-televisivo-2018-BarloventoComunicacion.pdf","Cuota de pantalla anual en su ámbito de emisión (la comunidad), individuos 4+ con invitados, lineal."
2018,16,ETB4,false,ccaa,0.6,"Barlovento Comunicación (datos Kantar), Análisis Televisivo 2018, «Resultados cadenas autonómicas», p. 51 — https://barloventocomunicacion.es/wp-content/uploads/2022/10/analisis-televisivo-2018-BarloventoComunicacion.pdf","Cuota de pantalla anual en su ámbito de emisión (la comunidad), individuos 4+ con invitados, lineal."
2019,00,La 1,true,espana,9.4,"Barlovento Comunicación (datos Kantar), Análisis de la industria televisiva 2021, «Evolución anual cadenas», p. 84 — https://barloventocomunicacion.es/wp-content/uploads/2022/05/2021-ANALISIS-TELEVISIVO-BARLOVENTO-COMUNICACION-1.pdf","Cuota de pantalla anual de La 1 en toda España (individuos 4+ con invitados, lineal)."
2019,01,C.SUR,true,ccaa,8.0,"Barlovento Comunicación (datos Kantar), Análisis Televisivo 2019, «Resultados cadenas autonómicas», p. 62 — https://www.barloventocomunicacion.es/wp-content/uploads/2019/12/analisis-televisivo-2019-BarloventoComunicacion-1.pdf","Cuota de pantalla anual en su ámbito de emisión (la comunidad), individuos 4+ con invitados, lineal."
2019,01,AND-TV,false,ccaa,0.4,"Barlovento Comunicación (datos Kantar), Análisis Televisivo 2019, «Resultados cadenas autonómicas», p. 62 — https://www.barloventocomunicacion.es/wp-content/uploads/2019/12/analisis-televisivo-2019-BarloventoComunicacion-1.pdf","Cuota de pantalla anual en su ámbito de emisión (la comunidad), individuos 4+ con invitados, lineal."
2019,01,CSUR-AND,false,ccaa,0.4,"Barlovento Comunicación (datos Kantar), Análisis Televisivo 2019, «Resultados cadenas autonómicas», p. 62 — https://www.barloventocomunicacion.es/wp-content/uploads/2019/12/analisis-televisivo-2019-BarloventoComunicacion-1.pdf","Cuota de pantalla anual en su ámbito de emisión (la comunidad), individuos 4+ con invitados, lineal."
2019,02,ARAGON TV,true,ccaa,8.8,"Barlovento Comunicación (datos Kantar), Análisis Televisivo 2019, «Resultados cadenas autonómicas», p. 62 — https://www.barloventocomunicacion.es/wp-content/uploads/2019/12/analisis-televisivo-2019-BarloventoComunicacion-1.pdf","Cuota de pantalla anual en su ámbito de emisión (la comunidad), individuos 4+ con invitados, lineal."
2019,03,TPA,true,ccaa,5.9,"Barlovento Comunicación (datos Kantar), Análisis Televisivo 2019, «Resultados cadenas autonómicas», p. 62 — https://www.barloventocomunicacion.es/wp-content/uploads/2019/12/analisis-televisivo-2019-BarloventoComunicacion-1.pdf","Cuota de pantalla anual en su ámbito de emisión (la comunidad), individuos 4+ con invitados, lineal."
2019,03,TPA2,false,ccaa,0.9,"Barlovento Comunicación (datos Kantar), Análisis Televisivo 2019, «Resultados cadenas autonómicas», p. 62 — https://www.barloventocomunicacion.es/wp-content/uploads/2019/12/analisis-televisivo-2019-BarloventoComunicacion-1.pdf","Cuota de pantalla anual en su ámbito de emisión (la comunidad), individuos 4+ con invitados, lineal."
2019,04,IB3,true,ccaa,3.5,"Barlovento Comunicación (datos Kantar), Análisis Televisivo 2019, «Resultados cadenas autonómicas», p. 62 — https://www.barloventocomunicacion.es/wp-content/uploads/2019/12/analisis-televisivo-2019-BarloventoComunicacion-1.pdf","Cuota de pantalla anual en su ámbito de emisión (la comunidad), individuos 4+ con invitados, lineal."
2019,05,TVCAN,true,ccaa,5.6,"Barlovento Comunicación (datos Kantar), Análisis Televisivo 2019, «Resultados cadenas autonómicas», p. 62 — https://www.barloventocomunicacion.es/wp-content/uploads/2019/12/analisis-televisivo-2019-BarloventoComunicacion-1.pdf","Cuota de pantalla anual en su ámbito de emisión (la comunidad), individuos 4+ con invitados, lineal."
2019,07,La 7 (CyL),true,ccaa,1.2,"Barlovento Comunicación (datos Kantar), Análisis Televisivo 2019, autonómicas privadas, p. 50 (texto del ránking de autonómicas privadas) — https://www.barloventocomunicacion.es/wp-content/uploads/2019/12/analisis-televisivo-2019-BarloventoComunicacion-1.pdf","Cuota de pantalla anual en su ámbito de emisión (la comunidad), individuos 4+ con invitados, lineal. Castilla y León no tiene TV pública: La 7 y La 8 son de RTVCyL (privada), que cobra de la Junta por contrato-programa."
2019,07,La 8 (CyL),false,ccaa,0.8,"Barlovento Comunicación (datos Kantar), Análisis Televisivo 2019, autonómicas privadas, p. 50 (texto del ránking de autonómicas privadas) — https://www.barloventocomunicacion.es/wp-content/uploads/2019/12/analisis-televisivo-2019-BarloventoComunicacion-1.pdf","Cuota de pantalla anual en su ámbito de emisión (la comunidad), individuos 4+ con invitados, lineal. Castilla y León no tiene TV pública: La 7 y La 8 son de RTVCyL (privada), que cobra de la Junta por contrato-programa."
2019,08,CMM,true,ccaa,6.1,"Barlovento Comunicación (datos Kantar), Análisis Televisivo 2019, «Resultados cadenas autonómicas», p. 62 — https://www.barloventocomunicacion.es/wp-content/uploads/2019/12/analisis-televisivo-2019-BarloventoComunicacion-1.pdf","Cuota de pantalla anual en su ámbito de emisión (la comunidad), individuos 4+ con invitados, lineal."
2019,09,TV3,true,ccaa,14.6,"Barlovento Comunicación (datos Kantar), Análisis Televisivo 2019, «Resultados cadenas autonómicas», p. 62 — https://www.barloventocomunicacion.es/wp-content/uploads/2019/12/analisis-televisivo-2019-BarloventoComunicacion-1.pdf","Cuota de pantalla anual en su ámbito de emisión (la comunidad), individuos 4+ con invitados, lineal."
2019,09,3/24,false,ccaa,2.2,"Barlovento Comunicación (datos Kantar), Análisis Televisivo 2019, «Resultados cadenas autonómicas», p. 62 — https://www.barloventocomunicacion.es/wp-content/uploads/2019/12/analisis-televisivo-2019-BarloventoComunicacion-1.pdf","Cuota de pantalla anual en su ámbito de emisión (la comunidad), individuos 4+ con invitados, lineal."
2019,09,ESPORT3,false,ccaa,0.5,"Barlovento Comunicación (datos Kantar), Análisis Televisivo 2019, «Resultados cadenas autonómicas», p. 62 — https://www.barloventocomunicacion.es/wp-content/uploads/2019/12/analisis-televisivo-2019-BarloventoComunicacion-1.pdf","Cuota de pantalla anual en su ámbito de emisión (la comunidad), individuos 4+ con invitados, lineal."
2019,09,SUPER3/33,false,ccaa,0.8,"Barlovento Comunicación (datos Kantar), Análisis Televisivo 2019, «Resultados cadenas autonómicas», p. 62 — https://www.barloventocomunicacion.es/wp-content/uploads/2019/12/analisis-televisivo-2019-BarloventoComunicacion-1.pdf","Cuota de pantalla anual en su ámbito de emisión (la comunidad), individuos 4+ con invitados, lineal."
2019,09,TV3CAT,false,ccaa,0.6,"Barlovento Comunicación (datos Kantar), Análisis Televisivo 2019, «Resultados cadenas autonómicas», p. 62 — https://www.barloventocomunicacion.es/wp-content/uploads/2019/12/analisis-televisivo-2019-BarloventoComunicacion-1.pdf","Cuota de pantalla anual en su ámbito de emisión (la comunidad), individuos 4+ con invitados, lineal."
2019,10,A PUNT,true,ccaa,2.1,"Barlovento Comunicación (datos Kantar), Análisis Televisivo 2019, «Resultados cadenas autonómicas», p. 62 — https://www.barloventocomunicacion.es/wp-content/uploads/2019/12/analisis-televisivo-2019-BarloventoComunicacion-1.pdf","Cuota de pantalla anual en su ámbito de emisión (la comunidad), individuos 4+ con invitados, lineal."
2019,11,CANAL EXTREMADURA TV,true,ccaa,5.8,"Barlovento Comunicación (datos Kantar), Análisis Televisivo 2019, «Resultados cadenas autonómicas», p. 62 — https://www.barloventocomunicacion.es/wp-content/uploads/2019/12/analisis-televisivo-2019-BarloventoComunicacion-1.pdf","Cuota de pantalla anual en su ámbito de emisión (la comunidad), individuos 4+ con invitados, lineal."
2019,12,TVG,true,ccaa,9.3,"Barlovento Comunicación (datos Kantar), Análisis Televisivo 2019, «Resultados cadenas autonómicas», p. 62 — https://www.barloventocomunicacion.es/wp-content/uploads/2019/12/analisis-televisivo-2019-BarloventoComunicacion-1.pdf","Cuota de pantalla anual en su ámbito de emisión (la comunidad), individuos 4+ con invitados, lineal."
2019,12,GALICIA TV,false,ccaa,0.2,"Barlovento Comunicación (datos Kantar), Análisis Televisivo 2019, «Resultados cadenas autonómicas», p. 62 — https://www.barloventocomunicacion.es/wp-content/uploads/2019/12/analisis-televisivo-2019-BarloventoComunicacion-1.pdf","Cuota de pantalla anual en su ámbito de emisión (la comunidad), individuos 4+ con invitados, lineal."
2019,12,TVG2,false,ccaa,0.7,"Barlovento Comunicación (datos Kantar), Análisis Televisivo 2019, «Resultados cadenas autonómicas», p. 62 — https://www.barloventocomunicacion.es/wp-content/uploads/2019/12/analisis-televisivo-2019-BarloventoComunicacion-1.pdf","Cuota de pantalla anual en su ámbito de emisión (la comunidad), individuos 4+ con invitados, lineal."
2019,13,TELEMADRID,true,ccaa,5.1,"Barlovento Comunicación (datos Kantar), Análisis Televisivo 2019, «Resultados cadenas autonómicas», p. 62 — https://www.barloventocomunicacion.es/wp-content/uploads/2019/12/analisis-televisivo-2019-BarloventoComunicacion-1.pdf","Cuota de pantalla anual en su ámbito de emisión (la comunidad), individuos 4+ con invitados, lineal."
2019,13,LAOTRA,false,ccaa,0.9,"Barlovento Comunicación (datos Kantar), Análisis Televisivo 2019, «Resultados cadenas autonómicas», p. 62 — https://www.barloventocomunicacion.es/wp-content/uploads/2019/12/analisis-televisivo-2019-BarloventoComunicacion-1.pdf","Cuota de pantalla anual en su ámbito de emisión (la comunidad), individuos 4+ con invitados, lineal."
2019,14,LA 7TV,true,ccaa,2.8,"Barlovento Comunicación (datos Kantar), Análisis Televisivo 2019, «Resultados cadenas autonómicas», p. 62 — https://www.barloventocomunicacion.es/wp-content/uploads/2019/12/analisis-televisivo-2019-BarloventoComunicacion-1.pdf","Cuota de pantalla anual en su ámbito de emisión (la comunidad), individuos 4+ con invitados, lineal. Canal de la RTRM gestionado por el Grupo Secuoya."
2019,16,ETB2,true,ccaa,8.3,"Barlovento Comunicación (datos Kantar), Análisis Televisivo 2019, «Resultados cadenas autonómicas», p. 62 — https://www.barloventocomunicacion.es/wp-content/uploads/2019/12/analisis-televisivo-2019-BarloventoComunicacion-1.pdf","Cuota de pantalla anual en su ámbito de emisión (la comunidad), individuos 4+ con invitados, lineal."
2019,16,ETB1,false,ccaa,2.1,"Barlovento Comunicación (datos Kantar), Análisis Televisivo 2019, «Resultados cadenas autonómicas», p. 62 — https://www.barloventocomunicacion.es/wp-content/uploads/2019/12/analisis-televisivo-2019-BarloventoComunicacion-1.pdf","Cuota de pantalla anual en su ámbito de emisión (la comunidad), individuos 4+ con invitados, lineal."
2019,16,ETB3,false,ccaa,0.3,"Barlovento Comunicación (datos Kantar), Análisis Televisivo 2019, «Resultados cadenas autonómicas», p. 62 — https://www.barloventocomunicacion.es/wp-content/uploads/2019/12/analisis-televisivo-2019-BarloventoComunicacion-1.pdf","Cuota de pantalla anual en su ámbito de emisión (la comunidad), individuos 4+ con invitados, lineal."
2019,16,ETB4,false,ccaa,0.6,"Barlovento Comunicación (datos Kantar), Análisis Televisivo 2019, «Resultados cadenas autonómicas», p. 62 — https://www.barloventocomunicacion.es/wp-content/uploads/2019/12/analisis-televisivo-2019-BarloventoComunicacion-1.pdf","Cuota de pantalla anual en su ámbito de emisión (la comunidad), individuos 4+ con invitados, lineal."
2020,00,La 1,true,espana,9.4,"Barlovento Comunicación (datos Kantar), Análisis de la industria televisiva 2021, «Evolución anual cadenas», p. 84 — https://barloventocomunicacion.es/wp-content/uploads/2022/05/2021-ANALISIS-TELEVISIVO-BARLOVENTO-COMUNICACION-1.pdf","Cuota de pantalla anual de La 1 en toda España (individuos 4+ con invitados, lineal)."
2020,01,C.SUR,true,ccaa,7.5,"Barlovento Comunicación (datos Kantar), Análisis de la industria televisiva 2021, «Resultados cadenas autonómicas», p. 90, columna 2020 — https://barloventocomunicacion.es/wp-content/uploads/2022/05/2021-ANALISIS-TELEVISIVO-BARLOVENTO-COMUNICACION-1.pdf","Cuota de pantalla anual en su ámbito de emisión (la comunidad), individuos 4+ con invitados, lineal."
2020,01,AND-TV,false,ccaa,0.4,"Barlovento Comunicación (datos Kantar), Análisis de la industria televisiva 2021, «Resultados cadenas autonómicas», p. 90, columna 2020 — https://barloventocomunicacion.es/wp-content/uploads/2022/05/2021-ANALISIS-TELEVISIVO-BARLOVENTO-COMUNICACION-1.pdf","Cuota de pantalla anual en su ámbito de emisión (la comunidad), individuos 4+ con invitados, lineal."
2020,01,CSUR-AND,false,ccaa,0.2,"Barlovento Comunicación (datos Kantar), Análisis de la industria televisiva 2021, «Resultados cadenas autonómicas», p. 90, columna 2020 — https://barloventocomunicacion.es/wp-content/uploads/2022/05/2021-ANALISIS-TELEVISIVO-BARLOVENTO-COMUNICACION-1.pdf","Cuota de pantalla anual en su ámbito de emisión (la comunidad), individuos 4+ con invitados, lineal."
2020,02,ARAGON TV,true,ccaa,9.3,"Barlovento Comunicación (datos Kantar), Análisis de la industria televisiva 2021, «Resultados cadenas autonómicas», p. 90, columna 2020 — https://barloventocomunicacion.es/wp-content/uploads/2022/05/2021-ANALISIS-TELEVISIVO-BARLOVENTO-COMUNICACION-1.pdf","Cuota de pantalla anual en su ámbito de emisión (la comunidad), individuos 4+ con invitados, lineal."
2020,03,TPA,true,ccaa,6.8,"Barlovento Comunicación (datos Kantar), Análisis de la industria televisiva 2021, «Resultados cadenas autonómicas», p. 90, columna 2020 — https://barloventocomunicacion.es/wp-content/uploads/2022/05/2021-ANALISIS-TELEVISIVO-BARLOVENTO-COMUNICACION-1.pdf","Cuota de pantalla anual en su ámbito de emisión (la comunidad), individuos 4+ con invitados, lineal."
2020,03,TPA2,false,ccaa,1.1,"Barlovento Comunicación (datos Kantar), Análisis de la industria televisiva 2021, «Resultados cadenas autonómicas», p. 90, columna 2020 — https://barloventocomunicacion.es/wp-content/uploads/2022/05/2021-ANALISIS-TELEVISIVO-BARLOVENTO-COMUNICACION-1.pdf","Cuota de pantalla anual en su ámbito de emisión (la comunidad), individuos 4+ con invitados, lineal."
2020,04,IB3,true,ccaa,4.7,"Barlovento Comunicación (datos Kantar), Análisis de la industria televisiva 2021, «Resultados cadenas autonómicas», p. 90, columna 2020 — https://barloventocomunicacion.es/wp-content/uploads/2022/05/2021-ANALISIS-TELEVISIVO-BARLOVENTO-COMUNICACION-1.pdf","Cuota de pantalla anual en su ámbito de emisión (la comunidad), individuos 4+ con invitados, lineal."
2020,05,TVCAN,true,ccaa,5.9,"Barlovento Comunicación (datos Kantar), Análisis de la industria televisiva 2021, «Resultados cadenas autonómicas», p. 90, columna 2020 — https://barloventocomunicacion.es/wp-content/uploads/2022/05/2021-ANALISIS-TELEVISIVO-BARLOVENTO-COMUNICACION-1.pdf","Cuota de pantalla anual en su ámbito de emisión (la comunidad), individuos 4+ con invitados, lineal."
2020,07,La 7 (CyL),true,ccaa,1.3,"Barlovento Comunicación (datos Kantar), Análisis de la industria televisiva 2021, autonómicas privadas, p. 90 (tabla AUT PRIV) — https://barloventocomunicacion.es/wp-content/uploads/2022/05/2021-ANALISIS-TELEVISIVO-BARLOVENTO-COMUNICACION-1.pdf","Cuota de pantalla anual en su ámbito de emisión (la comunidad), individuos 4+ con invitados, lineal. Castilla y León no tiene TV pública: La 7 y La 8 son de RTVCyL (privada), que cobra de la Junta por contrato-programa."
2020,07,La 8 (CyL),false,ccaa,0.8,"Barlovento Comunicación (datos Kantar), Análisis de la industria televisiva 2021, autonómicas privadas, p. 90 (tabla AUT PRIV) — https://barloventocomunicacion.es/wp-content/uploads/2022/05/2021-ANALISIS-TELEVISIVO-BARLOVENTO-COMUNICACION-1.pdf","Cuota de pantalla anual en su ámbito de emisión (la comunidad), individuos 4+ con invitados, lineal. Castilla y León no tiene TV pública: La 7 y La 8 son de RTVCyL (privada), que cobra de la Junta por contrato-programa."
2020,08,CMM,true,ccaa,5.6,"Barlovento Comunicación (datos Kantar), Análisis de la industria televisiva 2021, «Resultados cadenas autonómicas», p. 90, columna 2020 — https://barloventocomunicacion.es/wp-content/uploads/2022/05/2021-ANALISIS-TELEVISIVO-BARLOVENTO-COMUNICACION-1.pdf","Cuota de pantalla anual en su ámbito de emisión (la comunidad), individuos 4+ con invitados, lineal."
2020,09,TV3,true,ccaa,14.6,"Barlovento Comunicación (datos Kantar), Análisis de la industria televisiva 2021, «Resultados cadenas autonómicas», p. 90, columna 2020 — https://barloventocomunicacion.es/wp-content/uploads/2022/05/2021-ANALISIS-TELEVISIVO-BARLOVENTO-COMUNICACION-1.pdf","Cuota de pantalla anual en su ámbito de emisión (la comunidad), individuos 4+ con invitados, lineal."
2020,09,3/24,false,ccaa,1.7,"Barlovento Comunicación (datos Kantar), Análisis de la industria televisiva 2021, «Resultados cadenas autonómicas», p. 90, columna 2020 — https://barloventocomunicacion.es/wp-content/uploads/2022/05/2021-ANALISIS-TELEVISIVO-BARLOVENTO-COMUNICACION-1.pdf","Cuota de pantalla anual en su ámbito de emisión (la comunidad), individuos 4+ con invitados, lineal."
2020,09,ESPORT3,false,ccaa,0.3,"Barlovento Comunicación (datos Kantar), Análisis de la industria televisiva 2021, «Resultados cadenas autonómicas», p. 90, columna 2020 — https://barloventocomunicacion.es/wp-content/uploads/2022/05/2021-ANALISIS-TELEVISIVO-BARLOVENTO-COMUNICACION-1.pdf","Cuota de pantalla anual en su ámbito de emisión (la comunidad), individuos 4+ con invitados, lineal."
2020,09,SUPER3/33,false,ccaa,0.6,"Barlovento Comunicación (datos Kantar), Análisis de la industria televisiva 2021, «Resultados cadenas autonómicas», p. 90, columna 2020 — https://barloventocomunicacion.es/wp-content/uploads/2022/05/2021-ANALISIS-TELEVISIVO-BARLOVENTO-COMUNICACION-1.pdf","Cuota de pantalla anual en su ámbito de emisión (la comunidad), individuos 4+ con invitados, lineal."
2020,09,TV3CAT,false,ccaa,0.4,"Barlovento Comunicación (datos Kantar), Análisis de la industria televisiva 2021, «Resultados cadenas autonómicas», p. 90, columna 2020 — https://barloventocomunicacion.es/wp-content/uploads/2022/05/2021-ANALISIS-TELEVISIVO-BARLOVENTO-COMUNICACION-1.pdf","Cuota de pantalla anual en su ámbito de emisión (la comunidad), individuos 4+ con invitados, lineal."
2020,10,A PUNT,true,ccaa,3.0,"Barlovento Comunicación (datos Kantar), Análisis de la industria televisiva 2021, «Resultados cadenas autonómicas», p. 90, columna 2020 — https://barloventocomunicacion.es/wp-content/uploads/2022/05/2021-ANALISIS-TELEVISIVO-BARLOVENTO-COMUNICACION-1.pdf","Cuota de pantalla anual en su ámbito de emisión (la comunidad), individuos 4+ con invitados, lineal."
2020,11,CANAL EXTREMADURA TV,true,ccaa,6.2,"Barlovento Comunicación (datos Kantar), Análisis de la industria televisiva 2021, «Resultados cadenas autonómicas», p. 90, columna 2020 — https://barloventocomunicacion.es/wp-content/uploads/2022/05/2021-ANALISIS-TELEVISIVO-BARLOVENTO-COMUNICACION-1.pdf","Cuota de pantalla anual en su ámbito de emisión (la comunidad), individuos 4+ con invitados, lineal."
2020,12,TVG,true,ccaa,9.9,"Barlovento Comunicación (datos Kantar), Análisis de la industria televisiva 2021, «Resultados cadenas autonómicas», p. 90, columna 2020 — https://barloventocomunicacion.es/wp-content/uploads/2022/05/2021-ANALISIS-TELEVISIVO-BARLOVENTO-COMUNICACION-1.pdf","Cuota de pantalla anual en su ámbito de emisión (la comunidad), individuos 4+ con invitados, lineal."
2020,12,GALICIA TV,false,ccaa,0.1,"Barlovento Comunicación (datos Kantar), Análisis de la industria televisiva 2021, «Resultados cadenas autonómicas», p. 90, columna 2020 — https://barloventocomunicacion.es/wp-content/uploads/2022/05/2021-ANALISIS-TELEVISIVO-BARLOVENTO-COMUNICACION-1.pdf","Cuota de pantalla anual en su ámbito de emisión (la comunidad), individuos 4+ con invitados, lineal."
2020,12,TVG2,false,ccaa,0.7,"Barlovento Comunicación (datos Kantar), Análisis de la industria televisiva 2021, «Resultados cadenas autonómicas», p. 90, columna 2020 — https://barloventocomunicacion.es/wp-content/uploads/2022/05/2021-ANALISIS-TELEVISIVO-BARLOVENTO-COMUNICACION-1.pdf","Cuota de pantalla anual en su ámbito de emisión (la comunidad), individuos 4+ con invitados, lineal."
2020,13,TELEMADRID,true,ccaa,5.4,"Barlovento Comunicación (datos Kantar), Análisis de la industria televisiva 2021, «Resultados cadenas autonómicas», p. 90, columna 2020 — https://barloventocomunicacion.es/wp-content/uploads/2022/05/2021-ANALISIS-TELEVISIVO-BARLOVENTO-COMUNICACION-1.pdf","Cuota de pantalla anual en su ámbito de emisión (la comunidad), individuos 4+ con invitados, lineal."
2020,13,LAOTRA,false,ccaa,0.9,"Barlovento Comunicación (datos Kantar), Análisis de la industria televisiva 2021, «Resultados cadenas autonómicas», p. 90, columna 2020 — https://barloventocomunicacion.es/wp-content/uploads/2022/05/2021-ANALISIS-TELEVISIVO-BARLOVENTO-COMUNICACION-1.pdf","Cuota de pantalla anual en su ámbito de emisión (la comunidad), individuos 4+ con invitados, lineal."
2020,14,LA 7TV,true,ccaa,4.0,"Barlovento Comunicación (datos Kantar), Análisis de la industria televisiva 2021, «Resultados cadenas autonómicas», p. 90, columna 2020 — https://barloventocomunicacion.es/wp-content/uploads/2022/05/2021-ANALISIS-TELEVISIVO-BARLOVENTO-COMUNICACION-1.pdf","Cuota de pantalla anual en su ámbito de emisión (la comunidad), individuos 4+ con invitados, lineal. Canal de la RTRM gestionado por el Grupo Secuoya."
2020,16,ETB2,true,ccaa,10.0,"Barlovento Comunicación (datos Kantar), Análisis de la industria televisiva 2021, «Resultados cadenas autonómicas», p. 90, columna 2020 — https://barloventocomunicacion.es/wp-content/uploads/2022/05/2021-ANALISIS-TELEVISIVO-BARLOVENTO-COMUNICACION-1.pdf","Cuota de pantalla anual en su ámbito de emisión (la comunidad), individuos 4+ con invitados, lineal."
2020,16,ETB1,false,ccaa,1.7,"Barlovento Comunicación (datos Kantar), Análisis de la industria televisiva 2021, «Resultados cadenas autonómicas», p. 90, columna 2020 — https://barloventocomunicacion.es/wp-content/uploads/2022/05/2021-ANALISIS-TELEVISIVO-BARLOVENTO-COMUNICACION-1.pdf","Cuota de pantalla anual en su ámbito de emisión (la comunidad), individuos 4+ con invitados, lineal."
2020,16,ETB3,false,ccaa,0.3,"Barlovento Comunicación (datos Kantar), Análisis de la industria televisiva 2021, «Resultados cadenas autonómicas», p. 90, columna 2020 — https://barloventocomunicacion.es/wp-content/uploads/2022/05/2021-ANALISIS-TELEVISIVO-BARLOVENTO-COMUNICACION-1.pdf","Cuota de pantalla anual en su ámbito de emisión (la comunidad), individuos 4+ con invitados, lineal."
2020,16,ETB4,false,ccaa,0.6,"Barlovento Comunicación (datos Kantar), Análisis de la industria televisiva 2021, «Resultados cadenas autonómicas», p. 90, columna 2020 — https://barloventocomunicacion.es/wp-content/uploads/2022/05/2021-ANALISIS-TELEVISIVO-BARLOVENTO-COMUNICACION-1.pdf","Cuota de pantalla anual en su ámbito de emisión (la comunidad), individuos 4+ con invitados, lineal."
2021,00,La 1,true,espana,8.8,"Barlovento Comunicación (datos Kantar), Análisis de la industria televisiva 2021, «Evolución anual cadenas», p. 84 — https://barloventocomunicacion.es/wp-content/uploads/2022/05/2021-ANALISIS-TELEVISIVO-BARLOVENTO-COMUNICACION-1.pdf","Cuota de pantalla anual de La 1 en toda España (individuos 4+ con invitados, lineal)."
2021,01,C.SUR,true,ccaa,8.1,"Barlovento Comunicación (datos Kantar), Análisis de la industria televisiva 2021, «Resultados cadenas autonómicas», p. 90 — https://barloventocomunicacion.es/wp-content/uploads/2022/05/2021-ANALISIS-TELEVISIVO-BARLOVENTO-COMUNICACION-1.pdf","Cuota de pantalla anual en su ámbito de emisión (la comunidad), individuos 4+ con invitados, lineal."
2021,01,AND-TV,false,ccaa,0.3,"Barlovento Comunicación (datos Kantar), Análisis de la industria televisiva 2021, «Resultados cadenas autonómicas», p. 90 — https://barloventocomunicacion.es/wp-content/uploads/2022/05/2021-ANALISIS-TELEVISIVO-BARLOVENTO-COMUNICACION-1.pdf","Cuota de pantalla anual en su ámbito de emisión (la comunidad), individuos 4+ con invitados, lineal."
2021,01,CSUR-AND,false,ccaa,0.2,"Barlovento Comunicación (datos Kantar), Análisis de la industria televisiva 2021, «Resultados cadenas autonómicas», p. 90 — https://barloventocomunicacion.es/wp-content/uploads/2022/05/2021-ANALISIS-TELEVISIVO-BARLOVENTO-COMUNICACION-1.pdf","Cuota de pantalla anual en su ámbito de emisión (la comunidad), individuos 4+ con invitados, lineal."
2021,02,ARAGON TV,true,ccaa,10.5,"Barlovento Comunicación (datos Kantar), Análisis de la industria televisiva 2021, «Resultados cadenas autonómicas», p. 90 — https://barloventocomunicacion.es/wp-content/uploads/2022/05/2021-ANALISIS-TELEVISIVO-BARLOVENTO-COMUNICACION-1.pdf","Cuota de pantalla anual en su ámbito de emisión (la comunidad), individuos 4+ con invitados, lineal."
2021,03,TPA,true,ccaa,7.3,"Barlovento Comunicación (datos Kantar), Análisis de la industria televisiva 2021, «Resultados cadenas autonómicas», p. 90 — https://barloventocomunicacion.es/wp-content/uploads/2022/05/2021-ANALISIS-TELEVISIVO-BARLOVENTO-COMUNICACION-1.pdf","Cuota de pantalla anual en su ámbito de emisión (la comunidad), individuos 4+ con invitados, lineal."
2021,03,TPA2,false,ccaa,1.0,"Barlovento Comunicación (datos Kantar), Análisis de la industria televisiva 2021, «Resultados cadenas autonómicas», p. 90 — https://barloventocomunicacion.es/wp-content/uploads/2022/05/2021-ANALISIS-TELEVISIVO-BARLOVENTO-COMUNICACION-1.pdf","Cuota de pantalla anual en su ámbito de emisión (la comunidad), individuos 4+ con invitados, lineal."
2021,04,IB3,true,ccaa,4.7,"Barlovento Comunicación (datos Kantar), Análisis de la industria televisiva 2021, «Resultados cadenas autonómicas», p. 90 — https://barloventocomunicacion.es/wp-content/uploads/2022/05/2021-ANALISIS-TELEVISIVO-BARLOVENTO-COMUNICACION-1.pdf","Cuota de pantalla anual en su ámbito de emisión (la comunidad), individuos 4+ con invitados, lineal."
2021,05,TVCAN,true,ccaa,7.7,"Barlovento Comunicación (datos Kantar), Análisis de la industria televisiva 2021, «Resultados cadenas autonómicas», p. 90 — https://barloventocomunicacion.es/wp-content/uploads/2022/05/2021-ANALISIS-TELEVISIVO-BARLOVENTO-COMUNICACION-1.pdf","Cuota de pantalla anual en su ámbito de emisión (la comunidad), individuos 4+ con invitados, lineal."
2021,07,La 7 (CyL),true,ccaa,1.4,"Barlovento Comunicación (datos Kantar), Análisis de la industria televisiva 2021, autonómicas privadas, p. 90 (tabla AUT PRIV) — https://barloventocomunicacion.es/wp-content/uploads/2022/05/2021-ANALISIS-TELEVISIVO-BARLOVENTO-COMUNICACION-1.pdf","Cuota de pantalla anual en su ámbito de emisión (la comunidad), individuos 4+ con invitados, lineal. Castilla y León no tiene TV pública: La 7 y La 8 son de RTVCyL (privada), que cobra de la Junta por contrato-programa."
2021,07,La 8 (CyL),false,ccaa,0.8,"Barlovento Comunicación (datos Kantar), Análisis de la industria televisiva 2021, autonómicas privadas, p. 90 (tabla AUT PRIV) — https://barloventocomunicacion.es/wp-content/uploads/2022/05/2021-ANALISIS-TELEVISIVO-BARLOVENTO-COMUNICACION-1.pdf","Cuota de pantalla anual en su ámbito de emisión (la comunidad), individuos 4+ con invitados, lineal. Castilla y León no tiene TV pública: La 7 y La 8 son de RTVCyL (privada), que cobra de la Junta por contrato-programa."
2021,08,CMM,true,ccaa,6.3,"Barlovento Comunicación (datos Kantar), Análisis de la industria televisiva 2021, «Resultados cadenas autonómicas», p. 90 — https://barloventocomunicacion.es/wp-content/uploads/2022/05/2021-ANALISIS-TELEVISIVO-BARLOVENTO-COMUNICACION-1.pdf","Cuota de pantalla anual en su ámbito de emisión (la comunidad), individuos 4+ con invitados, lineal."
2021,09,TV3,true,ccaa,14.0,"Barlovento Comunicación (datos Kantar), Análisis de la industria televisiva 2021, «Resultados cadenas autonómicas», p. 90 — https://barloventocomunicacion.es/wp-content/uploads/2022/05/2021-ANALISIS-TELEVISIVO-BARLOVENTO-COMUNICACION-1.pdf","Cuota de pantalla anual en su ámbito de emisión (la comunidad), individuos 4+ con invitados, lineal."
2021,09,3/24,false,ccaa,1.4,"Barlovento Comunicación (datos Kantar), Análisis de la industria televisiva 2021, «Resultados cadenas autonómicas», p. 90 — https://barloventocomunicacion.es/wp-content/uploads/2022/05/2021-ANALISIS-TELEVISIVO-BARLOVENTO-COMUNICACION-1.pdf","Cuota de pantalla anual en su ámbito de emisión (la comunidad), individuos 4+ con invitados, lineal."
2021,09,ESPORT3,false,ccaa,0.5,"Barlovento Comunicación (datos Kantar), Análisis de la industria televisiva 2021, «Resultados cadenas autonómicas», p. 90 — https://barloventocomunicacion.es/wp-content/uploads/2022/05/2021-ANALISIS-TELEVISIVO-BARLOVENTO-COMUNICACION-1.pdf","Cuota de pantalla anual en su ámbito de emisión (la comunidad), individuos 4+ con invitados, lineal."
2021,09,SUPER3/33,false,ccaa,0.5,"Barlovento Comunicación (datos Kantar), Análisis de la industria televisiva 2021, «Resultados cadenas autonómicas», p. 90 — https://barloventocomunicacion.es/wp-content/uploads/2022/05/2021-ANALISIS-TELEVISIVO-BARLOVENTO-COMUNICACION-1.pdf","Cuota de pantalla anual en su ámbito de emisión (la comunidad), individuos 4+ con invitados, lineal."
2021,09,TV3CAT,false,ccaa,0.5,"Barlovento Comunicación (datos Kantar), Análisis de la industria televisiva 2021, «Resultados cadenas autonómicas», p. 90 — https://barloventocomunicacion.es/wp-content/uploads/2022/05/2021-ANALISIS-TELEVISIVO-BARLOVENTO-COMUNICACION-1.pdf","Cuota de pantalla anual en su ámbito de emisión (la comunidad), individuos 4+ con invitados, lineal."
2021,10,A PUNT,true,ccaa,3.4,"Barlovento Comunicación (datos Kantar), Análisis de la industria televisiva 2021, «Resultados cadenas autonómicas», p. 90 — https://barloventocomunicacion.es/wp-content/uploads/2022/05/2021-ANALISIS-TELEVISIVO-BARLOVENTO-COMUNICACION-1.pdf","Cuota de pantalla anual en su ámbito de emisión (la comunidad), individuos 4+ con invitados, lineal."
2021,11,CANAL EXTREMADURA TV,true,ccaa,5.7,"Barlovento Comunicación (datos Kantar), Análisis de la industria televisiva 2021, «Resultados cadenas autonómicas», p. 90 — https://barloventocomunicacion.es/wp-content/uploads/2022/05/2021-ANALISIS-TELEVISIVO-BARLOVENTO-COMUNICACION-1.pdf","Cuota de pantalla anual en su ámbito de emisión (la comunidad), individuos 4+ con invitados, lineal."
2021,12,TVG,true,ccaa,10.1,"Barlovento Comunicación (datos Kantar), Análisis de la industria televisiva 2021, «Resultados cadenas autonómicas», p. 90 — https://barloventocomunicacion.es/wp-content/uploads/2022/05/2021-ANALISIS-TELEVISIVO-BARLOVENTO-COMUNICACION-1.pdf","Cuota de pantalla anual en su ámbito de emisión (la comunidad), individuos 4+ con invitados, lineal."
2021,12,GALICIA TV,false,ccaa,0.3,"Barlovento Comunicación (datos Kantar), Análisis de la industria televisiva 2021, «Resultados cadenas autonómicas», p. 90 — https://barloventocomunicacion.es/wp-content/uploads/2022/05/2021-ANALISIS-TELEVISIVO-BARLOVENTO-COMUNICACION-1.pdf","Cuota de pantalla anual en su ámbito de emisión (la comunidad), individuos 4+ con invitados, lineal."
2021,12,TVG2,false,ccaa,0.7,"Barlovento Comunicación (datos Kantar), Análisis de la industria televisiva 2021, «Resultados cadenas autonómicas», p. 90 — https://barloventocomunicacion.es/wp-content/uploads/2022/05/2021-ANALISIS-TELEVISIVO-BARLOVENTO-COMUNICACION-1.pdf","Cuota de pantalla anual en su ámbito de emisión (la comunidad), individuos 4+ con invitados, lineal."
2021,13,TELEMADRID,true,ccaa,5.2,"Barlovento Comunicación (datos Kantar), Análisis de la industria televisiva 2021, «Resultados cadenas autonómicas», p. 90 — https://barloventocomunicacion.es/wp-content/uploads/2022/05/2021-ANALISIS-TELEVISIVO-BARLOVENTO-COMUNICACION-1.pdf","Cuota de pantalla anual en su ámbito de emisión (la comunidad), individuos 4+ con invitados, lineal."
2021,13,LAOTRA,false,ccaa,0.8,"Barlovento Comunicación (datos Kantar), Análisis de la industria televisiva 2021, «Resultados cadenas autonómicas», p. 90 — https://barloventocomunicacion.es/wp-content/uploads/2022/05/2021-ANALISIS-TELEVISIVO-BARLOVENTO-COMUNICACION-1.pdf","Cuota de pantalla anual en su ámbito de emisión (la comunidad), individuos 4+ con invitados, lineal."
2021,14,LA 7TV,true,ccaa,4.5,"Barlovento Comunicación (datos Kantar), Análisis de la industria televisiva 2021, «Resultados cadenas autonómicas», p. 90 — https://barloventocomunicacion.es/wp-content/uploads/2022/05/2021-ANALISIS-TELEVISIVO-BARLOVENTO-COMUNICACION-1.pdf","Cuota de pantalla anual en su ámbito de emisión (la comunidad), individuos 4+ con invitados, lineal. Canal de la RTRM gestionado por el Grupo Secuoya."
2021,16,ETB2,true,ccaa,10.2,"Barlovento Comunicación (datos Kantar), Análisis de la industria televisiva 2021, «Resultados cadenas autonómicas», p. 90 — https://barloventocomunicacion.es/wp-content/uploads/2022/05/2021-ANALISIS-TELEVISIVO-BARLOVENTO-COMUNICACION-1.pdf","Cuota de pantalla anual en su ámbito de emisión (la comunidad), individuos 4+ con invitados, lineal."
2021,16,ETB1,false,ccaa,2.2,"Barlovento Comunicación (datos Kantar), Análisis de la industria televisiva 2021, «Resultados cadenas autonómicas», p. 90 — https://barloventocomunicacion.es/wp-content/uploads/2022/05/2021-ANALISIS-TELEVISIVO-BARLOVENTO-COMUNICACION-1.pdf","Cuota de pantalla anual en su ámbito de emisión (la comunidad), individuos 4+ con invitados, lineal."
2021,16,ETB3,false,ccaa,0.2,"Barlovento Comunicación (datos Kantar), Análisis de la industria televisiva 2021, «Resultados cadenas autonómicas», p. 90 — https://barloventocomunicacion.es/wp-content/uploads/2022/05/2021-ANALISIS-TELEVISIVO-BARLOVENTO-COMUNICACION-1.pdf","Cuota de pantalla anual en su ámbito de emisión (la comunidad), individuos 4+ con invitados, lineal."
2021,16,ETB4,false,ccaa,0.7,"Barlovento Comunicación (datos Kantar), Análisis de la industria televisiva 2021, «Resultados cadenas autonómicas», p. 90 — https://barloventocomunicacion.es/wp-content/uploads/2022/05/2021-ANALISIS-TELEVISIVO-BARLOVENTO-COMUNICACION-1.pdf","Cuota de pantalla anual en su ámbito de emisión (la comunidad), individuos 4+ con invitados, lineal."
2022,00,La 1,true,espana,9.1,"Barlovento Comunicación (datos Kantar), Análisis audiencia televisión 2023, texto p. 35 (La 1 pasa del 9,1 % en 2022 al 9,7 % en 2023) — https://barloventocomunicacion.es/wp-content/uploads/2024/01/INFORME-ANUAL-2023_BARLOVENTO.pdf","Cuota de pantalla anual de La 1 en toda España (individuos 4+ con invitados, lineal)."
2022,01,C.SUR,true,ccaa,8.9,"Barlovento Comunicación (datos Kantar), Análisis audiencia televisión 2023, «Ránking cuota de pantalla en su ámbito de emisión», p. 103, columna 2022 — https://barloventocomunicacion.es/wp-content/uploads/2024/01/INFORME-ANUAL-2023_BARLOVENTO.pdf","Cuota de pantalla anual en su ámbito de emisión (la comunidad), individuos 4+ con invitados, lineal."
2022,02,ARAGON TV,true,ccaa,10.5,"Barlovento Comunicación (datos Kantar), Análisis audiencia televisión 2023, «Ránking cuota de pantalla en su ámbito de emisión», p. 103, columna 2022 — https://barloventocomunicacion.es/wp-content/uploads/2024/01/INFORME-ANUAL-2023_BARLOVENTO.pdf","Cuota de pantalla anual en su ámbito de emisión (la comunidad), individuos 4+ con invitados, lineal."
2022,03,TPA,true,ccaa,7.4,"Barlovento Comunicación (datos Kantar), Análisis audiencia televisión 2023, «Ránking cuota de pantalla en su ámbito de emisión», p. 103, columna 2022 — https://barloventocomunicacion.es/wp-content/uploads/2024/01/INFORME-ANUAL-2023_BARLOVENTO.pdf","Cuota de pantalla anual en su ámbito de emisión (la comunidad), individuos 4+ con invitados, lineal."
2022,03,TPA2,false,ccaa,1.0,"Barlovento Comunicación (datos Kantar), Análisis audiencia televisión 2023, «Ránking cuota de pantalla en su ámbito de emisión», p. 103, columna 2022 — https://barloventocomunicacion.es/wp-content/uploads/2024/01/INFORME-ANUAL-2023_BARLOVENTO.pdf","Cuota de pantalla anual en su ámbito de emisión (la comunidad), individuos 4+ con invitados, lineal."
2022,04,IB3,true,ccaa,5.1,"Barlovento Comunicación (datos Kantar), Análisis audiencia televisión 2023, «Ránking cuota de pantalla en su ámbito de emisión», p. 103, columna 2022 — https://barloventocomunicacion.es/wp-content/uploads/2024/01/INFORME-ANUAL-2023_BARLOVENTO.pdf","Cuota de pantalla anual en su ámbito de emisión (la comunidad), individuos 4+ con invitados, lineal."
2022,05,TVCAN,true,ccaa,5.6,"Barlovento Comunicación (datos Kantar), Análisis audiencia televisión 2023, «Ránking cuota de pantalla en su ámbito de emisión», p. 103, columna 2022 — https://barloventocomunicacion.es/wp-content/uploads/2024/01/INFORME-ANUAL-2023_BARLOVENTO.pdf","Cuota de pantalla anual en su ámbito de emisión (la comunidad), individuos 4+ con invitados, lineal."
2022,07,La 7 (CyL),true,ccaa,1.5,"Barlovento Comunicación (datos Kantar), Análisis audiencia televisión 2023, autonómicas privadas, p. 105 (deducido de la diferencia 2023 frente a 2022) — https://barloventocomunicacion.es/wp-content/uploads/2024/01/INFORME-ANUAL-2023_BARLOVENTO.pdf","Cuota de pantalla anual en su ámbito de emisión (la comunidad), individuos 4+ con invitados, lineal. Castilla y León no tiene TV pública: La 7 y La 8 son de RTVCyL (privada), que cobra de la Junta por contrato-programa."
2022,07,La 8 (CyL),false,ccaa,1.0,"Barlovento Comunicación (datos Kantar), Análisis audiencia televisión 2023, autonómicas privadas, p. 105 (deducido de la diferencia 2023 frente a 2022) — https://barloventocomunicacion.es/wp-content/uploads/2024/01/INFORME-ANUAL-2023_BARLOVENTO.pdf","Cuota de pantalla anual en su ámbito de emisión (la comunidad), individuos 4+ con invitados, lineal. Castilla y León no tiene TV pública: La 7 y La 8 son de RTVCyL (privada), que cobra de la Junta por contrato-programa."
2022,08,CMM,true,ccaa,6.4,"Barlovento Comunicación (datos Kantar), Análisis audiencia televisión 2023, «Ránking cuota de pantalla en su ámbito de emisión», p. 103, columna 2022 — https://barloventocomunicacion.es/wp-content/uploads/2024/01/INFORME-ANUAL-2023_BARLOVENTO.pdf","Cuota de pantalla anual en su ámbito de emisión (la comunidad), individuos 4+ con invitados, lineal."
2022,09,TV3,true,ccaa,14.1,"Barlovento Comunicación (datos Kantar), Análisis audiencia televisión 2023, «Ránking cuota de pantalla en su ámbito de emisión», p. 103, columna 2022 — https://barloventocomunicacion.es/wp-content/uploads/2024/01/INFORME-ANUAL-2023_BARLOVENTO.pdf","Cuota de pantalla anual en su ámbito de emisión (la comunidad), individuos 4+ con invitados, lineal."
2022,09,3/24,false,ccaa,1.4,"Barlovento Comunicación (datos Kantar), Análisis audiencia televisión 2023, «Ránking cuota de pantalla en su ámbito de emisión», p. 103, columna 2022 — https://barloventocomunicacion.es/wp-content/uploads/2024/01/INFORME-ANUAL-2023_BARLOVENTO.pdf","Cuota de pantalla anual en su ámbito de emisión (la comunidad), individuos 4+ con invitados, lineal."
2022,09,ESPORT3,false,ccaa,0.7,"Barlovento Comunicación (datos Kantar), Análisis audiencia televisión 2023, «Ránking cuota de pantalla en su ámbito de emisión», p. 103, columna 2022 — https://barloventocomunicacion.es/wp-content/uploads/2024/01/INFORME-ANUAL-2023_BARLOVENTO.pdf","Cuota de pantalla anual en su ámbito de emisión (la comunidad), individuos 4+ con invitados, lineal."
2022,09,SUPER3/33,false,ccaa,0.4,"Barlovento Comunicación (datos Kantar), Análisis audiencia televisión 2023, «Ránking cuota de pantalla en su ámbito de emisión», p. 103, columna 2022 — https://barloventocomunicacion.es/wp-content/uploads/2024/01/INFORME-ANUAL-2023_BARLOVENTO.pdf","Cuota de pantalla anual en su ámbito de emisión (la comunidad), individuos 4+ con invitados, lineal."
2022,09,TV3CAT,false,ccaa,0.1,"Barlovento Comunicación (datos Kantar), Análisis audiencia televisión 2023, «Ránking cuota de pantalla en su ámbito de emisión», p. 103, columna 2022 — https://barloventocomunicacion.es/wp-content/uploads/2024/01/INFORME-ANUAL-2023_BARLOVENTO.pdf","Cuota de pantalla anual en su ámbito de emisión (la comunidad), individuos 4+ con invitados, lineal."
2022,10,A PUNT,true,ccaa,3.1,"Barlovento Comunicación (datos Kantar), Análisis audiencia televisión 2023, «Ránking cuota de pantalla en su ámbito de emisión», p. 103, columna 2022 — https://barloventocomunicacion.es/wp-content/uploads/2024/01/INFORME-ANUAL-2023_BARLOVENTO.pdf","Cuota de pantalla anual en su ámbito de emisión (la comunidad), individuos 4+ con invitados, lineal."
2022,11,CANAL EXTREMADURA TV,true,ccaa,5.2,"Barlovento Comunicación (datos Kantar), Análisis audiencia televisión 2023, «Ránking cuota de pantalla en su ámbito de emisión», p. 103, columna 2022 — https://barloventocomunicacion.es/wp-content/uploads/2024/01/INFORME-ANUAL-2023_BARLOVENTO.pdf","Cuota de pantalla anual en su ámbito de emisión (la comunidad), individuos 4+ con invitados, lineal."
2022,12,TVG,true,ccaa,10.5,"Barlovento Comunicación (datos Kantar), Análisis audiencia televisión 2023, «Ránking cuota de pantalla en su ámbito de emisión», p. 103, columna 2022 — https://barloventocomunicacion.es/wp-content/uploads/2024/01/INFORME-ANUAL-2023_BARLOVENTO.pdf","Cuota de pantalla anual en su ámbito de emisión (la comunidad), individuos 4+ con invitados, lineal."
2022,12,GALICIA TV,false,ccaa,0.2,"Barlovento Comunicación (datos Kantar), Análisis audiencia televisión 2023, «Ránking cuota de pantalla en su ámbito de emisión», p. 103, columna 2022 — https://barloventocomunicacion.es/wp-content/uploads/2024/01/INFORME-ANUAL-2023_BARLOVENTO.pdf","Cuota de pantalla anual en su ámbito de emisión (la comunidad), individuos 4+ con invitados, lineal."
2022,12,TVG2,false,ccaa,0.8,"Barlovento Comunicación (datos Kantar), Análisis audiencia televisión 2023, «Ránking cuota de pantalla en su ámbito de emisión», p. 103, columna 2022 — https://barloventocomunicacion.es/wp-content/uploads/2024/01/INFORME-ANUAL-2023_BARLOVENTO.pdf","Cuota de pantalla anual en su ámbito de emisión (la comunidad), individuos 4+ con invitados, lineal."
2022,13,TELEMADRID,true,ccaa,5.0,"Barlovento Comunicación (datos Kantar), Análisis audiencia televisión 2023, «Ránking cuota de pantalla en su ámbito de emisión», p. 103, columna 2022 — https://barloventocomunicacion.es/wp-content/uploads/2024/01/INFORME-ANUAL-2023_BARLOVENTO.pdf","Cuota de pantalla anual en su ámbito de emisión (la comunidad), individuos 4+ con invitados, lineal."
2022,13,LAOTRA,false,ccaa,0.8,"Barlovento Comunicación (datos Kantar), Análisis audiencia televisión 2023, «Ránking cuota de pantalla en su ámbito de emisión», p. 103, columna 2022 — https://barloventocomunicacion.es/wp-content/uploads/2024/01/INFORME-ANUAL-2023_BARLOVENTO.pdf","Cuota de pantalla anual en su ámbito de emisión (la comunidad), individuos 4+ con invitados, lineal."
2022,14,LA 7TV,true,ccaa,4.4,"Barlovento Comunicación (datos Kantar), Análisis audiencia televisión 2023, «Ránking cuota de pantalla en su ámbito de emisión», p. 103, columna 2022 — https://barloventocomunicacion.es/wp-content/uploads/2024/01/INFORME-ANUAL-2023_BARLOVENTO.pdf","Cuota de pantalla anual en su ámbito de emisión (la comunidad), individuos 4+ con invitados, lineal. Canal de la RTRM gestionado por el Grupo Secuoya."
2022,16,ETB2,true,ccaa,8.6,"Barlovento Comunicación (datos Kantar), Análisis audiencia televisión 2023, «Ránking cuota de pantalla en su ámbito de emisión», p. 103, columna 2022 — https://barloventocomunicacion.es/wp-content/uploads/2024/01/INFORME-ANUAL-2023_BARLOVENTO.pdf","Cuota de pantalla anual en su ámbito de emisión (la comunidad), individuos 4+ con invitados, lineal."
2022,16,ETB1,false,ccaa,2.2,"Barlovento Comunicación (datos Kantar), Análisis audiencia televisión 2023, «Ránking cuota de pantalla en su ámbito de emisión», p. 103, columna 2022 — https://barloventocomunicacion.es/wp-content/uploads/2024/01/INFORME-ANUAL-2023_BARLOVENTO.pdf","Cuota de pantalla anual en su ámbito de emisión (la comunidad), individuos 4+ con invitados, lineal."
2022,16,ETB3,false,ccaa,0.2,"Barlovento Comunicación (datos Kantar), Análisis audiencia televisión 2023, «Ránking cuota de pantalla en su ámbito de emisión», p. 103, columna 2022 — https://barloventocomunicacion.es/wp-content/uploads/2024/01/INFORME-ANUAL-2023_BARLOVENTO.pdf","Cuota de pantalla anual en su ámbito de emisión (la comunidad), individuos 4+ con invitados, lineal."
2022,16,ETB4,false,ccaa,0.8,"Barlovento Comunicación (datos Kantar), Análisis audiencia televisión 2023, «Ránking cuota de pantalla en su ámbito de emisión», p. 103, columna 2022 — https://barloventocomunicacion.es/wp-content/uploads/2024/01/INFORME-ANUAL-2023_BARLOVENTO.pdf","Cuota de pantalla anual en su ámbito de emisión (la comunidad), individuos 4+ con invitados, lineal."
2023,00,La 1,true,espana,9.7,"Barlovento Comunicación (datos Kantar), Análisis audiencia televisión 2023, texto p. 35 — https://barloventocomunicacion.es/wp-content/uploads/2024/01/INFORME-ANUAL-2023_BARLOVENTO.pdf","Cuota de pantalla anual de La 1 en toda España (individuos 4+ con invitados, lineal)."
2023,01,C.SUR,true,ccaa,9.5,"Barlovento Comunicación (datos Kantar), Análisis audiencia televisión 2023, «Ránking cuota de pantalla en su ámbito de emisión», p. 103 — https://barloventocomunicacion.es/wp-content/uploads/2024/01/INFORME-ANUAL-2023_BARLOVENTO.pdf","Cuota de pantalla anual en su ámbito de emisión (la comunidad), individuos 4+ con invitados, lineal."
2023,02,ARAGON TV,true,ccaa,11.5,"Barlovento Comunicación (datos Kantar), Análisis audiencia televisión 2023, «Ránking cuota de pantalla en su ámbito de emisión», p. 103 — https://barloventocomunicacion.es/wp-content/uploads/2024/01/INFORME-ANUAL-2023_BARLOVENTO.pdf","Cuota de pantalla anual en su ámbito de emisión (la comunidad), individuos 4+ con invitados, lineal."
2023,03,TPA,true,ccaa,5.6,"Barlovento Comunicación (datos Kantar), Análisis audiencia televisión 2023, «Ránking cuota de pantalla en su ámbito de emisión», p. 103 — https://barloventocomunicacion.es/wp-content/uploads/2024/01/INFORME-ANUAL-2023_BARLOVENTO.pdf","Cuota de pantalla anual en su ámbito de emisión (la comunidad), individuos 4+ con invitados, lineal."
2023,03,TPA2,false,ccaa,1.0,"Barlovento Comunicación (datos Kantar), Análisis audiencia televisión 2023, «Ránking cuota de pantalla en su ámbito de emisión», p. 103 — https://barloventocomunicacion.es/wp-content/uploads/2024/01/INFORME-ANUAL-2023_BARLOVENTO.pdf","Cuota de pantalla anual en su ámbito de emisión (la comunidad), individuos 4+ con invitados, lineal."
2023,04,IB3,true,ccaa,5.0,"Barlovento Comunicación (datos Kantar), Análisis audiencia televisión 2023, «Ránking cuota de pantalla en su ámbito de emisión», p. 103 — https://barloventocomunicacion.es/wp-content/uploads/2024/01/INFORME-ANUAL-2023_BARLOVENTO.pdf","Cuota de pantalla anual en su ámbito de emisión (la comunidad), individuos 4+ con invitados, lineal."
2023,05,TVCAN,true,ccaa,5.9,"Barlovento Comunicación (datos Kantar), Análisis audiencia televisión 2023, «Ránking cuota de pantalla en su ámbito de emisión», p. 103 — https://barloventocomunicacion.es/wp-content/uploads/2024/01/INFORME-ANUAL-2023_BARLOVENTO.pdf","Cuota de pantalla anual en su ámbito de emisión (la comunidad), individuos 4+ con invitados, lineal."
2023,07,La 7 (CyL),true,ccaa,1.2,"Barlovento Comunicación (datos Kantar), Análisis audiencia televisión 2023, autonómicas privadas, p. 105 (autonómicas privadas) — https://barloventocomunicacion.es/wp-content/uploads/2024/01/INFORME-ANUAL-2023_BARLOVENTO.pdf","Cuota de pantalla anual en su ámbito de emisión (la comunidad), individuos 4+ con invitados, lineal. Castilla y León no tiene TV pública: La 7 y La 8 son de RTVCyL (privada), que cobra de la Junta por contrato-programa."
2023,07,La 8 (CyL),false,ccaa,1.1,"Barlovento Comunicación (datos Kantar), Análisis audiencia televisión 2023, autonómicas privadas, p. 105 (autonómicas privadas) — https://barloventocomunicacion.es/wp-content/uploads/2024/01/INFORME-ANUAL-2023_BARLOVENTO.pdf","Cuota de pantalla anual en su ámbito de emisión (la comunidad), individuos 4+ con invitados, lineal. Castilla y León no tiene TV pública: La 7 y La 8 son de RTVCyL (privada), que cobra de la Junta por contrato-programa."
2023,08,CMM,true,ccaa,6.4,"Barlovento Comunicación (datos Kantar), Análisis audiencia televisión 2023, «Ránking cuota de pantalla en su ámbito de emisión», p. 103 — https://barloventocomunicacion.es/wp-content/uploads/2024/01/INFORME-ANUAL-2023_BARLOVENTO.pdf","Cuota de pantalla anual en su ámbito de emisión (la comunidad), individuos 4+ con invitados, lineal."
2023,09,TV3,true,ccaa,13.9,"Barlovento Comunicación (datos Kantar), Análisis audiencia televisión 2023, «Ránking cuota de pantalla en su ámbito de emisión», p. 103 — https://barloventocomunicacion.es/wp-content/uploads/2024/01/INFORME-ANUAL-2023_BARLOVENTO.pdf","Cuota de pantalla anual en su ámbito de emisión (la comunidad), individuos 4+ con invitados, lineal."
2023,09,3/24,false,ccaa,1.3,"Barlovento Comunicación (datos Kantar), Análisis audiencia televisión 2023, «Ránking cuota de pantalla en su ámbito de emisión», p. 103 — https://barloventocomunicacion.es/wp-content/uploads/2024/01/INFORME-ANUAL-2023_BARLOVENTO.pdf","Cuota de pantalla anual en su ámbito de emisión (la comunidad), individuos 4+ con invitados, lineal."
2023,09,ESPORT3,false,ccaa,1.0,"Barlovento Comunicación (datos Kantar), Análisis audiencia televisión 2023, «Ránking cuota de pantalla en su ámbito de emisión», p. 103 — https://barloventocomunicacion.es/wp-content/uploads/2024/01/INFORME-ANUAL-2023_BARLOVENTO.pdf","Cuota de pantalla anual en su ámbito de emisión (la comunidad), individuos 4+ con invitados, lineal."
2023,09,SUPER3/33,false,ccaa,0.6,"Barlovento Comunicación (datos Kantar), Análisis audiencia televisión 2023, «Ránking cuota de pantalla en su ámbito de emisión», p. 103 — https://barloventocomunicacion.es/wp-content/uploads/2024/01/INFORME-ANUAL-2023_BARLOVENTO.pdf","Cuota de pantalla anual en su ámbito de emisión (la comunidad), individuos 4+ con invitados, lineal. Figura como SX3/33."
2023,09,TV3CAT,false,ccaa,0.1,"Barlovento Comunicación (datos Kantar), Análisis audiencia televisión 2023, «Ránking cuota de pantalla en su ámbito de emisión», p. 103 — https://barloventocomunicacion.es/wp-content/uploads/2024/01/INFORME-ANUAL-2023_BARLOVENTO.pdf","Cuota de pantalla anual en su ámbito de emisión (la comunidad), individuos 4+ con invitados, lineal."
2023,10,A PUNT,true,ccaa,3.0,"Barlovento Comunicación (datos Kantar), Análisis audiencia televisión 2023, «Ránking cuota de pantalla en su ámbito de emisión», p. 103 — https://barloventocomunicacion.es/wp-content/uploads/2024/01/INFORME-ANUAL-2023_BARLOVENTO.pdf","Cuota de pantalla anual en su ámbito de emisión (la comunidad), individuos 4+ con invitados, lineal."
2023,11,CANAL EXTREMADURA TV,true,ccaa,5.4,"Barlovento Comunicación (datos Kantar), Análisis audiencia televisión 2023, «Ránking cuota de pantalla en su ámbito de emisión», p. 103 — https://barloventocomunicacion.es/wp-content/uploads/2024/01/INFORME-ANUAL-2023_BARLOVENTO.pdf","Cuota de pantalla anual en su ámbito de emisión (la comunidad), individuos 4+ con invitados, lineal."
2023,12,TVG,true,ccaa,11.0,"Barlovento Comunicación (datos Kantar), Análisis audiencia televisión 2023, «Ránking cuota de pantalla en su ámbito de emisión», p. 103 — https://barloventocomunicacion.es/wp-content/uploads/2024/01/INFORME-ANUAL-2023_BARLOVENTO.pdf","Cuota de pantalla anual en su ámbito de emisión (la comunidad), individuos 4+ con invitados, lineal."
2023,12,GALICIA TV,false,ccaa,0.1,"Barlovento Comunicación (datos Kantar), Análisis audiencia televisión 2023, «Ránking cuota de pantalla en su ámbito de emisión», p. 103 — https://barloventocomunicacion.es/wp-content/uploads/2024/01/INFORME-ANUAL-2023_BARLOVENTO.pdf","Cuota de pantalla anual en su ámbito de emisión (la comunidad), individuos 4+ con invitados, lineal."
2023,12,TVG2,false,ccaa,0.9,"Barlovento Comunicación (datos Kantar), Análisis audiencia televisión 2023, «Ránking cuota de pantalla en su ámbito de emisión», p. 103 — https://barloventocomunicacion.es/wp-content/uploads/2024/01/INFORME-ANUAL-2023_BARLOVENTO.pdf","Cuota de pantalla anual en su ámbito de emisión (la comunidad), individuos 4+ con invitados, lineal."
2023,13,TELEMADRID,true,ccaa,4.8,"Barlovento Comunicación (datos Kantar), Análisis audiencia televisión 2023, «Ránking cuota de pantalla en su ámbito de emisión», p. 103 — https://barloventocomunicacion.es/wp-content/uploads/2024/01/INFORME-ANUAL-2023_BARLOVENTO.pdf","Cuota de pantalla anual en su ámbito de emisión (la comunidad), individuos 4+ con invitados, lineal."
2023,13,LAOTRA,false,ccaa,0.9,"Barlovento Comunicación (datos Kantar), Análisis audiencia televisión 2023, «Ránking cuota de pantalla en su ámbito de emisión», p. 103 — https://barloventocomunicacion.es/wp-content/uploads/2024/01/INFORME-ANUAL-2023_BARLOVENTO.pdf","Cuota de pantalla anual en su ámbito de emisión (la comunidad), individuos 4+ con invitados, lineal."
2023,14,LA 7TV,true,ccaa,3.9,"Barlovento Comunicación (datos Kantar), Análisis audiencia televisión 2023, «Ránking cuota de pantalla en su ámbito de emisión», p. 103 — https://barloventocomunicacion.es/wp-content/uploads/2024/01/INFORME-ANUAL-2023_BARLOVENTO.pdf","Cuota de pantalla anual en su ámbito de emisión (la comunidad), individuos 4+ con invitados, lineal. Canal de la RTRM gestionado por el Grupo Secuoya."
2023,16,ETB2,true,ccaa,8.3,"Barlovento Comunicación (datos Kantar), Análisis audiencia televisión 2023, «Ránking cuota de pantalla en su ámbito de emisión», p. 103 — https://barloventocomunicacion.es/wp-content/uploads/2024/01/INFORME-ANUAL-2023_BARLOVENTO.pdf","Cuota de pantalla anual en su ámbito de emisión (la comunidad), individuos 4+ con invitados, lineal."
2023,16,ETB1,false,ccaa,2.1,"Barlovento Comunicación (datos Kantar), Análisis audiencia televisión 2023, «Ránking cuota de pantalla en su ámbito de emisión», p. 103 — https://barloventocomunicacion.es/wp-content/uploads/2024/01/INFORME-ANUAL-2023_BARLOVENTO.pdf","Cuota de pantalla anual en su ámbito de emisión (la comunidad), individuos 4+ con invitados, lineal."
2023,16,ETB3,false,ccaa,0.2,"Barlovento Comunicación (datos Kantar), Análisis audiencia televisión 2023, «Ránking cuota de pantalla en su ámbito de emisión», p. 103 — https://barloventocomunicacion.es/wp-content/uploads/2024/01/INFORME-ANUAL-2023_BARLOVENTO.pdf","Cuota de pantalla anual en su ámbito de emisión (la comunidad), individuos 4+ con invitados, lineal."
2023,16,ETB4,false,ccaa,0.9,"Barlovento Comunicación (datos Kantar), Análisis audiencia televisión 2023, «Ránking cuota de pantalla en su ámbito de emisión», p. 103 — https://barloventocomunicacion.es/wp-content/uploads/2024/01/INFORME-ANUAL-2023_BARLOVENTO.pdf","Cuota de pantalla anual en su ámbito de emisión (la comunidad), individuos 4+ con invitados, lineal."
2024,00,La 1,true,espana,10.5,"Barlovento Comunicación (datos Kantar), Análisis audiencia televisión 2024, ránking de cadenas (La 1 10,5 %) — https://barloventocomunicacion.es/wp-content/uploads/2025/01/Analisis-Audiencia-TV_ano-2024_Barlovento.pdf","Cuota de pantalla anual de La 1 en toda España (individuos 4+ con invitados, lineal)."
2024,01,C.SUR,true,ccaa,8.5,"Barlovento Comunicación (datos Kantar), Análisis audiencia televisión 2024, «Ránking cuota de pantalla en su ámbito de emisión», p. 18-19 — https://barloventocomunicacion.es/wp-content/uploads/2025/01/Analisis-Audiencia-TV_ano-2024_Barlovento.pdf","Cuota de pantalla anual en su ámbito de emisión (la comunidad), individuos 4+ con invitados, lineal."
2024,01,AND-TV,false,ccaa,0.4,"Barlovento Comunicación (datos Kantar), Análisis audiencia televisión 2024, «Ránking cuota de pantalla en su ámbito de emisión», p. 18-19 — https://barloventocomunicacion.es/wp-content/uploads/2025/01/Analisis-Audiencia-TV_ano-2024_Barlovento.pdf","Cuota de pantalla anual en su ámbito de emisión (la comunidad), individuos 4+ con invitados, lineal."
2024,02,ARAGON TV,true,ccaa,11.6,"Barlovento Comunicación (datos Kantar), Análisis audiencia televisión 2024, «Ránking cuota de pantalla en su ámbito de emisión», p. 18-19 — https://barloventocomunicacion.es/wp-content/uploads/2025/01/Analisis-Audiencia-TV_ano-2024_Barlovento.pdf","Cuota de pantalla anual en su ámbito de emisión (la comunidad), individuos 4+ con invitados, lineal."
2024,03,TPA,true,ccaa,4.5,"Barlovento Comunicación (datos Kantar), Análisis audiencia televisión 2024, «Ránking cuota de pantalla en su ámbito de emisión», p. 18-19 — https://barloventocomunicacion.es/wp-content/uploads/2025/01/Analisis-Audiencia-TV_ano-2024_Barlovento.pdf","Cuota de pantalla anual en su ámbito de emisión (la comunidad), individuos 4+ con invitados, lineal."
2024,03,TPA2,false,ccaa,0.9,"Barlovento Comunicación (datos Kantar), Análisis audiencia televisión 2024, «Ránking cuota de pantalla en su ámbito de emisión», p. 18-19 — https://barloventocomunicacion.es/wp-content/uploads/2025/01/Analisis-Audiencia-TV_ano-2024_Barlovento.pdf","Cuota de pantalla anual en su ámbito de emisión (la comunidad), individuos 4+ con invitados, lineal."
2024,04,IB3,true,ccaa,5.2,"Barlovento Comunicación (datos Kantar), Análisis audiencia televisión 2024, «Ránking cuota de pantalla en su ámbito de emisión», p. 18-19 — https://barloventocomunicacion.es/wp-content/uploads/2025/01/Analisis-Audiencia-TV_ano-2024_Barlovento.pdf","Cuota de pantalla anual en su ámbito de emisión (la comunidad), individuos 4+ con invitados, lineal."
2024,05,TVCAN,true,ccaa,5.1,"Barlovento Comunicación (datos Kantar), Análisis audiencia televisión 2024, «Ránking cuota de pantalla en su ámbito de emisión», p. 18-19 — https://barloventocomunicacion.es/wp-content/uploads/2025/01/Analisis-Audiencia-TV_ano-2024_Barlovento.pdf","Cuota de pantalla anual en su ámbito de emisión (la comunidad), individuos 4+ con invitados, lineal."
2024,07,La 7 (CyL),true,ccaa,1.2,"Barlovento Comunicación (datos Kantar), Análisis audiencia televisión 2024, autonómicas privadas, p. 20 (autonómicas privadas) — https://barloventocomunicacion.es/wp-content/uploads/2025/01/Analisis-Audiencia-TV_ano-2024_Barlovento.pdf","Cuota de pantalla anual en su ámbito de emisión (la comunidad), individuos 4+ con invitados, lineal. Castilla y León no tiene TV pública: La 7 y La 8 son de RTVCyL (privada), que cobra de la Junta por contrato-programa."
2024,07,La 8 (CyL),false,ccaa,1.1,"Barlovento Comunicación (datos Kantar), Análisis audiencia televisión 2024, autonómicas privadas, p. 20 (autonómicas privadas) — https://barloventocomunicacion.es/wp-content/uploads/2025/01/Analisis-Audiencia-TV_ano-2024_Barlovento.pdf","Cuota de pantalla anual en su ámbito de emisión (la comunidad), individuos 4+ con invitados, lineal. Castilla y León no tiene TV pública: La 7 y La 8 son de RTVCyL (privada), que cobra de la Junta por contrato-programa."
2024,08,CMM,true,ccaa,6.0,"Barlovento Comunicación (datos Kantar), Análisis audiencia televisión 2024, «Ránking cuota de pantalla en su ámbito de emisión», p. 18-19 — https://barloventocomunicacion.es/wp-content/uploads/2025/01/Analisis-Audiencia-TV_ano-2024_Barlovento.pdf","Cuota de pantalla anual en su ámbito de emisión (la comunidad), individuos 4+ con invitados, lineal."
2024,09,TV3,true,ccaa,13.7,"Barlovento Comunicación (datos Kantar), Análisis audiencia televisión 2024, «Ránking cuota de pantalla en su ámbito de emisión», p. 18-19 — https://barloventocomunicacion.es/wp-content/uploads/2025/01/Analisis-Audiencia-TV_ano-2024_Barlovento.pdf","Cuota de pantalla anual en su ámbito de emisión (la comunidad), individuos 4+ con invitados, lineal."
2024,09,3/24,false,ccaa,1.5,"Barlovento Comunicación (datos Kantar), Análisis audiencia televisión 2024, «Ránking cuota de pantalla en su ámbito de emisión», p. 18-19 — https://barloventocomunicacion.es/wp-content/uploads/2025/01/Analisis-Audiencia-TV_ano-2024_Barlovento.pdf","Cuota de pantalla anual en su ámbito de emisión (la comunidad), individuos 4+ con invitados, lineal."
2024,09,ESPORT3,false,ccaa,1.3,"Barlovento Comunicación (datos Kantar), Análisis audiencia televisión 2024, «Ránking cuota de pantalla en su ámbito de emisión», p. 18-19 — https://barloventocomunicacion.es/wp-content/uploads/2025/01/Analisis-Audiencia-TV_ano-2024_Barlovento.pdf","Cuota de pantalla anual en su ámbito de emisión (la comunidad), individuos 4+ con invitados, lineal."
2024,09,SUPER3/33,false,ccaa,0.7,"Barlovento Comunicación (datos Kantar), Análisis audiencia televisión 2024, «Ránking cuota de pantalla en su ámbito de emisión», p. 18-19 — https://barloventocomunicacion.es/wp-content/uploads/2025/01/Analisis-Audiencia-TV_ano-2024_Barlovento.pdf","Cuota de pantalla anual en su ámbito de emisión (la comunidad), individuos 4+ con invitados, lineal. Figura como SX3/33."
2024,09,TV3CAT,false,ccaa,0.1,"Barlovento Comunicación (datos Kantar), Análisis audiencia televisión 2024, «Ránking cuota de pantalla en su ámbito de emisión», p. 18-19 — https://barloventocomunicacion.es/wp-content/uploads/2025/01/Analisis-Audiencia-TV_ano-2024_Barlovento.pdf","Cuota de pantalla anual en su ámbito de emisión (la comunidad), individuos 4+ con invitados, lineal."
2024,10,A PUNT,true,ccaa,2.6,"Barlovento Comunicación (datos Kantar), Análisis audiencia televisión 2024, «Ránking cuota de pantalla en su ámbito de emisión», p. 18-19 — https://barloventocomunicacion.es/wp-content/uploads/2025/01/Analisis-Audiencia-TV_ano-2024_Barlovento.pdf","Cuota de pantalla anual en su ámbito de emisión (la comunidad), individuos 4+ con invitados, lineal."
2024,11,CANAL EXTREMADURA TV,true,ccaa,4.4,"Barlovento Comunicación (datos Kantar), Análisis audiencia televisión 2024, «Ránking cuota de pantalla en su ámbito de emisión», p. 18-19 — https://barloventocomunicacion.es/wp-content/uploads/2025/01/Analisis-Audiencia-TV_ano-2024_Barlovento.pdf","Cuota de pantalla anual en su ámbito de emisión (la comunidad), individuos 4+ con invitados, lineal."
2024,12,TVG,true,ccaa,8.6,"Barlovento Comunicación (datos Kantar), Análisis audiencia televisión 2024, «Ránking cuota de pantalla en su ámbito de emisión», p. 18-19 — https://barloventocomunicacion.es/wp-content/uploads/2025/01/Analisis-Audiencia-TV_ano-2024_Barlovento.pdf","Cuota de pantalla anual en su ámbito de emisión (la comunidad), individuos 4+ con invitados, lineal."
2024,12,GALICIA TV,false,ccaa,0.1,"Barlovento Comunicación (datos Kantar), Análisis audiencia televisión 2024, «Ránking cuota de pantalla en su ámbito de emisión», p. 18-19 — https://barloventocomunicacion.es/wp-content/uploads/2025/01/Analisis-Audiencia-TV_ano-2024_Barlovento.pdf","Cuota de pantalla anual en su ámbito de emisión (la comunidad), individuos 4+ con invitados, lineal."
2024,12,TVG2,false,ccaa,0.9,"Barlovento Comunicación (datos Kantar), Análisis audiencia televisión 2024, «Ránking cuota de pantalla en su ámbito de emisión», p. 18-19 — https://barloventocomunicacion.es/wp-content/uploads/2025/01/Analisis-Audiencia-TV_ano-2024_Barlovento.pdf","Cuota de pantalla anual en su ámbito de emisión (la comunidad), individuos 4+ con invitados, lineal."
2024,13,TELEMADRID,true,ccaa,4.7,"Barlovento Comunicación (datos Kantar), Análisis audiencia televisión 2024, «Ránking cuota de pantalla en su ámbito de emisión», p. 18-19 — https://barloventocomunicacion.es/wp-content/uploads/2025/01/Analisis-Audiencia-TV_ano-2024_Barlovento.pdf","Cuota de pantalla anual en su ámbito de emisión (la comunidad), individuos 4+ con invitados, lineal."
2024,13,LAOTRA,false,ccaa,0.8,"Barlovento Comunicación (datos Kantar), Análisis audiencia televisión 2024, «Ránking cuota de pantalla en su ámbito de emisión», p. 18-19 — https://barloventocomunicacion.es/wp-content/uploads/2025/01/Analisis-Audiencia-TV_ano-2024_Barlovento.pdf","Cuota de pantalla anual en su ámbito de emisión (la comunidad), individuos 4+ con invitados, lineal."
2024,14,LA 7TV,true,ccaa,3.1,"Barlovento Comunicación (datos Kantar), Análisis audiencia televisión 2024, «Ránking cuota de pantalla en su ámbito de emisión», p. 18-19 — https://barloventocomunicacion.es/wp-content/uploads/2025/01/Analisis-Audiencia-TV_ano-2024_Barlovento.pdf","Cuota de pantalla anual en su ámbito de emisión (la comunidad), individuos 4+ con invitados, lineal. Canal de la RTRM gestionado por el Grupo Secuoya."
2024,16,ETB2,true,ccaa,8.4,"Barlovento Comunicación (datos Kantar), Análisis audiencia televisión 2024, «Ránking cuota de pantalla en su ámbito de emisión», p. 18-19 — https://barloventocomunicacion.es/wp-content/uploads/2025/01/Analisis-Audiencia-TV_ano-2024_Barlovento.pdf","Cuota de pantalla anual en su ámbito de emisión (la comunidad), individuos 4+ con invitados, lineal."
2024,16,ETB1,false,ccaa,2.2,"Barlovento Comunicación (datos Kantar), Análisis audiencia televisión 2024, «Ránking cuota de pantalla en su ámbito de emisión», p. 18-19 — https://barloventocomunicacion.es/wp-content/uploads/2025/01/Analisis-Audiencia-TV_ano-2024_Barlovento.pdf","Cuota de pantalla anual en su ámbito de emisión (la comunidad), individuos 4+ con invitados, lineal."
2024,16,ETB3,false,ccaa,0.1,"Barlovento Comunicación (datos Kantar), Análisis audiencia televisión 2024, «Ránking cuota de pantalla en su ámbito de emisión», p. 18-19 — https://barloventocomunicacion.es/wp-content/uploads/2025/01/Analisis-Audiencia-TV_ano-2024_Barlovento.pdf","Cuota de pantalla anual en su ámbito de emisión (la comunidad), individuos 4+ con invitados, lineal."
2024,16,ETB4,false,ccaa,1.0,"Barlovento Comunicación (datos Kantar), Análisis audiencia televisión 2024, «Ránking cuota de pantalla en su ámbito de emisión», p. 18-19 — https://barloventocomunicacion.es/wp-content/uploads/2025/01/Analisis-Audiencia-TV_ano-2024_Barlovento.pdf","Cuota de pantalla anual en su ámbito de emisión (la comunidad), individuos 4+ con invitados, lineal."
2025,00,La 1,true,espana,11.1,"Barlovento Comunicación (datos Kantar), Análisis audiencia televisión 2025, ránking de cadenas (La 1 11,1 %, +0,6) — https://barloventocomunicacion.es/wp-content/uploads/2026/02/Analisis-Audiencia-TV_ano-2025_Barlovento.pdf","Cuota de pantalla anual de La 1 en toda España (individuos 4+ con invitados, lineal)."
2025,01,C.SUR,true,ccaa,9.5,"Barlovento Comunicación (datos Kantar), Análisis audiencia televisión 2025, «Ránking cadenas, cuota de pantalla en su ámbito de emisión», p. 19 — https://barloventocomunicacion.es/wp-content/uploads/2026/02/Analisis-Audiencia-TV_ano-2025_Barlovento.pdf","Cuota de pantalla anual en su ámbito de emisión (la comunidad), individuos 4+ con invitados, lineal."
2025,01,AND-TV,false,ccaa,0.5,"Barlovento Comunicación (datos Kantar), Análisis audiencia televisión 2025, «Ránking cadenas, cuota de pantalla en su ámbito de emisión», p. 19 — https://barloventocomunicacion.es/wp-content/uploads/2026/02/Analisis-Audiencia-TV_ano-2025_Barlovento.pdf","Cuota de pantalla anual en su ámbito de emisión (la comunidad), individuos 4+ con invitados, lineal."
2025,02,ARAGON TV,true,ccaa,12.2,"Barlovento Comunicación (datos Kantar), Análisis audiencia televisión 2025, «Ránking cadenas, cuota de pantalla en su ámbito de emisión», p. 19 — https://barloventocomunicacion.es/wp-content/uploads/2026/02/Analisis-Audiencia-TV_ano-2025_Barlovento.pdf","Cuota de pantalla anual en su ámbito de emisión (la comunidad), individuos 4+ con invitados, lineal."
2025,03,TPA,true,ccaa,4.3,"Barlovento Comunicación (datos Kantar), Análisis audiencia televisión 2025, «Ránking cadenas, cuota de pantalla en su ámbito de emisión», p. 19 — https://barloventocomunicacion.es/wp-content/uploads/2026/02/Analisis-Audiencia-TV_ano-2025_Barlovento.pdf","Cuota de pantalla anual en su ámbito de emisión (la comunidad), individuos 4+ con invitados, lineal."
2025,03,TPA2,false,ccaa,0.8,"Barlovento Comunicación (datos Kantar), Análisis audiencia televisión 2025, «Ránking cadenas, cuota de pantalla en su ámbito de emisión», p. 19 — https://barloventocomunicacion.es/wp-content/uploads/2026/02/Analisis-Audiencia-TV_ano-2025_Barlovento.pdf","Cuota de pantalla anual en su ámbito de emisión (la comunidad), individuos 4+ con invitados, lineal."
2025,04,IB3,true,ccaa,4.8,"Barlovento Comunicación (datos Kantar), Análisis audiencia televisión 2025, «Ránking cadenas, cuota de pantalla en su ámbito de emisión», p. 19 — https://barloventocomunicacion.es/wp-content/uploads/2026/02/Analisis-Audiencia-TV_ano-2025_Barlovento.pdf","Cuota de pantalla anual en su ámbito de emisión (la comunidad), individuos 4+ con invitados, lineal."
2025,05,TVCAN,true,ccaa,6.2,"Barlovento Comunicación (datos Kantar), Análisis audiencia televisión 2025, «Ránking cadenas, cuota de pantalla en su ámbito de emisión», p. 19 — https://barloventocomunicacion.es/wp-content/uploads/2026/02/Analisis-Audiencia-TV_ano-2025_Barlovento.pdf","Cuota de pantalla anual en su ámbito de emisión (la comunidad), individuos 4+ con invitados, lineal."
2025,07,La 7 (CyL),true,ccaa,1.4,"Barlovento Comunicación (datos Kantar), Análisis audiencia televisión 2025, autonómicas privadas, p. 20 (autonómicas privadas) — https://barloventocomunicacion.es/wp-content/uploads/2026/02/Analisis-Audiencia-TV_ano-2025_Barlovento.pdf","Cuota de pantalla anual en su ámbito de emisión (la comunidad), individuos 4+ con invitados, lineal. Castilla y León no tiene TV pública: La 7 y La 8 son de RTVCyL (privada), que cobra de la Junta por contrato-programa."
2025,07,La 8 (CyL),false,ccaa,1.2,"Barlovento Comunicación (datos Kantar), Análisis audiencia televisión 2025, autonómicas privadas, p. 20 (autonómicas privadas) — https://barloventocomunicacion.es/wp-content/uploads/2026/02/Analisis-Audiencia-TV_ano-2025_Barlovento.pdf","Cuota de pantalla anual en su ámbito de emisión (la comunidad), individuos 4+ con invitados, lineal. Castilla y León no tiene TV pública: La 7 y La 8 son de RTVCyL (privada), que cobra de la Junta por contrato-programa."
2025,08,CMM,true,ccaa,5.9,"Barlovento Comunicación (datos Kantar), Análisis audiencia televisión 2025, «Ránking cadenas, cuota de pantalla en su ámbito de emisión», p. 19 — https://barloventocomunicacion.es/wp-content/uploads/2026/02/Analisis-Audiencia-TV_ano-2025_Barlovento.pdf","Cuota de pantalla anual en su ámbito de emisión (la comunidad), individuos 4+ con invitados, lineal."
2025,09,TV3,true,ccaa,14.2,"Barlovento Comunicación (datos Kantar), Análisis audiencia televisión 2025, «Ránking cadenas, cuota de pantalla en su ámbito de emisión», p. 19 — https://barloventocomunicacion.es/wp-content/uploads/2026/02/Analisis-Audiencia-TV_ano-2025_Barlovento.pdf","Cuota de pantalla anual en su ámbito de emisión (la comunidad), individuos 4+ con invitados, lineal."
2025,09,3/24,false,ccaa,1.6,"Barlovento Comunicación (datos Kantar), Análisis audiencia televisión 2025, «Ránking cadenas, cuota de pantalla en su ámbito de emisión», p. 19 — https://barloventocomunicacion.es/wp-content/uploads/2026/02/Analisis-Audiencia-TV_ano-2025_Barlovento.pdf","Cuota de pantalla anual en su ámbito de emisión (la comunidad), individuos 4+ con invitados, lineal. En 2025 figura como 3CatInfo."
2025,09,ESPORT3,false,ccaa,1.3,"Barlovento Comunicación (datos Kantar), Análisis audiencia televisión 2025, «Ránking cadenas, cuota de pantalla en su ámbito de emisión», p. 19 — https://barloventocomunicacion.es/wp-content/uploads/2026/02/Analisis-Audiencia-TV_ano-2025_Barlovento.pdf","Cuota de pantalla anual en su ámbito de emisión (la comunidad), individuos 4+ con invitados, lineal."
2025,09,SUPER3/33,false,ccaa,0.5,"Barlovento Comunicación (datos Kantar), Análisis audiencia televisión 2025, «Ránking cadenas, cuota de pantalla en su ámbito de emisión», p. 19 — https://barloventocomunicacion.es/wp-content/uploads/2026/02/Analisis-Audiencia-TV_ano-2025_Barlovento.pdf","Cuota de pantalla anual en su ámbito de emisión (la comunidad), individuos 4+ con invitados, lineal. Figura como SX3/33."
2025,09,TV3CAT,false,ccaa,0.6,"Barlovento Comunicación (datos Kantar), Análisis audiencia televisión 2025, «Ránking cadenas, cuota de pantalla en su ámbito de emisión», p. 19 — https://barloventocomunicacion.es/wp-content/uploads/2026/02/Analisis-Audiencia-TV_ano-2025_Barlovento.pdf","Cuota de pantalla anual en su ámbito de emisión (la comunidad), individuos 4+ con invitados, lineal."
2025,10,A PUNT,true,ccaa,2.9,"Barlovento Comunicación (datos Kantar), Análisis audiencia televisión 2025, «Ránking cadenas, cuota de pantalla en su ámbito de emisión», p. 19 — https://barloventocomunicacion.es/wp-content/uploads/2026/02/Analisis-Audiencia-TV_ano-2025_Barlovento.pdf","Cuota de pantalla anual en su ámbito de emisión (la comunidad), individuos 4+ con invitados, lineal."
2025,11,CANAL EXTREMADURA TV,true,ccaa,4.8,"Barlovento Comunicación (datos Kantar), Análisis audiencia televisión 2025, «Ránking cadenas, cuota de pantalla en su ámbito de emisión», p. 19 — https://barloventocomunicacion.es/wp-content/uploads/2026/02/Analisis-Audiencia-TV_ano-2025_Barlovento.pdf","Cuota de pantalla anual en su ámbito de emisión (la comunidad), individuos 4+ con invitados, lineal."
2025,12,TVG,true,ccaa,8.4,"Barlovento Comunicación (datos Kantar), Análisis audiencia televisión 2025, «Ránking cadenas, cuota de pantalla en su ámbito de emisión», p. 19 — https://barloventocomunicacion.es/wp-content/uploads/2026/02/Analisis-Audiencia-TV_ano-2025_Barlovento.pdf","Cuota de pantalla anual en su ámbito de emisión (la comunidad), individuos 4+ con invitados, lineal."
2025,12,TVG2,false,ccaa,1.0,"Barlovento Comunicación (datos Kantar), Análisis audiencia televisión 2025, «Ránking cadenas, cuota de pantalla en su ámbito de emisión», p. 19 — https://barloventocomunicacion.es/wp-content/uploads/2026/02/Analisis-Audiencia-TV_ano-2025_Barlovento.pdf","Cuota de pantalla anual en su ámbito de emisión (la comunidad), individuos 4+ con invitados, lineal."
2025,13,TELEMADRID,true,ccaa,5.1,"Barlovento Comunicación (datos Kantar), Análisis audiencia televisión 2025, «Ránking cadenas, cuota de pantalla en su ámbito de emisión», p. 19 — https://barloventocomunicacion.es/wp-content/uploads/2026/02/Analisis-Audiencia-TV_ano-2025_Barlovento.pdf","Cuota de pantalla anual en su ámbito de emisión (la comunidad), individuos 4+ con invitados, lineal."
2025,13,LAOTRA,false,ccaa,0.9,"Barlovento Comunicación (datos Kantar), Análisis audiencia televisión 2025, «Ránking cadenas, cuota de pantalla en su ámbito de emisión», p. 19 — https://barloventocomunicacion.es/wp-content/uploads/2026/02/Analisis-Audiencia-TV_ano-2025_Barlovento.pdf","Cuota de pantalla anual en su ámbito de emisión (la comunidad), individuos 4+ con invitados, lineal."
2025,14,LA 7TV,true,ccaa,3.2,"Barlovento Comunicación (datos Kantar), Análisis audiencia televisión 2025, «Ránking cadenas, cuota de pantalla en su ámbito de emisión», p. 19 — https://barloventocomunicacion.es/wp-content/uploads/2026/02/Analisis-Audiencia-TV_ano-2025_Barlovento.pdf","Cuota de pantalla anual en su ámbito de emisión (la comunidad), individuos 4+ con invitados, lineal. Canal de la RTRM gestionado por el Grupo Secuoya."
2025,16,ETB2,true,ccaa,8.3,"Barlovento Comunicación (datos Kantar), Análisis audiencia televisión 2025, «Ránking cadenas, cuota de pantalla en su ámbito de emisión», p. 19 — https://barloventocomunicacion.es/wp-content/uploads/2026/02/Analisis-Audiencia-TV_ano-2025_Barlovento.pdf","Cuota de pantalla anual en su ámbito de emisión (la comunidad), individuos 4+ con invitados, lineal."
2025,16,ETB1,false,ccaa,2.1,"Barlovento Comunicación (datos Kantar), Análisis audiencia televisión 2025, «Ránking cadenas, cuota de pantalla en su ámbito de emisión», p. 19 — https://barloventocomunicacion.es/wp-content/uploads/2026/02/Analisis-Audiencia-TV_ano-2025_Barlovento.pdf","Cuota de pantalla anual en su ámbito de emisión (la comunidad), individuos 4+ con invitados, lineal."
2025,16,ETB3,false,ccaa,0.2,"Barlovento Comunicación (datos Kantar), Análisis audiencia televisión 2025, «Ránking cadenas, cuota de pantalla en su ámbito de emisión», p. 19 — https://barloventocomunicacion.es/wp-content/uploads/2026/02/Analisis-Audiencia-TV_ano-2025_Barlovento.pdf","Cuota de pantalla anual en su ámbito de emisión (la comunidad), individuos 4+ con invitados, lineal."
2025,16,ETB4,false,ccaa,1.1,"Barlovento Comunicación (datos Kantar), Análisis audiencia televisión 2025, «Ránking cadenas, cuota de pantalla en su ámbito de emisión», p. 19 — https://barloventocomunicacion.es/wp-content/uploads/2026/02/Analisis-Audiencia-TV_ano-2025_Barlovento.pdf","Cuota de pantalla anual en su ámbito de emisión (la comunidad), individuos 4+ con invitados, lineal."
