anio,concepto,grupo,meur,extraordinario,fuente,nota
2008,compensacion_pge,estado,499.997,false,"RTVE, Cuentas anuales consolidadas Grupo RTVE 2009, nota 16 «Subvenciones de explotación», columna 2008 (p. 86 del PDF) — https://www.rtve.es/contenidos/corporacion/2009_1_Cuentas_anuales_consolidadas_GRUPO_RTVE.pdf","Subvención por compensación por servicio público de los PGE, incluida la de la Orquesta y Coro de RTVE. Grupo consolidado; RTVE aún tenía publicidad."
2008,otras_subvenciones_estado,estado,2.574,false,"RTVE, Cuentas anuales consolidadas Grupo RTVE 2009, nota 16 «Subvenciones de explotación», columna 2008 (p. 86 del PDF) — https://www.rtve.es/contenidos/corporacion/2009_1_Cuentas_anuales_consolidadas_GRUPO_RTVE.pdf","Resto de subvenciones de explotación de administraciones (Ministerio de Educación, simulcast, Next Generation, verificación, Instituto de la Mujer, FORCEM, Gobierno de Cantabria, «Otras»…)."
2009,compensacion_pge,estado,706.722,false,"RTVE, Cuentas anuales consolidadas Grupo RTVE 2009, nota 16 «Subvenciones de explotación», columna 2009 (p. 86 del PDF) — https://www.rtve.es/contenidos/corporacion/2009_1_Cuentas_anuales_consolidadas_GRUPO_RTVE.pdf","Subvención por compensación por servicio público de los PGE, incluida la de la Orquesta y Coro de RTVE. Grupo consolidado (CRTVE + SMETVE + SMERNE): RTVE aún tenía publicidad hasta el 31-12-2009. Incluye 13,5 M€ de ingresos que la IGAE ordenó imputar a 2009."
2009,otras_subvenciones_estado,estado,4.803,false,"RTVE, Cuentas anuales consolidadas Grupo RTVE 2009, nota 16 «Subvenciones de explotación», columna 2009 (p. 86 del PDF) — https://www.rtve.es/contenidos/corporacion/2009_1_Cuentas_anuales_consolidadas_GRUPO_RTVE.pdf","Resto de subvenciones de explotación de administraciones (Ministerio de Educación, simulcast, Next Generation, verificación, Instituto de la Mujer, FORCEM, Gobierno de Cantabria, «Otras»…)."
2010,compensacion_pge,estado,579.425,false,"RTVE, Cuentas anuales CRTVE 2011, nota 15.1 «Subvenciones de explotación», columna 2010 (p. 58 del PDF) — https://www.rtve.es/contenidos/corporacion/2011_1_Cuentas_anuales_CRTVE.pdf","Subvención por compensación por servicio público de los PGE, incluida la de la Orquesta y Coro de RTVE. Primer año sin publicidad (Ley 8/2009). Incluye el traspaso de 13,5 M€ de remanente de 2009 de la SMETVE."
2010,otras_subvenciones_estado,estado,1.024,false,"RTVE, Cuentas anuales CRTVE 2011, nota 15.1 «Subvenciones de explotación», columna 2010 (p. 58 del PDF) — https://www.rtve.es/contenidos/corporacion/2011_1_Cuentas_anuales_CRTVE.pdf","Resto de subvenciones de explotación de administraciones (Ministerio de Educación, simulcast, Next Generation, verificación, Instituto de la Mujer, FORCEM, Gobierno de Cantabria, «Otras»…)."
2010,aportacion_operadores_telecom,tasas_operadores,187.918,false,"RTVE, Cuentas anuales CRTVE 2011, nota 15.1 «Subvenciones de explotación», columna 2010 (p. 58 del PDF) — https://www.rtve.es/contenidos/corporacion/2011_1_Cuentas_anuales_CRTVE.pdf","Ley 8/2009, art. 5: 0,9 % de los ingresos de los operadores de telecomunicaciones; suprimida con efectos en 2023 (Ley 13/2022)."
2010,aportacion_operadores_tv,tasas_operadores,90.785,false,"RTVE, Cuentas anuales CRTVE 2011, nota 15.1 «Subvenciones de explotación», columna 2010 (p. 58 del PDF) — https://www.rtve.es/contenidos/corporacion/2011_1_Cuentas_anuales_CRTVE.pdf","Ley 8/2009, art. 6: 3 % de los ingresos de las TV privadas en abierto y 1,5 % de las de pago (suma de ambas filas de la nota; en 2016 la nota invierte las etiquetas abierto/pago)."
2010,tasa_espectro,tasas_operadores,250.407,false,"RTVE, Cuentas anuales CRTVE 2011, nota 15.1 «Subvenciones de explotación», columna 2010 (p. 58 del PDF) — https://www.rtve.es/contenidos/corporacion/2011_1_Cuentas_anuales_CRTVE.pdf","Ley 8/2009, art. 4: 100 % del rendimiento de la tasa por reserva del dominio público radioeléctrico (con tope legal), cedido a RTVE. Desde septiembre de 2009."
2011,compensacion_pge,estado,544.287,false,"RTVE, Cuentas anuales CRTVE 2011, nota 15.1, columna 2011 (p. 58 del PDF) — https://www.rtve.es/contenidos/corporacion/2011_1_Cuentas_anuales_CRTVE.pdf","Subvención por compensación por servicio público de los PGE, incluida la de la Orquesta y Coro de RTVE."
2011,otras_subvenciones_estado,estado,1.452,false,"RTVE, Cuentas anuales CRTVE 2011, nota 15.1, columna 2011 (p. 58 del PDF) — https://www.rtve.es/contenidos/corporacion/2011_1_Cuentas_anuales_CRTVE.pdf","Resto de subvenciones de explotación de administraciones (Ministerio de Educación, simulcast, Next Generation, verificación, Instituto de la Mujer, FORCEM, Gobierno de Cantabria, «Otras»…)."
2011,aportacion_operadores_telecom,tasas_operadores,174.156,false,"RTVE, Cuentas anuales CRTVE 2011, nota 15.1, columna 2011 (p. 58 del PDF) — https://www.rtve.es/contenidos/corporacion/2011_1_Cuentas_anuales_CRTVE.pdf","Ley 8/2009, art. 5: 0,9 % de los ingresos de los operadores de telecomunicaciones; suprimida con efectos en 2023 (Ley 13/2022)."
2011,aportacion_operadores_tv,tasas_operadores,65.615,false,"RTVE, Cuentas anuales CRTVE 2011, nota 15.1, columna 2011 (p. 58 del PDF) — https://www.rtve.es/contenidos/corporacion/2011_1_Cuentas_anuales_CRTVE.pdf","Ley 8/2009, art. 6: 3 % de los ingresos de las TV privadas en abierto y 1,5 % de las de pago (suma de ambas filas de la nota; en 2016 la nota invierte las etiquetas abierto/pago)."
2011,tasa_espectro,tasas_operadores,326.2,false,"RTVE, Cuentas anuales CRTVE 2011, nota 15.1, columna 2011 (p. 58 del PDF) — https://www.rtve.es/contenidos/corporacion/2011_1_Cuentas_anuales_CRTVE.pdf","Ley 8/2009, art. 4: 100 % del rendimiento de la tasa por reserva del dominio público radioeléctrico (con tope legal), cedido a RTVE. Desde septiembre de 2009."
2012,compensacion_pge,estado,340.922,false,"RTVE, Cuentas anuales CRTVE 2012, nota 15.1, columna 2012 (p. 55 del PDF) — https://www.rtve.es/contenidos/corporacion/2012_1_Cuentas_anuales_CRTVE.pdf","Subvención por compensación por servicio público de los PGE, incluida la de la Orquesta y Coro de RTVE."
2012,otras_subvenciones_estado,estado,0.969,false,"RTVE, Cuentas anuales CRTVE 2012, nota 15.1, columna 2012 (p. 55 del PDF) — https://www.rtve.es/contenidos/corporacion/2012_1_Cuentas_anuales_CRTVE.pdf","Resto de subvenciones de explotación de administraciones (Ministerio de Educación, simulcast, Next Generation, verificación, Instituto de la Mujer, FORCEM, Gobierno de Cantabria, «Otras»…)."
2012,aportacion_operadores_telecom,tasas_operadores,155.72,false,"RTVE, Cuentas anuales CRTVE 2012, nota 15.1, columna 2012 (p. 55 del PDF) — https://www.rtve.es/contenidos/corporacion/2012_1_Cuentas_anuales_CRTVE.pdf","Ley 8/2009, art. 5: 0,9 % de los ingresos de los operadores de telecomunicaciones; suprimida con efectos en 2023 (Ley 13/2022)."
2012,aportacion_operadores_tv,tasas_operadores,59.35,false,"RTVE, Cuentas anuales CRTVE 2012, nota 15.1, columna 2012 (p. 55 del PDF) — https://www.rtve.es/contenidos/corporacion/2012_1_Cuentas_anuales_CRTVE.pdf","Ley 8/2009, art. 6: 3 % de los ingresos de las TV privadas en abierto y 1,5 % de las de pago (suma de ambas filas de la nota; en 2016 la nota invierte las etiquetas abierto/pago)."
2012,tasa_espectro,tasas_operadores,326.089,false,"RTVE, Cuentas anuales CRTVE 2012, nota 15.1, columna 2012 (p. 55 del PDF) — https://www.rtve.es/contenidos/corporacion/2012_1_Cuentas_anuales_CRTVE.pdf","Ley 8/2009, art. 4: 100 % del rendimiento de la tasa por reserva del dominio público radioeléctrico (con tope legal), cedido a RTVE. Desde septiembre de 2009."
2013,compensacion_pge,estado,292.433,false,"RTVE, Cuentas anuales CRTVE 2014, nota 16.1, columna 2013 (p. 53 del PDF) — https://www.rtve.es/contenidos/corporacion/2014_1_Cuentas_anuales_CRTVE.pdf","Subvención por compensación por servicio público de los PGE, incluida la de la Orquesta y Coro de RTVE."
2013,otras_subvenciones_estado,estado,1.586,false,"RTVE, Cuentas anuales CRTVE 2014, nota 16.1, columna 2013 (p. 53 del PDF) — https://www.rtve.es/contenidos/corporacion/2014_1_Cuentas_anuales_CRTVE.pdf","Resto de subvenciones de explotación de administraciones (Ministerio de Educación, simulcast, Next Generation, verificación, Instituto de la Mujer, FORCEM, Gobierno de Cantabria, «Otras»…)."
2013,donaciones_titulos,no_publico,4.673,false,"RTVE, Cuentas anuales CRTVE 2014, nota 16.1, columna 2013 (p. 53 del PDF) — https://www.rtve.es/contenidos/corporacion/2014_1_Cuentas_anuales_CRTVE.pdf",Derechos de emisión cedidos gratis; no es dinero público y no entra en los totales.
2013,aportacion_operadores_telecom,tasas_operadores,108.875,false,"RTVE, Cuentas anuales CRTVE 2014, nota 16.1, columna 2013 (p. 53 del PDF) — https://www.rtve.es/contenidos/corporacion/2014_1_Cuentas_anuales_CRTVE.pdf","Ley 8/2009, art. 5: 0,9 % de los ingresos de los operadores de telecomunicaciones; suprimida con efectos en 2023 (Ley 13/2022)."
2013,aportacion_operadores_tv,tasas_operadores,58.957,false,"RTVE, Cuentas anuales CRTVE 2014, nota 16.1, columna 2013 (p. 53 del PDF) — https://www.rtve.es/contenidos/corporacion/2014_1_Cuentas_anuales_CRTVE.pdf","Ley 8/2009, art. 6: 3 % de los ingresos de las TV privadas en abierto y 1,5 % de las de pago (suma de ambas filas de la nota; en 2016 la nota invierte las etiquetas abierto/pago)."
2013,tasa_espectro,tasas_operadores,330.0,false,"RTVE, Cuentas anuales CRTVE 2014, nota 16.1, columna 2013 (p. 53 del PDF) — https://www.rtve.es/contenidos/corporacion/2014_1_Cuentas_anuales_CRTVE.pdf","Ley 8/2009, art. 4: 100 % del rendimiento de la tasa por reserva del dominio público radioeléctrico (con tope legal), cedido a RTVE. Desde septiembre de 2009."
2014,compensacion_pge,estado,290.189,false,"RTVE, Cuentas anuales CRTVE 2015, nota 16.1, columna 2014 (p. 55 del PDF) — https://www.rtve.es/contenidos/corporacion/2015_1_Cuentas_anuales_CRTVE.pdf","Subvención por compensación por servicio público de los PGE, incluida la de la Orquesta y Coro de RTVE."
2014,otras_subvenciones_estado,estado,4.922,false,"RTVE, Cuentas anuales CRTVE 2015, nota 16.1, columna 2014 (p. 55 del PDF) — https://www.rtve.es/contenidos/corporacion/2015_1_Cuentas_anuales_CRTVE.pdf","Resto de subvenciones de explotación de administraciones (Ministerio de Educación, simulcast, Next Generation, verificación, Instituto de la Mujer, FORCEM, Gobierno de Cantabria, «Otras»…)."
2014,donaciones_titulos,no_publico,1.685,false,"RTVE, Cuentas anuales CRTVE 2015, nota 16.1, columna 2014 (p. 55 del PDF) — https://www.rtve.es/contenidos/corporacion/2015_1_Cuentas_anuales_CRTVE.pdf",Derechos de emisión cedidos gratis; no es dinero público y no entra en los totales.
2014,aportacion_operadores_telecom,tasas_operadores,96.512,false,"RTVE, Cuentas anuales CRTVE 2015, nota 16.1, columna 2014 (p. 55 del PDF) — https://www.rtve.es/contenidos/corporacion/2015_1_Cuentas_anuales_CRTVE.pdf","Ley 8/2009, art. 5: 0,9 % de los ingresos de los operadores de telecomunicaciones; suprimida con efectos en 2023 (Ley 13/2022)."
2014,aportacion_operadores_tv,tasas_operadores,54.343,false,"RTVE, Cuentas anuales CRTVE 2015, nota 16.1, columna 2014 (p. 55 del PDF) — https://www.rtve.es/contenidos/corporacion/2015_1_Cuentas_anuales_CRTVE.pdf","Ley 8/2009, art. 6: 3 % de los ingresos de las TV privadas en abierto y 1,5 % de las de pago (suma de ambas filas de la nota; en 2016 la nota invierte las etiquetas abierto/pago)."
2014,tasa_espectro,tasas_operadores,330.0,false,"RTVE, Cuentas anuales CRTVE 2015, nota 16.1, columna 2014 (p. 55 del PDF) — https://www.rtve.es/contenidos/corporacion/2015_1_Cuentas_anuales_CRTVE.pdf","Ley 8/2009, art. 4: 100 % del rendimiento de la tasa por reserva del dominio público radioeléctrico (con tope legal), cedido a RTVE. Desde septiembre de 2009."
2015,compensacion_pge,estado,297.546,false,"RTVE, Cuentas anuales CRTVE 2016, nota 16.1, columna 2015 (p. 50 del PDF) — https://www.rtve.es/contenidos/corporacion/2016_Cuentas_anuales_CRTVE_e_Informe_de_gestion.pdf","Subvención por compensación por servicio público de los PGE, incluida la de la Orquesta y Coro de RTVE."
2015,otras_subvenciones_estado,estado,1.628,false,"RTVE, Cuentas anuales CRTVE 2016, nota 16.1, columna 2015 (p. 50 del PDF) — https://www.rtve.es/contenidos/corporacion/2016_Cuentas_anuales_CRTVE_e_Informe_de_gestion.pdf","Resto de subvenciones de explotación de administraciones (Ministerio de Educación, simulcast, Next Generation, verificación, Instituto de la Mujer, FORCEM, Gobierno de Cantabria, «Otras»…)."
2015,donaciones_titulos,no_publico,0.315,false,"RTVE, Cuentas anuales CRTVE 2016, nota 16.1, columna 2015 (p. 50 del PDF) — https://www.rtve.es/contenidos/corporacion/2016_Cuentas_anuales_CRTVE_e_Informe_de_gestion.pdf",Derechos de emisión cedidos gratis; no es dinero público y no entra en los totales.
2015,aportacion_operadores_telecom,tasas_operadores,104.625,false,"RTVE, Cuentas anuales CRTVE 2016, nota 16.1, columna 2015 (p. 50 del PDF) — https://www.rtve.es/contenidos/corporacion/2016_Cuentas_anuales_CRTVE_e_Informe_de_gestion.pdf","Ley 8/2009, art. 5: 0,9 % de los ingresos de los operadores de telecomunicaciones; suprimida con efectos en 2023 (Ley 13/2022)."
2015,aportacion_operadores_tv,tasas_operadores,79.178,false,"RTVE, Cuentas anuales CRTVE 2016, nota 16.1, columna 2015 (p. 50 del PDF) — https://www.rtve.es/contenidos/corporacion/2016_Cuentas_anuales_CRTVE_e_Informe_de_gestion.pdf","Ley 8/2009, art. 6: 3 % de los ingresos de las TV privadas en abierto y 1,5 % de las de pago (suma de ambas filas de la nota; en 2016 la nota invierte las etiquetas abierto/pago)."
2015,tasa_espectro,tasas_operadores,330.0,false,"RTVE, Cuentas anuales CRTVE 2016, nota 16.1, columna 2015 (p. 50 del PDF) — https://www.rtve.es/contenidos/corporacion/2016_Cuentas_anuales_CRTVE_e_Informe_de_gestion.pdf","Ley 8/2009, art. 4: 100 % del rendimiento de la tasa por reserva del dominio público radioeléctrico (con tope legal), cedido a RTVE. Desde septiembre de 2009."
2016,compensacion_pge,estado,344.433,false,"RTVE, Cuentas anuales CRTVE 2016, nota 16.1, columna 2016 (p. 50 del PDF) — https://www.rtve.es/contenidos/corporacion/2016_Cuentas_anuales_CRTVE_e_Informe_de_gestion.pdf","Subvención por compensación por servicio público de los PGE, incluida la de la Orquesta y Coro de RTVE."
2016,otras_subvenciones_estado,estado,1.713,false,"RTVE, Cuentas anuales CRTVE 2016, nota 16.1, columna 2016 (p. 50 del PDF) — https://www.rtve.es/contenidos/corporacion/2016_Cuentas_anuales_CRTVE_e_Informe_de_gestion.pdf","Resto de subvenciones de explotación de administraciones (Ministerio de Educación, simulcast, Next Generation, verificación, Instituto de la Mujer, FORCEM, Gobierno de Cantabria, «Otras»…)."
2016,donaciones_titulos,no_publico,0.422,false,"RTVE, Cuentas anuales CRTVE 2016, nota 16.1, columna 2016 (p. 50 del PDF) — https://www.rtve.es/contenidos/corporacion/2016_Cuentas_anuales_CRTVE_e_Informe_de_gestion.pdf",Derechos de emisión cedidos gratis; no es dinero público y no entra en los totales.
2016,aportacion_operadores_telecom,tasas_operadores,123.282,false,"RTVE, Cuentas anuales CRTVE 2016, nota 16.1, columna 2016 (p. 50 del PDF) — https://www.rtve.es/contenidos/corporacion/2016_Cuentas_anuales_CRTVE_e_Informe_de_gestion.pdf","Ley 8/2009, art. 5: 0,9 % de los ingresos de los operadores de telecomunicaciones; suprimida con efectos en 2023 (Ley 13/2022)."
2016,aportacion_operadores_tv,tasas_operadores,66.764,false,"RTVE, Cuentas anuales CRTVE 2016, nota 16.1, columna 2016 (p. 50 del PDF) — https://www.rtve.es/contenidos/corporacion/2016_Cuentas_anuales_CRTVE_e_Informe_de_gestion.pdf","Ley 8/2009, art. 6: 3 % de los ingresos de las TV privadas en abierto y 1,5 % de las de pago (suma de ambas filas de la nota; en 2016 la nota invierte las etiquetas abierto/pago)."
2016,tasa_espectro,tasas_operadores,380.0,false,"RTVE, Cuentas anuales CRTVE 2016, nota 16.1, columna 2016 (p. 50 del PDF) — https://www.rtve.es/contenidos/corporacion/2016_Cuentas_anuales_CRTVE_e_Informe_de_gestion.pdf","Ley 8/2009, art. 4: 100 % del rendimiento de la tasa por reserva del dominio público radioeléctrico (con tope legal), cedido a RTVE. Desde septiembre de 2009."
2017,compensacion_pge,estado,345.22,false,"RTVE, Cuentas anuales CRTVE 2018, nota 16.1, columna 2017 (p. 51 del PDF) — https://www.rtve.es/contenidos/corporacion/2018_Cuentas_anuales_CRTVE_e_informe_de_gestion.pdf","Subvención por compensación por servicio público de los PGE, incluida la de la Orquesta y Coro de RTVE."
2017,otras_subvenciones_estado,estado,1.3,false,"RTVE, Cuentas anuales CRTVE 2018, nota 16.1, columna 2017 (p. 51 del PDF) — https://www.rtve.es/contenidos/corporacion/2018_Cuentas_anuales_CRTVE_e_informe_de_gestion.pdf","Resto de subvenciones de explotación de administraciones (Ministerio de Educación, simulcast, Next Generation, verificación, Instituto de la Mujer, FORCEM, Gobierno de Cantabria, «Otras»…)."
2017,donaciones_titulos,no_publico,0.407,false,"RTVE, Cuentas anuales CRTVE 2018, nota 16.1, columna 2017 (p. 51 del PDF) — https://www.rtve.es/contenidos/corporacion/2018_Cuentas_anuales_CRTVE_e_informe_de_gestion.pdf",Derechos de emisión cedidos gratis; no es dinero público y no entra en los totales.
2017,aportacion_operadores_telecom,tasas_operadores,127.4,false,"RTVE, Cuentas anuales CRTVE 2018, nota 16.1, columna 2017 (p. 51 del PDF) — https://www.rtve.es/contenidos/corporacion/2018_Cuentas_anuales_CRTVE_e_informe_de_gestion.pdf","Ley 8/2009, art. 5: 0,9 % de los ingresos de los operadores de telecomunicaciones; suprimida con efectos en 2023 (Ley 13/2022)."
2017,aportacion_operadores_tv,tasas_operadores,67.514,false,"RTVE, Cuentas anuales CRTVE 2018, nota 16.1, columna 2017 (p. 51 del PDF) — https://www.rtve.es/contenidos/corporacion/2018_Cuentas_anuales_CRTVE_e_informe_de_gestion.pdf","Ley 8/2009, art. 6: 3 % de los ingresos de las TV privadas en abierto y 1,5 % de las de pago (suma de ambas filas de la nota; en 2016 la nota invierte las etiquetas abierto/pago)."
2017,tasa_espectro,tasas_operadores,380.0,false,"RTVE, Cuentas anuales CRTVE 2018, nota 16.1, columna 2017 (p. 51 del PDF) — https://www.rtve.es/contenidos/corporacion/2018_Cuentas_anuales_CRTVE_e_informe_de_gestion.pdf","Ley 8/2009, art. 4: 100 % del rendimiento de la tasa por reserva del dominio público radioeléctrico (con tope legal), cedido a RTVE. Desde septiembre de 2009."
2018,compensacion_pge,estado,341.101,false,"RTVE, Cuentas anuales CRTVE 2018, nota 16.1, columna 2018 (p. 51 del PDF) — https://www.rtve.es/contenidos/corporacion/2018_Cuentas_anuales_CRTVE_e_informe_de_gestion.pdf","Subvención por compensación por servicio público de los PGE, incluida la de la Orquesta y Coro de RTVE."
2018,otras_subvenciones_estado,estado,1.184,false,"RTVE, Cuentas anuales CRTVE 2018, nota 16.1, columna 2018 (p. 51 del PDF) — https://www.rtve.es/contenidos/corporacion/2018_Cuentas_anuales_CRTVE_e_informe_de_gestion.pdf","Resto de subvenciones de explotación de administraciones (Ministerio de Educación, simulcast, Next Generation, verificación, Instituto de la Mujer, FORCEM, Gobierno de Cantabria, «Otras»…)."
2018,donaciones_titulos,no_publico,0.406,false,"RTVE, Cuentas anuales CRTVE 2018, nota 16.1, columna 2018 (p. 51 del PDF) — https://www.rtve.es/contenidos/corporacion/2018_Cuentas_anuales_CRTVE_e_informe_de_gestion.pdf",Derechos de emisión cedidos gratis; no es dinero público y no entra en los totales.
2018,aportacion_operadores_telecom,tasas_operadores,126.05,false,"RTVE, Cuentas anuales CRTVE 2018, nota 16.1, columna 2018 (p. 51 del PDF) — https://www.rtve.es/contenidos/corporacion/2018_Cuentas_anuales_CRTVE_e_informe_de_gestion.pdf","Ley 8/2009, art. 5: 0,9 % de los ingresos de los operadores de telecomunicaciones; suprimida con efectos en 2023 (Ley 13/2022)."
2018,aportacion_operadores_tv,tasas_operadores,67.433,false,"RTVE, Cuentas anuales CRTVE 2018, nota 16.1, columna 2018 (p. 51 del PDF) — https://www.rtve.es/contenidos/corporacion/2018_Cuentas_anuales_CRTVE_e_informe_de_gestion.pdf","Ley 8/2009, art. 6: 3 % de los ingresos de las TV privadas en abierto y 1,5 % de las de pago (suma de ambas filas de la nota; en 2016 la nota invierte las etiquetas abierto/pago)."
2018,tasa_espectro,tasas_operadores,380.0,false,"RTVE, Cuentas anuales CRTVE 2018, nota 16.1, columna 2018 (p. 51 del PDF) — https://www.rtve.es/contenidos/corporacion/2018_Cuentas_anuales_CRTVE_e_informe_de_gestion.pdf","Ley 8/2009, art. 4: 100 % del rendimiento de la tasa por reserva del dominio público radioeléctrico (con tope legal), cedido a RTVE. Desde septiembre de 2009."
2019,compensacion_pge,estado,347.009,false,"RTVE, Cuentas anuales CRTVE 2019, nota 16.1, columna 2019 (p. 53 del PDF) — https://www.rtve.es/contenidos/corporacion/2019_Cuentas_anuales_CRTVE_e_informe_de_gestion.pdf","Subvención por compensación por servicio público de los PGE, incluida la de la Orquesta y Coro de RTVE."
2019,otras_subvenciones_estado,estado,7.32,false,"RTVE, Cuentas anuales CRTVE 2019, nota 16.1, columna 2019 (p. 53 del PDF) — https://www.rtve.es/contenidos/corporacion/2019_Cuentas_anuales_CRTVE_e_informe_de_gestion.pdf","Resto de subvenciones de explotación de administraciones (Ministerio de Educación, simulcast, Next Generation, verificación, Instituto de la Mujer, FORCEM, Gobierno de Cantabria, «Otras»…)."
2019,donaciones_titulos,no_publico,0.328,false,"RTVE, Cuentas anuales CRTVE 2019, nota 16.1, columna 2019 (p. 53 del PDF) — https://www.rtve.es/contenidos/corporacion/2019_Cuentas_anuales_CRTVE_e_informe_de_gestion.pdf",Derechos de emisión cedidos gratis; no es dinero público y no entra en los totales.
2019,aportacion_operadores_telecom,tasas_operadores,120.191,false,"RTVE, Cuentas anuales CRTVE 2019, nota 16.1, columna 2019 (p. 53 del PDF) — https://www.rtve.es/contenidos/corporacion/2019_Cuentas_anuales_CRTVE_e_informe_de_gestion.pdf","Ley 8/2009, art. 5: 0,9 % de los ingresos de los operadores de telecomunicaciones; suprimida con efectos en 2023 (Ley 13/2022)."
2019,aportacion_operadores_tv,tasas_operadores,70.062,false,"RTVE, Cuentas anuales CRTVE 2019, nota 16.1, columna 2019 (p. 53 del PDF) — https://www.rtve.es/contenidos/corporacion/2019_Cuentas_anuales_CRTVE_e_informe_de_gestion.pdf","Ley 8/2009, art. 6: 3 % de los ingresos de las TV privadas en abierto y 1,5 % de las de pago (suma de ambas filas de la nota; en 2016 la nota invierte las etiquetas abierto/pago)."
2019,tasa_espectro,tasas_operadores,380.0,false,"RTVE, Cuentas anuales CRTVE 2019, nota 16.1, columna 2019 (p. 53 del PDF) — https://www.rtve.es/contenidos/corporacion/2019_Cuentas_anuales_CRTVE_e_informe_de_gestion.pdf","Ley 8/2009, art. 4: 100 % del rendimiento de la tasa por reserva del dominio público radioeléctrico (con tope legal), cedido a RTVE. Desde septiembre de 2009."
2020,compensacion_pge,estado,377.872,false,"RTVE, Cuentas anuales CRTVE 2021, nota 16.1, columna 2020 (p. 58 del PDF) — https://www.rtve.es/contenidos/corporacion/2021.%20RTVE_CCAA_EINF.pdf","Subvención por compensación por servicio público de los PGE, incluida la de la Orquesta y Coro de RTVE."
2020,otras_subvenciones_estado,estado,4.174,false,"RTVE, Cuentas anuales CRTVE 2021, nota 16.1, columna 2020 (p. 58 del PDF) — https://www.rtve.es/contenidos/corporacion/2021.%20RTVE_CCAA_EINF.pdf","Resto de subvenciones de explotación de administraciones (Ministerio de Educación, simulcast, Next Generation, verificación, Instituto de la Mujer, FORCEM, Gobierno de Cantabria, «Otras»…)."
2020,donaciones_titulos,no_publico,0.333,false,"RTVE, Cuentas anuales CRTVE 2021, nota 16.1, columna 2020 (p. 58 del PDF) — https://www.rtve.es/contenidos/corporacion/2021.%20RTVE_CCAA_EINF.pdf",Derechos de emisión cedidos gratis; no es dinero público y no entra en los totales.
2020,aportacion_operadores_telecom,tasas_operadores,114.594,false,"RTVE, Cuentas anuales CRTVE 2021, nota 16.1, columna 2020 (p. 58 del PDF) — https://www.rtve.es/contenidos/corporacion/2021.%20RTVE_CCAA_EINF.pdf","Ley 8/2009, art. 5: 0,9 % de los ingresos de los operadores de telecomunicaciones; suprimida con efectos en 2023 (Ley 13/2022)."
2020,aportacion_operadores_tv,tasas_operadores,62.424,false,"RTVE, Cuentas anuales CRTVE 2021, nota 16.1, columna 2020 (p. 58 del PDF) — https://www.rtve.es/contenidos/corporacion/2021.%20RTVE_CCAA_EINF.pdf","Ley 8/2009, art. 6: 3 % de los ingresos de las TV privadas en abierto y 1,5 % de las de pago (suma de ambas filas de la nota; en 2016 la nota invierte las etiquetas abierto/pago)."
2020,tasa_espectro,tasas_operadores,380.0,false,"RTVE, Cuentas anuales CRTVE 2021, nota 16.1, columna 2020 (p. 58 del PDF) — https://www.rtve.es/contenidos/corporacion/2021.%20RTVE_CCAA_EINF.pdf","Ley 8/2009, art. 4: 100 % del rendimiento de la tasa por reserva del dominio público radioeléctrico (con tope legal), cedido a RTVE. Desde septiembre de 2009."
2021,compensacion_pge,estado,599.032,false,"RTVE, Cuentas anuales CRTVE 2021, nota 16.1, columna 2021 (p. 58 del PDF) — https://www.rtve.es/contenidos/corporacion/2021.%20RTVE_CCAA_EINF.pdf","Subvención por compensación por servicio público de los PGE, incluida la de la Orquesta y Coro de RTVE. Salto de 377,9 a 599,0 M€ en los PGE 2021."
2021,otras_subvenciones_estado,estado,3.991,false,"RTVE, Cuentas anuales CRTVE 2021, nota 16.1, columna 2021 (p. 58 del PDF) — https://www.rtve.es/contenidos/corporacion/2021.%20RTVE_CCAA_EINF.pdf","Resto de subvenciones de explotación de administraciones (Ministerio de Educación, simulcast, Next Generation, verificación, Instituto de la Mujer, FORCEM, Gobierno de Cantabria, «Otras»…)."
2021,subvenciones_capital,estado,20.248,false,"RTVE, Cuentas anuales CRTVE 2022, nota 12.4 (adiciones imputadas a patrimonio neto en 2021: 20.248 miles de euros) — https://www.rtve.es/contenidos/corporacion/2022_Cuentas_Anuales_Informe_de_Gesti%C3%B3n_y_EINF.pdf","Subvención de capital imputada a patrimonio neto (desarrollo de la plataforma RTVE Play). En el resto de años las adiciones a patrimonio neto son nulas o menores de 0,1 M€ (notas 12.3/12.4)."
2021,donaciones_titulos,no_publico,0.283,false,"RTVE, Cuentas anuales CRTVE 2021, nota 16.1, columna 2021 (p. 58 del PDF) — https://www.rtve.es/contenidos/corporacion/2021.%20RTVE_CCAA_EINF.pdf",Derechos de emisión cedidos gratis; no es dinero público y no entra en los totales.
2021,aportacion_operadores_telecom,tasas_operadores,105.581,false,"RTVE, Cuentas anuales CRTVE 2021, nota 16.1, columna 2021 (p. 58 del PDF) — https://www.rtve.es/contenidos/corporacion/2021.%20RTVE_CCAA_EINF.pdf","Ley 8/2009, art. 5: 0,9 % de los ingresos de los operadores de telecomunicaciones; suprimida con efectos en 2023 (Ley 13/2022)."
2021,aportacion_operadores_tv,tasas_operadores,62.126,false,"RTVE, Cuentas anuales CRTVE 2021, nota 16.1, columna 2021 (p. 58 del PDF) — https://www.rtve.es/contenidos/corporacion/2021.%20RTVE_CCAA_EINF.pdf","Ley 8/2009, art. 6: 3 % de los ingresos de las TV privadas en abierto y 1,5 % de las de pago (suma de ambas filas de la nota; en 2016 la nota invierte las etiquetas abierto/pago)."
2021,tasa_espectro,tasas_operadores,410.0,false,"RTVE, Cuentas anuales CRTVE 2021, nota 16.1, columna 2021 (p. 58 del PDF) — https://www.rtve.es/contenidos/corporacion/2021.%20RTVE_CCAA_EINF.pdf","Ley 8/2009, art. 4: 100 % del rendimiento de la tasa por reserva del dominio público radioeléctrico (con tope legal), cedido a RTVE. Desde septiembre de 2009."
2022,compensacion_pge,estado,442.872,false,"RTVE, Cuentas anuales CRTVE 2022, nota 16.1, columna 2022 (p. 57 del PDF) — https://www.rtve.es/contenidos/corporacion/2022_Cuentas_Anuales_Informe_de_Gesti%C3%B3n_y_EINF.pdf","Subvención por compensación por servicio público de los PGE, incluida la de la Orquesta y Coro de RTVE."
2022,otras_subvenciones_estado,estado,3.969,false,"RTVE, Cuentas anuales CRTVE 2022, nota 16.1, columna 2022 (p. 57 del PDF) — https://www.rtve.es/contenidos/corporacion/2022_Cuentas_Anuales_Informe_de_Gesti%C3%B3n_y_EINF.pdf","Resto de subvenciones de explotación de administraciones (Ministerio de Educación, simulcast, Next Generation, verificación, Instituto de la Mujer, FORCEM, Gobierno de Cantabria, «Otras»…). Las cuentas de 2023 reexpresan 2022 añadiendo 0,63 M€ (verificación y Next Generation) que no suman en el total impreso; se usa la nota de 2022."
2022,donaciones_titulos,no_publico,0.319,false,"RTVE, Cuentas anuales CRTVE 2022, nota 16.1, columna 2022 (p. 57 del PDF) — https://www.rtve.es/contenidos/corporacion/2022_Cuentas_Anuales_Informe_de_Gesti%C3%B3n_y_EINF.pdf",Derechos de emisión cedidos gratis; no es dinero público y no entra en los totales.
2022,aportacion_operadores_telecom,tasas_operadores,100.31,false,"RTVE, Cuentas anuales CRTVE 2022, nota 16.1, columna 2022 (p. 57 del PDF) — https://www.rtve.es/contenidos/corporacion/2022_Cuentas_Anuales_Informe_de_Gesti%C3%B3n_y_EINF.pdf","Ley 8/2009, art. 5: 0,9 % de los ingresos de los operadores de telecomunicaciones; suprimida con efectos en 2023 (Ley 13/2022)."
2022,aportacion_operadores_tv,tasas_operadores,59.887,false,"RTVE, Cuentas anuales CRTVE 2022, nota 16.1, columna 2022 (p. 57 del PDF) — https://www.rtve.es/contenidos/corporacion/2022_Cuentas_Anuales_Informe_de_Gesti%C3%B3n_y_EINF.pdf","Ley 8/2009, art. 6: 3 % de los ingresos de las TV privadas en abierto y 1,5 % de las de pago (suma de ambas filas de la nota; en 2016 la nota invierte las etiquetas abierto/pago)."
2022,tasa_espectro,tasas_operadores,410.0,false,"RTVE, Cuentas anuales CRTVE 2022, nota 16.1, columna 2022 (p. 57 del PDF) — https://www.rtve.es/contenidos/corporacion/2022_Cuentas_Anuales_Informe_de_Gesti%C3%B3n_y_EINF.pdf","Ley 8/2009, art. 4: 100 % del rendimiento de la tasa por reserva del dominio público radioeléctrico (con tope legal), cedido a RTVE. Desde septiembre de 2009."
2023,compensacion_pge,estado,489.552,false,"RTVE, Cuentas anuales CRTVE 2023, nota 16.1, columna 2023 (p. 57 del PDF) — https://www.rtve.es/contenidos/corporacion/2023_Cuentas_Anuales_Informe_de_Gesti%C3%B3n_y_EINF.pdf","Subvención por compensación por servicio público de los PGE, incluida la de la Orquesta y Coro de RTVE."
2023,otras_subvenciones_estado,estado,22.344,false,"RTVE, Cuentas anuales CRTVE 2023, nota 16.1, columna 2023 (p. 57 del PDF) — https://www.rtve.es/contenidos/corporacion/2023_Cuentas_Anuales_Informe_de_Gesti%C3%B3n_y_EINF.pdf","Resto de subvenciones de explotación de administraciones (Ministerio de Educación, simulcast, Next Generation, verificación, Instituto de la Mujer, FORCEM, Gobierno de Cantabria, «Otras»…)."
2023,donaciones_titulos,no_publico,0.207,false,"RTVE, Cuentas anuales CRTVE 2023, nota 16.1, columna 2023 (p. 57 del PDF) — https://www.rtve.es/contenidos/corporacion/2023_Cuentas_Anuales_Informe_de_Gesti%C3%B3n_y_EINF.pdf",Derechos de emisión cedidos gratis; no es dinero público y no entra en los totales.
2023,aportacion_operadores_tv,tasas_operadores,59.853,false,"RTVE, Cuentas anuales CRTVE 2023, nota 16.1, columna 2023 (p. 57 del PDF) — https://www.rtve.es/contenidos/corporacion/2023_Cuentas_Anuales_Informe_de_Gesti%C3%B3n_y_EINF.pdf","Ley 8/2009, art. 6: 3 % de los ingresos de las TV privadas en abierto y 1,5 % de las de pago (suma de ambas filas de la nota; en 2016 la nota invierte las etiquetas abierto/pago)."
2023,aportacion_tv_a_peticion,tasas_operadores,15.981,false,"RTVE, Cuentas anuales CRTVE 2023, nota 16.1, columna 2023 (p. 57 del PDF) — https://www.rtve.es/contenidos/corporacion/2023_Cuentas_Anuales_Informe_de_Gesti%C3%B3n_y_EINF.pdf",Ley 13/2022: aportación de los prestadores de TV a petición (plataformas) desde 2023.
2023,tasa_espectro,tasas_operadores,478.501,false,"RTVE, Cuentas anuales CRTVE 2023, nota 16.1, columna 2023 (p. 57 del PDF) — https://www.rtve.es/contenidos/corporacion/2023_Cuentas_Anuales_Informe_de_Gesti%C3%B3n_y_EINF.pdf","Ley 8/2009, art. 4: 100 % del rendimiento de la tasa por reserva del dominio público radioeléctrico (con tope legal), cedido a RTVE. Desde septiembre de 2009."
2024,compensacion_pge,estado,489.552,false,"RTVE, Cuentas anuales CRTVE 2024, nota 16.1, columna 2024 (p. 58 del PDF) — https://www.rtve.es/contenidos/corporacion/2024_Cuentas_Anuales_Informe_de_Gestion_y_EINF.pdf","Subvención por compensación por servicio público de los PGE, incluida la de la Orquesta y Coro de RTVE."
2024,compensacion_pge_extraordinaria,estado,100.0,true,"RTVE, Cuentas anuales CRTVE 2024, nota 16.1, columna 2024 (p. 58 del PDF) — https://www.rtve.es/contenidos/corporacion/2024_Cuentas_Anuales_Informe_de_Gestion_y_EINF.pdf","Parte de la compensación de 2024 por encima de la consignación ordinaria de 2023 (478,2 M€ + 11,3 de la Orquesta) con presupuestos prorrogados: 578,2 frente a 478,2 M€ (nota 1.4.3). Se trata como aportación extraordinaria de 100 M€."
2024,otras_subvenciones_estado,estado,26.522,false,"RTVE, Cuentas anuales CRTVE 2024, nota 16.1, columna 2024 (p. 58 del PDF) — https://www.rtve.es/contenidos/corporacion/2024_Cuentas_Anuales_Informe_de_Gestion_y_EINF.pdf","Resto de subvenciones de explotación de administraciones (Ministerio de Educación, simulcast, Next Generation, verificación, Instituto de la Mujer, FORCEM, Gobierno de Cantabria, «Otras»…)."
2024,donaciones_titulos,no_publico,0.189,false,"RTVE, Cuentas anuales CRTVE 2024, nota 16.1, columna 2024 (p. 58 del PDF) — https://www.rtve.es/contenidos/corporacion/2024_Cuentas_Anuales_Informe_de_Gestion_y_EINF.pdf",Derechos de emisión cedidos gratis; no es dinero público y no entra en los totales.
2024,aportacion_operadores_tv,tasas_operadores,66.191,false,"RTVE, Cuentas anuales CRTVE 2024, nota 16.1, columna 2024 (p. 58 del PDF) — https://www.rtve.es/contenidos/corporacion/2024_Cuentas_Anuales_Informe_de_Gestion_y_EINF.pdf","Ley 8/2009, art. 6: 3 % de los ingresos de las TV privadas en abierto y 1,5 % de las de pago (suma de ambas filas de la nota; en 2016 la nota invierte las etiquetas abierto/pago)."
2024,aportacion_tv_a_peticion,tasas_operadores,19.465,false,"RTVE, Cuentas anuales CRTVE 2024, nota 16.1, columna 2024 (p. 58 del PDF) — https://www.rtve.es/contenidos/corporacion/2024_Cuentas_Anuales_Informe_de_Gestion_y_EINF.pdf",Ley 13/2022: aportación de los prestadores de TV a petición (plataformas) desde 2023.
2024,tasa_espectro,tasas_operadores,480.0,false,"RTVE, Cuentas anuales CRTVE 2024, nota 16.1, columna 2024 (p. 58 del PDF) — https://www.rtve.es/contenidos/corporacion/2024_Cuentas_Anuales_Informe_de_Gestion_y_EINF.pdf","Ley 8/2009, art. 4: 100 % del rendimiento de la tasa por reserva del dominio público radioeléctrico (con tope legal), cedido a RTVE. Desde septiembre de 2009."
2025,compensacion_pge,estado,552.552,false,"RTVE, Cuentas anuales CRTVE 2025, nota 16.1, columna 2025 (p. 57 del PDF) — https://www.rtve.es/contenidos/corporacion/2025_Cuentas_Anuales_Informe_de_Gestion_y_EINF.pdf","Subvención por compensación por servicio público de los PGE, incluida la de la Orquesta y Coro de RTVE."
2025,otras_subvenciones_estado,estado,21.501,false,"RTVE, Cuentas anuales CRTVE 2025, nota 16.1, columna 2025 (p. 57 del PDF) — https://www.rtve.es/contenidos/corporacion/2025_Cuentas_Anuales_Informe_de_Gestion_y_EINF.pdf","Resto de subvenciones de explotación de administraciones (Ministerio de Educación, simulcast, Next Generation, verificación, Instituto de la Mujer, FORCEM, Gobierno de Cantabria, «Otras»…)."
2025,donaciones_titulos,no_publico,0.232,false,"RTVE, Cuentas anuales CRTVE 2025, nota 16.1, columna 2025 (p. 57 del PDF) — https://www.rtve.es/contenidos/corporacion/2025_Cuentas_Anuales_Informe_de_Gestion_y_EINF.pdf",Derechos de emisión cedidos gratis; no es dinero público y no entra en los totales.
2025,aportacion_operadores_tv,tasas_operadores,63.33,false,"RTVE, Cuentas anuales CRTVE 2025, nota 16.1, columna 2025 (p. 57 del PDF) — https://www.rtve.es/contenidos/corporacion/2025_Cuentas_Anuales_Informe_de_Gestion_y_EINF.pdf","Ley 8/2009, art. 6: 3 % de los ingresos de las TV privadas en abierto y 1,5 % de las de pago (suma de ambas filas de la nota; en 2016 la nota invierte las etiquetas abierto/pago)."
2025,aportacion_tv_a_peticion,tasas_operadores,22.57,false,"RTVE, Cuentas anuales CRTVE 2025, nota 16.1, columna 2025 (p. 57 del PDF) — https://www.rtve.es/contenidos/corporacion/2025_Cuentas_Anuales_Informe_de_Gestion_y_EINF.pdf",Ley 13/2022: aportación de los prestadores de TV a petición (plataformas) desde 2023.
2025,tasa_espectro,tasas_operadores,480.0,false,"RTVE, Cuentas anuales CRTVE 2025, nota 16.1, columna 2025 (p. 57 del PDF) — https://www.rtve.es/contenidos/corporacion/2025_Cuentas_Anuales_Informe_de_Gestion_y_EINF.pdf","Ley 8/2009, art. 4: 100 % del rendimiento de la tasa por reserva del dominio público radioeléctrico (con tope legal), cedido a RTVE. Desde septiembre de 2009."
