cod_mun,municipio,anio,turismo_menos_8,turismo_8_12,turismo_12_16,turismo_16_20,turismo_20_mas
03014,Alicante/Alacant,2026,22.28,60.47,128.37,162.32,204.75
03030,Benidoleig,2026,12.62,34.08,71.94,89.61,112.00
03069,Finestrat,2026,12.62,34.08,71.94,89.61,112.00
07019,Escorca,2026,13.00,35.00,72.00,90.00,112.00
07040,Palma,2026,23.61,68.16,143.88,179.22,224.00
08002,Aguilar de Segarra,2026,12.62,34.08,71.94,89.61,112.00
08019,Barcelona,2026,25.24,68.16,143.88,179.22,224.00
08114,Martorell,2026,25.21,68.09,143.74,179.04,223.78
08178,Rajadell,2026,12.62,34.08,71.94,89.61,112.00
12040,Castelló de la Plana,2026,24.23,65.43,138.12,172.05,215.04
12103,la Serratella,2026,12.62,34.08,71.94,89.61,112.00
28006,Alcobendas,2026,18.85,45.30,93.75,135.45,163.95
28022,Boadilla del Monte,2026,12.62,34.08,71.94,89.61,112.00
28026,Brunete,2025,12.62,34.08,71.94,89.61,112.00
28046,Collado Mediano,2026,12.62,34.08,71.94,89.61,112.00
28069,La Hiruela,2026,12.62,34.08,71.94,89.61,112.00
28079,Madrid,2026,20.00,59.00,129.00,179.00,224.00
28080,Majadahonda,2026,12.62,34.08,71.94,89.61,112.00
28090,Moralzarzal,2026,12.62,34.08,71.94,89.61,112.00
28093,Navacerrada,2026,12.62,34.08,71.94,89.61,112.00
28107,Patones,2026,12.62,34.08,71.94,89.61,112.00
28125,Robledo de Chavela,2026,12.62,34.08,71.94,89.62,112.00
28128,Rozas de Puerto Real,2026,12.62,34.08,71.94,89.61,112.00
28151,Torrelaguna,2026,3.16,8.52,17.99,22.41,28.00
28169,Venturada,2026,12.62,34.08,71.94,89.61,112.00
29067,Málaga,2026,24.35,65.80,138.90,173.05,216.25
29074,Montejaque,2026,12.62,34.08,71.94,89.61,112.00
30030,Murcia,2026,24.71,68.16,143.88,179.22,224.00
35016,Las Palmas de Gran Canaria,2026,20.95,56.57,119.42,148.75,185.92
35025,Tejeda,2026,12.62,34.08,71.94,89.61,112.00
45021,Borox,2026,12.62,34.08,71.94,89.61,112.00
45168,Toledo,2026,22.97,62.03,130.93,178.50,223.10
46250,València,2026,21.20,58.87,128.05,167.27,219.01
