marca_dgt,ambito,marca,grupo
PEUGEOT,,PEUGEOT,Stellantis
CITROEN,,CITROEN,Stellantis
OPEL,,OPEL,Stellantis
FIAT,,FIAT,Stellantis
JEEP,,JEEP,Stellantis
DS,,DS,Stellantis
ALFA ROMEO,,ALFA ROMEO,Stellantis
LANCIA,,LANCIA,Stellantis
ABARTH,,ABARTH,Stellantis
MASERATI,,MASERATI,Stellantis
CHRYSLER,,CHRYSLER,Stellantis
DODGE,,DODGE,Stellantis
RAM,,RAM,Stellantis
VOLKSWAGEN,,VOLKSWAGEN,Volkswagen
"VOLKSWAGEN, VW",,VOLKSWAGEN,Volkswagen
VOLKSWAGEN VW,,VOLKSWAGEN,Volkswagen
VOLKSWAGEN V W,,VOLKSWAGEN,Volkswagen
VW,,VOLKSWAGEN,Volkswagen
SEAT,,SEAT,Volkswagen
CUPRA,,CUPRA,Volkswagen
AUDI,,AUDI,Volkswagen
SKODA,,SKODA,Volkswagen
PORSCHE,,PORSCHE,Volkswagen
BENTLEY,,BENTLEY,Volkswagen
LAMBORGHINI,,LAMBORGHINI,Volkswagen
AUTOMOBILI LAMBORGHINI S.P.A.,,LAMBORGHINI,Volkswagen
DUCATI,,DUCATI,Volkswagen
MAN,,MAN,Volkswagen
SCANIA,,SCANIA,Volkswagen
RENAULT,,RENAULT,Renault
DACIA,,DACIA,Renault
ALPINE,,ALPINE,Renault
TOYOTA,,TOYOTA,Toyota
LEXUS,,LEXUS,Toyota
HYUNDAI,,HYUNDAI,Hyundai
KIA,,KIA,Hyundai
GENESIS,,GENESIS,Hyundai
BMW,,BMW,BMW
BAYER.MOT.WERKE-BMW,,BMW,BMW
MINI,,MINI,BMW
ROLLS-ROYCE,,ROLLS-ROYCE,BMW
MERCEDES-BENZ,,MERCEDES-BENZ,Mercedes-Benz
MERCEDES,,MERCEDES-BENZ,Mercedes-Benz
MERCEDES-AMG,,MERCEDES-BENZ,Mercedes-Benz
VOLVO,,VOLVO,Geely
POLESTAR,,POLESTAR,Geely
LYNK&CO,,LYNK & CO,Geely
LYNK & CO,,LYNK & CO,Geely
ZEEKR,,ZEEKR,Geely
GEELY,,GEELY,Geely
LOTUS,,LOTUS,Geely
SMART,,SMART,Geely
LIVAN,,LIVAN,Geely
MG,,MG,SAIC
MAXUS,,MAXUS,SAIC
OMODA,,OMODA,Chery
JAECOO,,JAECOO,Chery
CHERY,,CHERY,Chery
EXLANTIX,,EXLANTIX,Chery
BYD,,BYD,BYD
DENZA,,DENZA,BYD
DEEPAL,,DEEPAL,Changan
CHANGAN,,CHANGAN,Changan
LAND ROVER,,LAND ROVER,Tata
JAGUAR,,JAGUAR,Tata
FORD,,FORD,Ford
LINCOLN,,LINCOLN,Ford
MUSTANG,,FORD,Ford
NISSAN,,NISSAN,Nissan
INFINITI,,INFINITI,Nissan
HONDA,,HONDA,Honda
ACURA,,ACURA,Honda
CHEVROLET,,CHEVROLET,General Motors
BUICK,,BUICK,General Motors
CADILLAC,,CADILLAC,General Motors
GMC,,GMC,General Motors
KG MOBILITY,,KG MOBILITY,KG Mobility
SSANGYONG,,KG MOBILITY,KG Mobility
GREAT WALL MOTOR COMPANY LIMIT,,GREAT WALL,Great Wall
GREAT WALL,,GREAT WALL,Great Wall
ORA,,ORA,Great Wall
WEY,,WEY,Great Wall
DONGFENG,,DONGFENG,Dongfeng
VOYAH,,VOYAH,Dongfeng
DFSK,,DFSK,Dongfeng
AION,,AION,GAC
DR,,DR,DR Automobiles
EVO,,EVO,DR Automobiles
SWM,,SWM,Shineray
SHINERAY,,SHINERAY,Shineray
IVECO BUS,,IVECO,Iveco
IVECO,,IVECO,Iveco
IRIZAR E-MOBILITY,,IRIZAR,Irizar
CARROCERA CASTROSUA SA,,CASTROSUA,Castrosua
CASTROSUA,,CASTROSUA,Castrosua
SETRA,,SETRA,Daimler Truck
FUSO,,FUSO,Daimler Truck
MERCEDES-BENZ,pesados,MERCEDES-BENZ,Daimler Truck
MERCEDES,pesados,MERCEDES-BENZ,Daimler Truck
VOLVO,pesados,VOLVO,AB Volvo
RENAULT,pesados,RENAULT TRUCKS,AB Volvo
RENAULT TRUCKS,,RENAULT TRUCKS,AB Volvo
DAF,,DAF,Paccar
PEUGEOT,motocicleta,PEUGEOT,Mahindra
PIAGGIO,motocicleta,PIAGGIO,Piaggio
VESPA,,VESPA,Piaggio
APRILIA,,APRILIA,Piaggio
MOTO GUZZI,,MOTO GUZZI,Piaggio
S.Y.M,,SYM,SYM
SYM,,SYM,SYM
GAS-GAS,,GASGAS,KTM
GAS GAS,,GASGAS,KTM
GASGAS,,GASGAS,KTM
KTM,,KTM,KTM
HUSQVARNA,motocicleta,HUSQVARNA,KTM
HARLEY DAVIDSON,,HARLEY-DAVIDSON,Harley-Davidson
HARLEY-DAVIDSON,,HARLEY-DAVIDSON,Harley-Davidson
INDIAN MOTORCYCLE,,INDIAN,Polaris
AUTOMOBILES PEUGEOT,,PEUGEOT,Stellantis
STELLANTIS EUROPE S.P.A,,STELLANTIS (SIN MARCA),Stellantis
STELLANTIS AUTO SAS,,STELLANTIS (SIN MARCA),Stellantis
FARIZON,,FARIZON,Geely
YUTONG,,YUTONG,Yutong
KING LONG,,KING LONG,King Long
