partido_original,mandato,cod_mun,familia,siglas_familia,color,ambito,regla
PSOE,,,PSOE,PSOE,#e30613,estatal,9
PP,,,PP,PP,#1d84ce,estatal,10
IND,,,Independientes y locales,Ind.,#9ca3af,local,3
CIU,,,Junts / CiU,Junts,#20c0b2,autonómico,20
UCD,,,UCD,UCD,#2f9c95,estatal,14
OTROS,,,Sin detalle en la fuente,S/D,#d1d5db,local,1
AP PDP UL,,,PP,PP,#1d84ce,estatal,11
AP,,,PP,PP,#1d84ce,estatal,11
PAR,,,PAR,PAR,#d4a017,autonómico,25
C ELECTORAL,,,Sin detalle en la fuente,S/D,#d1d5db,local,1
IU,,,"IU, Podemos y Sumar",IU-Podemos-Sumar,#7b2d8e,estatal,16
PNV,,,PNV,PNV,#006b2d,autonómico,17
UC CDS,,,CDS,CDS,#9e9d24,estatal,15
CDS,,,CDS,CDS,#9e9d24,estatal,15
ERC,,,ERC,ERC,#ffb232,autonómico,7
PCE,,,"IU, Podemos y Sumar",IU-Podemos-Sumar,#7b2d8e,estatal,16
C GEST,,,Comisión gestora,Gestora,#4b5563,local,2
CM,,,Junts / CiU,Junts,#20c0b2,autonómico,5
C S,,,Ciudadanos,Cs,#eb6109,estatal,13
UPN,,,UPN,UPN,#3949ab,autonómico,24
PA,,,Partido Andalucista,PA,#3cb371,autonómico,32
PRC,,,PRC,PRC,#9acd32,autonómico,27
BILDU EA,,,EH Bildu (e izquierda abertzale),EH Bildu,#a8c81c,autonómico,18
PSOE A,,,PSOE,PSOE,#e30613,estatal,9
N ADS,,,Independientes y locales,Ind.,#9ca3af,local,3
EAJ PNV,,,PNV,PNV,#006b2d,autonómico,17
BNG,,,BNG,BNG,#76b3dd,autonómico,23
CD,,,PP,PP,#1d84ce,estatal,11
CC,,,Coalición Canaria,CC,#ffd700,autonómico,22
EA,,,Eusko Alkartasuna,EA,#c2185b,autonómico,19
PDP,,,PP,PP,#1d84ce,estatal,11
EH BILDU,,,EH Bildu (e izquierda abertzale),EH Bildu,#a8c81c,autonómico,18
CHA,,,CHA,CHA,#1f7a4d,autonómico,26
BILDU,,,EH Bildu (e izquierda abertzale),EH Bildu,#a8c81c,autonómico,18
PDL,,,PP,PP,#1d84ce,estatal,11
HB,,,EH Bildu (e izquierda abertzale),EH Bildu,#a8c81c,autonómico,18
UPL,,,UPL,UPL,#8e2c48,autonómico,30
PSDEG PSOE,,,PSOE,PSOE,#e30613,estatal,9
ERC AM,,,ERC,ERC,#ffb232,autonómico,7
BLOC,,,Compromís,Compromís,#f29100,autonómico,34
UV,,,Unió Valenciana,UV,#0077b6,autonómico,33
CG,,,Otros partidos,Otros,#6d4c41,autonómico,37
PSC CP,,,PSOE,PSOE,#e30613,estatal,8
EU,,,"IU, Podemos y Sumar",IU-Podemos-Sumar,#7b2d8e,estatal,16
EH,,,EH Bildu (e izquierda abertzale),EH Bildu,#a8c81c,autonómico,18
CPG,,,Otros partidos,Otros,#6d4c41,autonómico,37
UM,,,Otros partidos,Otros,#6d4c41,autonómico,36
UPCA,,,Otros partidos,Otros,#6d4c41,autonómico,39
ACORD PER GUANYAR,,,Compromís,Compromís,#f29100,autonómico,34
VOX,,,Vox,Vox,#5ac035,estatal,12
PSUC,,,"IU, Podemos y Sumar",IU-Podemos-Sumar,#7b2d8e,estatal,16
ATI,,,Coalición Canaria,CC,#ffd700,autonómico,22
CS,,,Ciudadanos,Cs,#eb6109,estatal,13
ANV,,,EH Bildu (e izquierda abertzale),EH Bildu,#a8c81c,autonómico,18
EAJ PNV EA,,,PNV,PNV,#006b2d,autonómico,17
PR,,,Otros partidos,Otros,#6d4c41,autonómico,35
XAV,,,Otros partidos,Otros,#6d4c41,autonómico,39
CON ANDALUCIA,,,"IU, Podemos y Sumar",IU-Podemos-Sumar,#7b2d8e,estatal,16
P R C,,,PRC,PRC,#9acd32,autonómico,27
AHORA,,,Independientes y locales,Ind.,#9ca3af,local,0
U P L,,,UPL,UPL,#8e2c48,autonómico,30
B N G,,,BNG,BNG,#76b3dd,autonómico,23
URCL,,,Otros partidos,Otros,#6d4c41,autonómico,39
AHORA DECIDE,,,Otros partidos,Otros,#6d4c41,autonómico,39
CCA,,,Coalición Canaria,CC,#ffd700,autonómico,22
CIGA,,,Otros partidos,Otros,#6d4c41,autonómico,37
CS TU ARAGON,,,Ciudadanos,Cs,#eb6109,estatal,13
PSN PSOE,,,PSOE,PSOE,#e30613,estatal,9
EL PI,,,Otros partidos,Otros,#6d4c41,autonómico,36
GM,,,Independientes y locales,Ind.,#9ca3af,local,0
CCA PNC,,,Coalición Canaria,CC,#ffd700,autonómico,22
FAC,,,Foro Asturias,Foro,#1565c0,autonómico,29
P P SO,,,Otros partidos,Otros,#6d4c41,autonómico,39
P RIOJANO,,,Otros partidos,Otros,#6d4c41,autonómico,35
PARA LA GENTE,,,Independientes y locales,Ind.,#9ca3af,local,0
AM,,,ERC,ERC,#ffb232,autonómico,7
C GESTORA,,,Comisión gestora,Gestora,#4b5563,local,2
EXISTE,,,Teruel Existe y España Vaciada,TE-EV,#2e7d32,autonómico,28
PCAL,,,Otros partidos,Otros,#6d4c41,autonómico,39
PTE,,,Otros partidos,Otros,#6d4c41,estatal,40
PSM,,,Otros partidos,Otros,#6d4c41,autonómico,36
UPV,,,Compromís,Compromís,#f29100,autonómico,34
VB,,,Independientes y locales,Ind.,#9ca3af,local,0
EXTREMENOS,,,Otros partidos,Otros,#6d4c41,autonómico,39
CP,,,PSOE,PSOE,#e30613,estatal,8
PSE EE PSOE,,,PSOE,PSOE,#e30613,estatal,9
ERC ESQUERRA,,,ERC,ERC,#ffb232,autonómico,7
UCIN,,,Independientes y locales,Ind.,#9ca3af,local,0
ZSI,,,Otros partidos,Otros,#6d4c41,autonómico,39
CIUDADANOS TU ARAGON,,,Ciudadanos,Cs,#eb6109,estatal,13
UA,,,Independientes y locales,Ind.,#9ca3af,local,0
UPYD,,,Otros partidos,Otros,#6d4c41,estatal,40
ARAGON EXISTE,,,Teruel Existe y España Vaciada,TE-EV,#2e7d32,autonómico,28
EE,,,Otros partidos,Otros,#6d4c41,autonómico,39
I U,,,"IU, Podemos y Sumar",IU-Podemos-Sumar,#7b2d8e,estatal,16
PL,,,Otros partidos,Otros,#6d4c41,estatal,40
ARA PL,,,Otros partidos,Otros,#6d4c41,autonómico,4
COMPROMISO CON ARAGON,,,Independientes y locales,Ind.,#9ca3af,local,0
GITV,,,Independientes y locales,Ind.,#9ca3af,local,0
IU ANDALUCIA,,,"IU, Podemos y Sumar",IU-Podemos-Sumar,#7b2d8e,estatal,16
IU MAS PAIS IAS,,,"IU, Podemos y Sumar",IU-Podemos-Sumar,#7b2d8e,estatal,16
MES,,,Otros partidos,Otros,#6d4c41,autonómico,36
URAS,,,Otros partidos,Otros,#6d4c41,autonómico,39
AXSI,,,Partido Andalucista,PA,#3cb371,autonómico,32
CNG,,,Otros partidos,Otros,#6d4c41,autonómico,37
LEVANTA,,,Independientes y locales,Ind.,#9ca3af,local,0
PLRI,,,Otros partidos,Otros,#6d4c41,autonómico,35
AIA,,,Independientes y locales,Ind.,#9ca3af,local,0
ENS UNEIX,,,Independientes y locales,Ind.,#9ca3af,local,0
EUPV VERDS,,,"IU, Podemos y Sumar",IU-Podemos-Sumar,#7b2d8e,estatal,16
PNTAV,,,Otros partidos,Otros,#6d4c41,autonómico,39
UPSA,,,Otros partidos,Otros,#6d4c41,autonómico,39
ARAGONESES PLATAFORMA ARAGONESISTA,,,Otros partidos,Otros,#6d4c41,autonómico,39
ASG,,,Otros partidos,Otros,#6d4c41,autonómico,38
CUP AMUNT,,,CUP,CUP,#f2e205,autonómico,6
ESPANA VACIADA,,,Teruel Existe y España Vaciada,TE-EV,#2e7d32,autonómico,28
ESQUERRA REPUBLICANA DE CATALUNYA ACORD MUNICIPAL,,,ERC,ERC,#ffb232,autonómico,7
GANEMOS,,,Independientes y locales,Ind.,#9ca3af,local,0
IU PODEMOS AV UNIDAS,,,"IU, Podemos y Sumar",IU-Podemos-Sumar,#7b2d8e,estatal,16
PREX CE,,,Otros partidos,Otros,#6d4c41,autonómico,39
UA PSC CP,,,PSOE,PSOE,#e30613,estatal,8
A R G A,,,Independientes y locales,Ind.,#9ca3af,local,0
AEV,,,Independientes y locales,Ind.,#9ca3af,local,0
AV,,,Independientes y locales,Ind.,#9ca3af,local,0
CONTIGO,,,Independientes y locales,Ind.,#9ca3af,local,0
CU EV,,,Independientes y locales,Ind.,#9ca3af,local,0
EV PCAS TC,,,Independientes y locales,Ind.,#9ca3af,local,0
FORO ASTURIAS,,,Foro Asturias,Foro,#1565c0,autonómico,29
NABAI,,,Geroa Bai,GBai,#e5503c,autonómico,31
POR MI PUEBLO,,,Independientes y locales,Ind.,#9ca3af,local,0
PSIB PSOE,,,PSOE,PSOE,#e30613,estatal,9
AIE,,,Independientes y locales,Ind.,#9ca3af,local,0
AM AM,,,ERC,ERC,#ffb232,autonómico,7
AVI,,,Independientes y locales,Ind.,#9ca3af,local,0
C A,,,Independientes y locales,Ind.,#9ca3af,local,0
EUPV ADELANTE,,,"IU, Podemos y Sumar",IU-Podemos-Sumar,#7b2d8e,estatal,16
FORO,,,Foro Asturias,Foro,#1565c0,autonómico,29
IC,,,Independientes y locales,Ind.,#9ca3af,local,0
IPA,,,Independientes y locales,Ind.,#9ca3af,local,0
IXA AM,,,ERC,ERC,#ffb232,autonómico,7
JUNTS,,,Junts / CiU,Junts,#20c0b2,autonómico,20
NO CONSTA,,,Sin detalle en la fuente,S/D,#d1d5db,local,1
PCC,,,Otros partidos,Otros,#6d4c41,estatal,40
PODEMOS,,,"IU, Podemos y Sumar",IU-Podemos-Sumar,#7b2d8e,estatal,16
PSC,,,PSOE,PSOE,#e30613,estatal,8
SUMEM AM,,,ERC,ERC,#ffb232,autonómico,7
UD CA,,,Independientes y locales,Ind.,#9ca3af,local,0
UNIDAS,,,"IU, Podemos y Sumar",IU-Podemos-Sumar,#7b2d8e,estatal,16
UNIDAS IU PODEMOS,,,"IU, Podemos y Sumar",IU-Podemos-Sumar,#7b2d8e,estatal,16
A E E,,,Independientes y locales,Ind.,#9ca3af,local,0
A I L,,,Independientes y locales,Ind.,#9ca3af,local,0
AA,,,Independientes y locales,Ind.,#9ca3af,local,0
AB,,,Independientes y locales,Ind.,#9ca3af,local,0
ACDC,,,Independientes y locales,Ind.,#9ca3af,local,0
AEA,,,Independientes y locales,Ind.,#9ca3af,local,0
AEH,,,Independientes y locales,Ind.,#9ca3af,local,0
AEN,,,Independientes y locales,Ind.,#9ca3af,local,0
AHORA INDEPENDIENTES,,,Independientes y locales,Ind.,#9ca3af,local,0
AIL,,,Independientes y locales,Ind.,#9ca3af,local,0
AIM,,,Independientes y locales,Ind.,#9ca3af,local,0
APC,,,Independientes y locales,Ind.,#9ca3af,local,0
AS AM,,,ERC,ERC,#ffb232,autonómico,7
AT,,,Independientes y locales,Ind.,#9ca3af,local,0
AV AM,,,ERC,ERC,#ffb232,autonómico,7
C I O,,,Independientes y locales,Ind.,#9ca3af,local,0
CDA PNA,,,Independientes y locales,Ind.,#9ca3af,local,0
COMPROMIS,,,Compromís,Compromís,#f29100,autonómico,34
EA AM,,,ERC,ERC,#ffb232,autonómico,7
EUPV ENDAVANT,,,"IU, Podemos y Sumar",IU-Podemos-Sumar,#7b2d8e,estatal,16
G A,,,Independientes y locales,Ind.,#9ca3af,local,0
GBAI,,,Geroa Bai,GBai,#e5503c,autonómico,31
GEROA BAI,,,Geroa Bai,GBai,#e5503c,autonómico,31
GUANYEM,,,"IU, Podemos y Sumar",IU-Podemos-Sumar,#7b2d8e,estatal,16
HERRIARENGATIK,,,Independientes y locales,Ind.,#9ca3af,local,0
I,,,Independientes y locales,Ind.,#9ca3af,local,0
IAG,,,Independientes y locales,Ind.,#9ca3af,local,0
IF,,,Independientes y locales,Ind.,#9ca3af,local,0
IPC AM,,,ERC,ERC,#ffb232,autonómico,7
IPM AM,,,ERC,ERC,#ffb232,autonómico,7
IPV,,,Independientes y locales,Ind.,#9ca3af,local,0
IXT AM,,,ERC,ERC,#ffb232,autonómico,7
IXV AM,,,ERC,ERC,#ffb232,autonómico,7
J U E X,,,Independientes y locales,Ind.,#9ca3af,local,0
JV,,,Independientes y locales,Ind.,#9ca3af,local,0
JXP,,,Independientes y locales,Ind.,#9ca3af,local,0
M,,,Independientes y locales,Ind.,#9ca3af,local,0
NC FAC,,,Otros partidos,Otros,#6d4c41,autonómico,38
PARTIT DELS SOCIALISTES DE CATALUNYA CANDIDATURA DE PROGRES PSC CP,,,PSOE,PSOE,#e30613,estatal,8
SA,,,Independientes y locales,Ind.,#9ca3af,local,0
SM AMUNT,,,CUP,CUP,#f2e205,autonómico,6
SOMOS CC,,,Independientes y locales,Ind.,#9ca3af,local,0
SP AMUNT,,,CUP,CUP,#f2e205,autonómico,6
SP CUP AMUNT,,,CUP,CUP,#f2e205,autonómico,6
TLP,,,Independientes y locales,Ind.,#9ca3af,local,0
UNIDAS IU,,,"IU, Podemos y Sumar",IU-Podemos-Sumar,#7b2d8e,estatal,16
UPG,,,Independientes y locales,Ind.,#9ca3af,local,0
XH,,,Independientes y locales,Ind.,#9ca3af,local,0
100 ALHAURIN,,,Independientes y locales,Ind.,#9ca3af,local,0
100 RJ,,,Independientes y locales,Ind.,#9ca3af,local,0
A A T,,,Independientes y locales,Ind.,#9ca3af,local,0
A AM,,,ERC,ERC,#ffb232,autonómico,7
A B,,,Independientes y locales,Ind.,#9ca3af,local,0
A B Z,,,Independientes y locales,Ind.,#9ca3af,local,0
A C U A,,,Independientes y locales,Ind.,#9ca3af,local,0
A D E POR LUESIA,,,Independientes y locales,Ind.,#9ca3af,local,0
A DEIA,,,Independientes y locales,Ind.,#9ca3af,local,0
A E,,,Independientes y locales,Ind.,#9ca3af,local,0
A E A,,,Independientes y locales,Ind.,#9ca3af,local,0
A E AMARRAIN,,,Independientes y locales,Ind.,#9ca3af,local,0
A E BENADALID UNIDO,,,Independientes y locales,Ind.,#9ca3af,local,0
A E EGIEDER,,,Independientes y locales,Ind.,#9ca3af,local,0
A E GARBISA,,,Independientes y locales,Ind.,#9ca3af,local,0
A E I COMUNIDAD CINTORA,,,Independientes y locales,Ind.,#9ca3af,local,0
A E I L,,,Independientes y locales,Ind.,#9ca3af,local,0
A E IZPEA,,,Independientes y locales,Ind.,#9ca3af,local,0
A E L,,,Independientes y locales,Ind.,#9ca3af,local,0
A E LA HIRUELA,,,Independientes y locales,Ind.,#9ca3af,local,0
A E M I,,,Independientes y locales,Ind.,#9ca3af,local,0
A E P,,,Independientes y locales,Ind.,#9ca3af,local,0
A E PAUSOZ PAUSO,,,Independientes y locales,Ind.,#9ca3af,local,0
A E TXANTXALAN ORBAIZETA,,,Independientes y locales,Ind.,#9ca3af,local,0
A H B,,,Independientes y locales,Ind.,#9ca3af,local,0
A H I,,,Independientes y locales,Ind.,#9ca3af,local,0
A H T,,,Independientes y locales,Ind.,#9ca3af,local,0
A I A,,,Independientes y locales,Ind.,#9ca3af,local,0
A I A D C,,,Independientes y locales,Ind.,#9ca3af,local,0
A I ALMIRADIO NAVASCUES,,,Independientes y locales,Ind.,#9ca3af,local,0
A I B,,,Independientes y locales,Ind.,#9ca3af,local,0
A I BERRENDI,,,Independientes y locales,Ind.,#9ca3af,local,0
A I C,,,Independientes y locales,Ind.,#9ca3af,local,0
A I E E,,,Independientes y locales,Ind.,#9ca3af,local,0
A I N M,,,Independientes y locales,Ind.,#9ca3af,local,0
A I O,,,Independientes y locales,Ind.,#9ca3af,local,0
A I S,,,Independientes y locales,Ind.,#9ca3af,local,0
A I S M,,,Independientes y locales,Ind.,#9ca3af,local,0
A I S U,,,Independientes y locales,Ind.,#9ca3af,local,0
A I SADA,,,Independientes y locales,Ind.,#9ca3af,local,0
A I T,,,Independientes y locales,Ind.,#9ca3af,local,0
A I T A,,,Independientes y locales,Ind.,#9ca3af,local,0
A I UTERGA,,,Independientes y locales,Ind.,#9ca3af,local,0
A M,,,Independientes y locales,Ind.,#9ca3af,local,0
A N,,,Independientes y locales,Ind.,#9ca3af,local,0
A R E I,,,Independientes y locales,Ind.,#9ca3af,local,0
A T,,,Independientes y locales,Ind.,#9ca3af,local,0
A V D P,,,Independientes y locales,Ind.,#9ca3af,local,0
AA AM,,,ERC,ERC,#ffb232,autonómico,7
AA XTU,,,Independientes y locales,Ind.,#9ca3af,local,0
AAE,,,Independientes y locales,Ind.,#9ca3af,local,0
AB BA,,,Independientes y locales,Ind.,#9ca3af,local,0
ABB,,,Independientes y locales,Ind.,#9ca3af,local,0
ABOTSANITZ,,,Independientes y locales,Ind.,#9ca3af,local,0
AC,,,Independientes y locales,Ind.,#9ca3af,local,0
ACI,,,Independientes y locales,Ind.,#9ca3af,local,0
ACIEB AM,,,ERC,ERC,#ffb232,autonómico,7
ACR SP AMUNT,,,CUP,CUP,#f2e205,autonómico,6
ACS,,,Independientes y locales,Ind.,#9ca3af,local,0
ACUERDO PARA GANAR,,,Independientes y locales,Ind.,#9ca3af,local,0
AD AM,,,ERC,ERC,#ffb232,autonómico,7
AD E AM,,,ERC,ERC,#ffb232,autonómico,7
AD EG,,,Independientes y locales,Ind.,#9ca3af,local,0
AD EPDSE,,,Independientes y locales,Ind.,#9ca3af,local,0
ADANGON,,,Independientes y locales,Ind.,#9ca3af,local,0
ADE SA,,,Independientes y locales,Ind.,#9ca3af,local,0
ADELANTE ARELLANO,,,Independientes y locales,Ind.,#9ca3af,local,0
ADEPART,,,Independientes y locales,Ind.,#9ca3af,local,0
AE AUSEJO,,,Independientes y locales,Ind.,#9ca3af,local,0
AEAR,,,Independientes y locales,Ind.,#9ca3af,local,0
AEB,,,Independientes y locales,Ind.,#9ca3af,local,0
AEC,,,Independientes y locales,Ind.,#9ca3af,local,0
AECOTANES,,,Independientes y locales,Ind.,#9ca3af,local,0
AEF,,,Independientes y locales,Ind.,#9ca3af,local,0
AEI,,,Independientes y locales,Ind.,#9ca3af,local,0
AEIL,,,Independientes y locales,Ind.,#9ca3af,local,0
AEIS,,,Independientes y locales,Ind.,#9ca3af,local,0
AEIUA,,,Independientes y locales,Ind.,#9ca3af,local,0
AEIVA,,,Independientes y locales,Ind.,#9ca3af,local,0
AELB,,,Independientes y locales,Ind.,#9ca3af,local,0
AEMI,,,Independientes y locales,Ind.,#9ca3af,local,0
AEPA,,,Independientes y locales,Ind.,#9ca3af,local,0
AEPTB,,,Independientes y locales,Ind.,#9ca3af,local,0
AERA,,,Independientes y locales,Ind.,#9ca3af,local,0
AES,,,Independientes y locales,Ind.,#9ca3af,local,0
AESE,,,Independientes y locales,Ind.,#9ca3af,local,0
AEST,,,Independientes y locales,Ind.,#9ca3af,local,0
AET,,,Independientes y locales,Ind.,#9ca3af,local,0
AEVC,,,Independientes y locales,Ind.,#9ca3af,local,0
AEVG,,,Independientes y locales,Ind.,#9ca3af,local,0
AGD,,,Independientes y locales,Ind.,#9ca3af,local,0
AGEIZIA,,,Independientes y locales,Ind.,#9ca3af,local,0
AGELINVIC,,,Independientes y locales,Ind.,#9ca3af,local,0
AGEREGI,,,Independientes y locales,Ind.,#9ca3af,local,0
AGIH,,,Independientes y locales,Ind.,#9ca3af,local,0
AGL A,,,Independientes y locales,Ind.,#9ca3af,local,0
AGRELSAN,,,Independientes y locales,Ind.,#9ca3af,local,0
AGRUPACIO D ELECTORS PRIMER ALCOLETGE,,,Independientes y locales,Ind.,#9ca3af,local,0
AGRUPACIO PIC,,,Independientes y locales,Ind.,#9ca3af,local,0
AGRUPACION BURDINDOGI,,,Independientes y locales,Ind.,#9ca3af,local,0
AGRUPACION DE ELECTORES ALTERNATIVA POR HIGUERA,,,Independientes y locales,Ind.,#9ca3af,local,0
AGRUPACION DE ELECTORES ALTERNATIVA VECINAL,,,Independientes y locales,Ind.,#9ca3af,local,0
AGRUPACION DE ELECTORES DE PRADO,,,Independientes y locales,Ind.,#9ca3af,local,0
AGRUPACION DE ELECTORES DE TRICIO,,,Independientes y locales,Ind.,#9ca3af,local,0
AGRUPACION DE ELECTORES GRUPO INDEPENDIENTE DE SAN MIGUEL DEL VALLE,,,Independientes y locales,Ind.,#9ca3af,local,0
AGRUPACION DE ELECTORES IDOIA,,,Independientes y locales,Ind.,#9ca3af,local,0
AGRUPACION DE ELECTORES INDEPENDIENTES DE CIMANES DEL TEJAR,,,Independientes y locales,Ind.,#9ca3af,local,0
AGRUPACION DE ELECTORES INDEPENDIENTES DE VILLALUENGA,,,Independientes y locales,Ind.,#9ca3af,local,0
AGRUPACION DE ELECTORES JUNTOS POR LOSA,,,Independientes y locales,Ind.,#9ca3af,local,0
AGRUPACION DE ELECTORES POR EL CAMBIO,,,Independientes y locales,Ind.,#9ca3af,local,0
AGRUPACION DE ELECTORES ZANZALAETA,,,Independientes y locales,Ind.,#9ca3af,local,0
AGRUPACION DE ELECTORESINDEPENDIENTES POR LA HERRERA,,,Independientes y locales,Ind.,#9ca3af,local,0
AGRUPACION EL MENDI,,,Independientes y locales,Ind.,#9ca3af,local,0
AGRUPACION ELECTORAL ANORBE AVANZA,,,Independientes y locales,Ind.,#9ca3af,local,0
AGRUPACION ELECTORAL IBIECA,,,Independientes y locales,Ind.,#9ca3af,local,0
AGRUPACION ELECTORAL INDEPENDIENTE CAMBIAR,,,Independientes y locales,Ind.,#9ca3af,local,0
AGRUPACION ELECTORAL INDEPENDIENTE ORBARA 2023,,,Independientes y locales,Ind.,#9ca3af,local,0
AGRUPACION INDEPENDIENTE AMESCOA BAJA,,,Independientes y locales,Ind.,#9ca3af,local,0
AGRUPACION INDEPENDIENTE CAMINO DEL VALLE,,,Independientes y locales,Ind.,#9ca3af,local,0
AGRUPACION INDEPENDIENTE DE BIURRUN OLCOZ,,,Independientes y locales,Ind.,#9ca3af,local,0
AGRUPACION INDEPENDIENTE DE CORERA,,,Independientes y locales,Ind.,#9ca3af,local,0
AGRUPACION INDEPENDIENTE DE ELECTORES DE FRESNO DEL RIO,,,Independientes y locales,Ind.,#9ca3af,local,0
AGRUPACION INDEPENDIENTE DE ELECTORES DEL PINO DEL RIO,,,Independientes y locales,Ind.,#9ca3af,local,0
AGRUPACION INDEPENDIENTE DE FUENTELAHIGUERA,,,Independientes y locales,Ind.,#9ca3af,local,0
AGRUPACION INDEPENDIENTE EL CASTILLO,,,Independientes y locales,Ind.,#9ca3af,local,0
AGRUPACION INDEPENDIENTE ELGORRIAGA,,,Independientes y locales,Ind.,#9ca3af,local,0
AGRUPACION INDEPENDIENTE ELKEA,,,Independientes y locales,Ind.,#9ca3af,local,0
AGRUPACION INDEPENDIENTE GUESALAZ,,,Independientes y locales,Ind.,#9ca3af,local,0
AGRUPACION INDEPENDIENTE JAURRIETA,,,Independientes y locales,Ind.,#9ca3af,local,0
AGRUPACION INDEPENDIENTE LUZAIDE,,,Independientes y locales,Ind.,#9ca3af,local,0
AGRUPACION INDEPENDIENTE SAN FRANCISCO JAVIER,,,Independientes y locales,Ind.,#9ca3af,local,0
AGRUPACION INDEPENDIENTE ZABALZA ZABALTZA,,,Independientes y locales,Ind.,#9ca3af,local,0
AGRUPACION LANTZ,,,Independientes y locales,Ind.,#9ca3af,local,0
AGV,,,Independientes y locales,Ind.,#9ca3af,local,0
AIAM,,,Independientes y locales,Ind.,#9ca3af,local,0
AIB,,,Independientes y locales,Ind.,#9ca3af,local,0
AIC,,,Coalición Canaria,CC,#ffd700,autonómico,22
AICB,,,Independientes y locales,Ind.,#9ca3af,local,0
AICG,,,Independientes y locales,Ind.,#9ca3af,local,0
AICL,,,Independientes y locales,Ind.,#9ca3af,local,0
AICOD,,,Independientes y locales,Ind.,#9ca3af,local,0
AID,,,Independientes y locales,Ind.,#9ca3af,local,0
AIDJ,,,Independientes y locales,Ind.,#9ca3af,local,0
AIEBA,,,Independientes y locales,Ind.,#9ca3af,local,0
AIECS,,,Independientes y locales,Ind.,#9ca3af,local,0
AIFC,,,Independientes y locales,Ind.,#9ca3af,local,0
AIG,,,Independientes y locales,Ind.,#9ca3af,local,0
AIHS,,,Independientes y locales,Ind.,#9ca3af,local,0
AII,,,Independientes y locales,Ind.,#9ca3af,local,0
AIMUP,,,Independientes y locales,Ind.,#9ca3af,local,0
AINE,,,Independientes y locales,Ind.,#9ca3af,local,0
AINS,,,Independientes y locales,Ind.,#9ca3af,local,0
AIO OEI,,,Independientes y locales,Ind.,#9ca3af,local,0
AIP,,,Independientes y locales,Ind.,#9ca3af,local,0
AIPL,,,Independientes y locales,Ind.,#9ca3af,local,0
AIPN AM,,,ERC,ERC,#ffb232,autonómico,7
AIR O,,,Independientes y locales,Ind.,#9ca3af,local,0
AIRE,,,Independientes y locales,Ind.,#9ca3af,local,0
AIRE NUEVO MAGALLON,,,Independientes y locales,Ind.,#9ca3af,local,0
AIS,,,Independientes y locales,Ind.,#9ca3af,local,0
AISG,,,Independientes y locales,Ind.,#9ca3af,local,0
AISHT,,,Independientes y locales,Ind.,#9ca3af,local,0
AISM,,,Independientes y locales,Ind.,#9ca3af,local,0
AISMU,,,Independientes y locales,Ind.,#9ca3af,local,0
AISS,,,Independientes y locales,Ind.,#9ca3af,local,0
AIT,,,Independientes y locales,Ind.,#9ca3af,local,0
AITMC,,,Independientes y locales,Ind.,#9ca3af,local,0
AITOR,,,Independientes y locales,Ind.,#9ca3af,local,0
AIV,,,Independientes y locales,Ind.,#9ca3af,local,0
AIVE EAB,,,Independientes y locales,Ind.,#9ca3af,local,0
AIVL,,,Independientes y locales,Ind.,#9ca3af,local,0
AK,,,Independientes y locales,Ind.,#9ca3af,local,0
ALF AM,,,ERC,ERC,#ffb232,autonómico,7
ALFOZ,,,Independientes y locales,Ind.,#9ca3af,local,0
ALI,,,Independientes y locales,Ind.,#9ca3af,local,0
ALIANCA CAT,,,Independientes y locales,Ind.,#9ca3af,local,0
ALTERNATIVA ALOVERA,,,Independientes y locales,Ind.,#9ca3af,local,0
ALTERNATIVA POR NAVAJAS,,,Independientes y locales,Ind.,#9ca3af,local,0
ALTERNATIVA POR VILVESTRE,,,Independientes y locales,Ind.,#9ca3af,local,0
AM LVDVDM,,,Independientes y locales,Ind.,#9ca3af,local,0
AMBEL ES,,,Independientes y locales,Ind.,#9ca3af,local,0
AMC,,,Independientes y locales,Ind.,#9ca3af,local,0
AMF,,,Independientes y locales,Ind.,#9ca3af,local,0
AMI UEI,,,Independientes y locales,Ind.,#9ca3af,local,0
AMLD,,,Independientes y locales,Ind.,#9ca3af,local,0
AMPM PSC CP,,,PSOE,PSOE,#e30613,estatal,8
AMPMA,,,Independientes y locales,Ind.,#9ca3af,local,0
AMR AM,,,ERC,ERC,#ffb232,autonómico,7
AMUNT AMUNT,,,CUP,CUP,#f2e205,autonómico,6
AMXB AM,,,ERC,ERC,#ffb232,autonómico,7
ANDO,,,Independientes y locales,Ind.,#9ca3af,local,0
ANEM,,,Independientes y locales,Ind.,#9ca3af,local,0
AO,,,Independientes y locales,Ind.,#9ca3af,local,0
AO EE,,,Independientes y locales,Ind.,#9ca3af,local,0
AP ERC AM,,,ERC,ERC,#ffb232,autonómico,7
APAL,,,Independientes y locales,Ind.,#9ca3af,local,0
APB BHH,,,Independientes y locales,Ind.,#9ca3af,local,0
APCANVI,,,Independientes y locales,Ind.,#9ca3af,local,0
APF AM,,,ERC,ERC,#ffb232,autonómico,7
APG AM,,,ERC,ERC,#ffb232,autonómico,7
APM AM,,,ERC,ERC,#ffb232,autonómico,7
APMV,,,Independientes y locales,Ind.,#9ca3af,local,0
APO,,,Independientes y locales,Ind.,#9ca3af,local,0
APS AM,,,ERC,ERC,#ffb232,autonómico,7
APUESTA POR ALAGON,,,Independientes y locales,Ind.,#9ca3af,local,0
APV,,,Independientes y locales,Ind.,#9ca3af,local,0
APVP AM,,,ERC,ERC,#ffb232,autonómico,7
AQUI,,,Independientes y locales,Ind.,#9ca3af,local,0
ARA AM,,,ERC,ERC,#ffb232,autonómico,7
ARA EL PALAU AM,,,ERC,ERC,#ffb232,autonómico,7
ARA UXIV AM,,,ERC,ERC,#ffb232,autonómico,7
ARA UXP AM,,,ERC,ERC,#ffb232,autonómico,7
ARAC AM,,,ERC,ERC,#ffb232,autonómico,7
ARAMOIA AM,,,ERC,ERC,#ffb232,autonómico,7
ARESO ERAIKIZ,,,Independientes y locales,Ind.,#9ca3af,local,0
ARIZA,,,Independientes y locales,Ind.,#9ca3af,local,0
ARMENDU,,,Independientes y locales,Ind.,#9ca3af,local,0
ARRITXU TALDEA,,,Independientes y locales,Ind.,#9ca3af,local,0
ASAMBLEA HERRENA,,,Independientes y locales,Ind.,#9ca3af,local,0
ASAVA,,,Independientes y locales,Ind.,#9ca3af,local,0
ASG AM,,,ERC,ERC,#ffb232,autonómico,7
ASHL,,,Independientes y locales,Ind.,#9ca3af,local,0
ASTURIANISTAS BIMENES,,,Independientes y locales,Ind.,#9ca3af,local,0
AT ERC AM,,,ERC,ERC,#ffb232,autonómico,7
ATR,,,Independientes y locales,Ind.,#9ca3af,local,0
AU,,,Independientes y locales,Ind.,#9ca3af,local,0
AU2,,,Independientes y locales,Ind.,#9ca3af,local,0
AUD ERC AM,,,ERC,ERC,#ffb232,autonómico,7
AUZOLAN,,,Independientes y locales,Ind.,#9ca3af,local,0
AUZOLANEAN,,,Independientes y locales,Ind.,#9ca3af,local,0
AVANZA CHINCHON,,,Independientes y locales,Ind.,#9ca3af,local,0
AVANZA MEDELLIN YELBES,,,Independientes y locales,Ind.,#9ca3af,local,0
AVANZA NIGUELAS,,,Independientes y locales,Ind.,#9ca3af,local,0
AVANZA VALDEMANCO,,,Independientes y locales,Ind.,#9ca3af,local,0
AVENC AM,,,ERC,ERC,#ffb232,autonómico,7
AVESAN,,,Independientes y locales,Ind.,#9ca3af,local,0
AVL,,,Independientes y locales,Ind.,#9ca3af,local,0
AXE ERC AM,,,ERC,ERC,#ffb232,autonómico,7
AXIL,,,Independientes y locales,Ind.,#9ca3af,local,0
AXM ERC AM,,,ERC,ERC,#ffb232,autonómico,7
AXSJ,,,Independientes y locales,Ind.,#9ca3af,local,0
AXT TE,,,Independientes y locales,Ind.,#9ca3af,local,0
AXV,,,Independientes y locales,Ind.,#9ca3af,local,0
AZKAR AGRUPACION ELECTORAL,,,Independientes y locales,Ind.,#9ca3af,local,0
BABORD,,,Independientes y locales,Ind.,#9ca3af,local,0
BATZALARRE,,,Independientes y locales,Ind.,#9ca3af,local,0
BATZARRAMENDI,,,Independientes y locales,Ind.,#9ca3af,local,0
BB,,,Independientes y locales,Ind.,#9ca3af,local,0
BD AM,,,ERC,ERC,#ffb232,autonómico,7
BEIRE ACTIVA,,,Independientes y locales,Ind.,#9ca3af,local,0
BERTIZARANAKO TALDEA,,,Independientes y locales,Ind.,#9ca3af,local,0
BETETA PARTICIPA,,,Independientes y locales,Ind.,#9ca3af,local,0
BIHUR,,,Independientes y locales,Ind.,#9ca3af,local,0
BINIES,,,Independientes y locales,Ind.,#9ca3af,local,0
BM AM,,,ERC,ERC,#ffb232,autonómico,7
BNR NC,,,Otros partidos,Otros,#6d4c41,autonómico,38
BNY AM,,,ERC,ERC,#ffb232,autonómico,7
BO AMUNT,,,CUP,CUP,#f2e205,autonómico,6
BX REP XTU,,,Independientes y locales,Ind.,#9ca3af,local,0
C AM,,,ERC,ERC,#ffb232,autonómico,7
C ARA PL,,,Otros partidos,Otros,#6d4c41,autonómico,4
C BIERZO,,,Independientes y locales,Ind.,#9ca3af,local,0
C G,,,Independientes y locales,Ind.,#9ca3af,local,0
C I D G,,,Independientes y locales,Ind.,#9ca3af,local,0
C I LEGARIA,,,Independientes y locales,Ind.,#9ca3af,local,0
C I V A,,,Independientes y locales,Ind.,#9ca3af,local,0
C P E,,,Independientes y locales,Ind.,#9ca3af,local,0
C U P AMUNT,,,CUP,CUP,#f2e205,autonómico,6
C XTU,,,Independientes y locales,Ind.,#9ca3af,local,0
C Y P,,,Independientes y locales,Ind.,#9ca3af,local,0
CA,,,Independientes y locales,Ind.,#9ca3af,local,0
CA AM,,,ERC,ERC,#ffb232,autonómico,7
CACERES VIVA,,,Independientes y locales,Ind.,#9ca3af,local,0
CAI,,,Independientes y locales,Ind.,#9ca3af,local,0
CANDIDATURA INDEPENDIENTE,,,Independientes y locales,Ind.,#9ca3af,local,0
CANDIDATURA INDEPENDIENTE DE JALON DE CAMEROS,,,Independientes y locales,Ind.,#9ca3af,local,0
CANDIDATURA INDEPENDIENTE DE OCO,,,Independientes y locales,Ind.,#9ca3af,local,0
CANDIDATURA INDEPENDIENTE DE OLEJUA,,,Independientes y locales,Ind.,#9ca3af,local,0
CANDIDATURA INDEPENDIENTE DE TORREMONTALBO,,,Independientes y locales,Ind.,#9ca3af,local,0
CANETENCS,,,Independientes y locales,Ind.,#9ca3af,local,0
CANVI,,,Independientes y locales,Ind.,#9ca3af,local,0
CASEROS,,,Independientes y locales,Ind.,#9ca3af,local,0
CASTELLFOLLIT AM,,,ERC,ERC,#ffb232,autonómico,7
CASTILLEJO SIGLO XXI,,,Independientes y locales,Ind.,#9ca3af,local,0
CAT,,,Independientes y locales,Ind.,#9ca3af,local,0
CAT ERC AM,,,ERC,ERC,#ffb232,autonómico,7
CAV AM,,,ERC,ERC,#ffb232,autonómico,7
CB,,,Independientes y locales,Ind.,#9ca3af,local,0
CC ATI,,,Coalición Canaria,CC,#ffd700,autonómico,22
CCD,,,Independientes y locales,Ind.,#9ca3af,local,0
CE AM,,,ERC,ERC,#ffb232,autonómico,7
CELP,,,Independientes y locales,Ind.,#9ca3af,local,0
CEN,,,Independientes y locales,Ind.,#9ca3af,local,0
CEP,,,Independientes y locales,Ind.,#9ca3af,local,0
CESM,,,Independientes y locales,Ind.,#9ca3af,local,0
CF AM,,,ERC,ERC,#ffb232,autonómico,7
CIB,,,Independientes y locales,Ind.,#9ca3af,local,0
CIO,,,Independientes y locales,Ind.,#9ca3af,local,0
CIQ AM,,,ERC,ERC,#ffb232,autonómico,7
CISB,,,Independientes y locales,Ind.,#9ca3af,local,0
CIUCA,,,Independientes y locales,Ind.,#9ca3af,local,0
CIV,,,Independientes y locales,Ind.,#9ca3af,local,0
COMPROMIS PER ALTEA ACORD PER GUANYAR,,,Compromís,Compromís,#f29100,autonómico,34
COMPROMIS X SARROCA DE BELLERA CANDIDATURA DE PROGRES CXSB CP,,,PSOE,PSOE,#e30613,estatal,8
COMPROMIS X SENTERADA CANDIDATURA DE PROGRES CXS CP,,,PSOE,PSOE,#e30613,estatal,8
COMPROMIS X VILA RODONA CP,,,PSOE,PSOE,#e30613,estatal,8
COMPROMISO MANILVA,,,Independientes y locales,Ind.,#9ca3af,local,0
CONCEJO,,,Independientes y locales,Ind.,#9ca3af,local,0
CONCEJO ABIERTO LA ACEBEDA,,,Independientes y locales,Ind.,#9ca3af,local,0
CONFIANCA ARA PL,,,Otros partidos,Otros,#6d4c41,autonómico,4
CONTAMOS CAMINA SARRIA,,,Independientes y locales,Ind.,#9ca3af,local,0
CONTAMOS GA S GLG,,,Independientes y locales,Ind.,#9ca3af,local,0
CONTIGO AVANZAMOS,,,Independientes y locales,Ind.,#9ca3af,local,0
CONTIGO MONTEMAYOR,,,Independientes y locales,Ind.,#9ca3af,local,0
COPAC,,,Independientes y locales,Ind.,#9ca3af,local,0
CP IRANTZU HK,,,Independientes y locales,Ind.,#9ca3af,local,0
CPV ACORD PER GUANYAR,,,Independientes y locales,Ind.,#9ca3af,local,0
CPVA,,,Independientes y locales,Ind.,#9ca3af,local,0
CRA,,,Independientes y locales,Ind.,#9ca3af,local,0
CSJ ARA PL,,,Otros partidos,Otros,#6d4c41,autonómico,4
CSLLM AM,,,ERC,ERC,#ffb232,autonómico,7
CT ARA PL,,,Otros partidos,Otros,#6d4c41,autonómico,4
CUP SP AMUNT,,,CUP,CUP,#f2e205,autonómico,6
CUZ,,,Independientes y locales,Ind.,#9ca3af,local,0
CV,,,Independientes y locales,Ind.,#9ca3af,local,0
CXA CP,,,PSOE,PSOE,#e30613,estatal,8
CXB CP,,,PSOE,PSOE,#e30613,estatal,8
CXC CP,,,PSOE,PSOE,#e30613,estatal,8
CXG,,,Independientes y locales,Ind.,#9ca3af,local,0
CXLS CP,,,PSOE,PSOE,#e30613,estatal,8
CXP,,,Independientes y locales,Ind.,#9ca3af,local,0
CXSJF CP,,,PSOE,PSOE,#e30613,estatal,8
CXT CP,,,PSOE,PSOE,#e30613,estatal,8
D O,,,Independientes y locales,Ind.,#9ca3af,local,0
DELAPUEBLA,,,Independientes y locales,Ind.,#9ca3af,local,0
DENOK BAT,,,Independientes y locales,Ind.,#9ca3af,local,0
DM,,,Independientes y locales,Ind.,#9ca3af,local,0
DOZOLA,,,Independientes y locales,Ind.,#9ca3af,local,0
DTI AIA,,,Independientes y locales,Ind.,#9ca3af,local,0
E AM,,,ERC,ERC,#ffb232,autonómico,7
E LL,,,Independientes y locales,Ind.,#9ca3af,local,0
EA ERC AM,,,ERC,ERC,#ffb232,autonómico,7
EA IDSELVA,,,Independientes y locales,Ind.,#9ca3af,local,0
EC IDC,,,Independientes y locales,Ind.,#9ca3af,local,0
EG AM,,,ERC,ERC,#ffb232,autonómico,7
ELPH,,,Independientes y locales,Ind.,#9ca3af,local,0
EMB AM,,,ERC,ERC,#ffb232,autonómico,7
ENDAVANT VALL FERRERA ACORD MUNICIPAL,,,ERC,ERC,#ffb232,autonómico,7
ENTESA,,,Independientes y locales,Ind.,#9ca3af,local,0
ENTESA AM,,,ERC,ERC,#ffb232,autonómico,7
EP C,,,Independientes y locales,Ind.,#9ca3af,local,0
EPA AM,,,ERC,ERC,#ffb232,autonómico,7
EPC MTE C,,,Independientes y locales,Ind.,#9ca3af,local,0
EPCP C,,,Independientes y locales,Ind.,#9ca3af,local,0
EPF FIC,,,Independientes y locales,Ind.,#9ca3af,local,0
ERC AM AM,,,ERC,ERC,#ffb232,autonómico,7
ERC AMPFV AM,,,ERC,ERC,#ffb232,autonómico,7
ERC EPF AM,,,ERC,ERC,#ffb232,autonómico,7
ERC GIR AM,,,ERC,ERC,#ffb232,autonómico,7
ERC I AM,,,ERC,ERC,#ffb232,autonómico,7
ERC IDB AM,,,ERC,ERC,#ffb232,autonómico,7
ERC JPT AM,,,ERC,ERC,#ffb232,autonómico,7
ERC RODAREP AM,,,ERC,ERC,#ffb232,autonómico,7
ERC SOMC AM,,,ERC,ERC,#ffb232,autonómico,7
ERC SOME AM,,,ERC,ERC,#ffb232,autonómico,7
ERC SXA AM,,,ERC,ERC,#ffb232,autonómico,7
ERCA AM,,,ERC,ERC,#ffb232,autonómico,7
ES ERC AM,,,ERC,ERC,#ffb232,autonómico,7
ESCOLTEM,,,Independientes y locales,Ind.,#9ca3af,local,0
ESQUERRA REPUBLICANA DE CATALUNYA FEM MUNICIPI ACORD MUNICIPAL,,,ERC,ERC,#ffb232,autonómico,7
ET AM,,,ERC,ERC,#ffb232,autonómico,7
ETF,,,Independientes y locales,Ind.,#9ca3af,local,0
ETXSBC,,,Independientes y locales,Ind.,#9ca3af,local,0
EUPV PUP ADELANTE,,,"IU, Podemos y Sumar",IU-Podemos-Sumar,#7b2d8e,estatal,16
EV,,,Independientes y locales,Ind.,#9ca3af,local,0
EXO AM,,,ERC,ERC,#ffb232,autonómico,7
EZKIO ERAIKIZ,,,Independientes y locales,Ind.,#9ca3af,local,0
F,,,Independientes y locales,Ind.,#9ca3af,local,0
F I C,,,Independientes y locales,Ind.,#9ca3af,local,0
F X SETCASES AM,,,ERC,ERC,#ffb232,autonómico,7
FC AM,,,ERC,ERC,#ffb232,autonómico,7
FC PSC CP,,,PSOE,PSOE,#e30613,estatal,8
FCFP AM,,,ERC,ERC,#ffb232,autonómico,7
FD NC,,,Otros partidos,Otros,#6d4c41,autonómico,38
FEM AM,,,ERC,ERC,#ffb232,autonómico,7
FEM CONCA DE DALT ACORD MUNICIPAL,,,ERC,ERC,#ffb232,autonómico,7
FEM LLARVOSI ESQUERRA REPUBLICANA DE CATALUNYA ACORD MUNICIPAL,,,ERC,ERC,#ffb232,autonómico,7
FEM MUNICIPI ACORD MUNICIPAL,,,ERC,ERC,#ffb232,autonómico,7
FEM MUNICPI ACORD MUNICIPAL,,,ERC,ERC,#ffb232,autonómico,7
FEM SANT ANDREU AM,,,ERC,ERC,#ffb232,autonómico,7
FEMCDQ IDC,,,Independientes y locales,Ind.,#9ca3af,local,0
FEMT AM,,,ERC,ERC,#ffb232,autonómico,7
FEPAL,,,Independientes y locales,Ind.,#9ca3af,local,0
FIA,,,Independientes y locales,Ind.,#9ca3af,local,0
FLL,,,Independientes y locales,Ind.,#9ca3af,local,0
FMO,,,Independientes y locales,Ind.,#9ca3af,local,0
FNC,,,Independientes y locales,Ind.,#9ca3af,local,0
FP AM,,,ERC,ERC,#ffb232,autonómico,7
FP TE,,,Independientes y locales,Ind.,#9ca3af,local,0
FPSP AM AM,,,ERC,ERC,#ffb232,autonómico,7
FT ERC AM,,,ERC,ERC,#ffb232,autonómico,7
FTUC,,,Independientes y locales,Ind.,#9ca3af,local,0
G AM,,,ERC,ERC,#ffb232,autonómico,7
G H,,,Independientes y locales,Ind.,#9ca3af,local,0
G H T,,,Independientes y locales,Ind.,#9ca3af,local,0
G I C,,,Independientes y locales,Ind.,#9ca3af,local,0
G I CERCEDILLA,,,Independientes y locales,Ind.,#9ca3af,local,0
G I H,,,Independientes y locales,Ind.,#9ca3af,local,0
G I R,,,Independientes y locales,Ind.,#9ca3af,local,0
G I V,,,Independientes y locales,Ind.,#9ca3af,local,0
G P C FEPAL,,,Independientes y locales,Ind.,#9ca3af,local,0
GA,,,Independientes y locales,Ind.,#9ca3af,local,0
GDES,,,Independientes y locales,Ind.,#9ca3af,local,0
GDJ,,,Independientes y locales,Ind.,#9ca3af,local,0
GDP AM,,,ERC,ERC,#ffb232,autonómico,7
GDR AM,,,ERC,ERC,#ffb232,autonómico,7
GDZ,,,Independientes y locales,Ind.,#9ca3af,local,0
GFP,,,Independientes y locales,Ind.,#9ca3af,local,0
GGI AMUNT,,,CUP,CUP,#f2e205,autonómico,6
GHE,,,Independientes y locales,Ind.,#9ca3af,local,0
GICG,,,Independientes y locales,Ind.,#9ca3af,local,0
GIN,,,Independientes y locales,Ind.,#9ca3af,local,0
GLB,,,Independientes y locales,Ind.,#9ca3af,local,0
GLITC,,,Independientes y locales,Ind.,#9ca3af,local,0
GLPH IU,,,"IU, Podemos y Sumar",IU-Podemos-Sumar,#7b2d8e,estatal,16
GMEC,,,Independientes y locales,Ind.,#9ca3af,local,0
GORENOS POR GOR,,,Independientes y locales,Ind.,#9ca3af,local,0
GPF AM,,,ERC,ERC,#ffb232,autonómico,7
GPS AM,,,ERC,ERC,#ffb232,autonómico,7
GPV AM,,,ERC,ERC,#ffb232,autonómico,7
GRITO,,,Independientes y locales,Ind.,#9ca3af,local,0
GRUPO INDEPENDIENTE DE TRABAJO POR MELIDA,,,Independientes y locales,Ind.,#9ca3af,local,0
GRUPO INDEPENDIENTE PUENTES VIEJAS,,,Independientes y locales,Ind.,#9ca3af,local,0
GTI,,,Independientes y locales,Ind.,#9ca3af,local,0
GUISANDO AVANZA,,,Independientes y locales,Ind.,#9ca3af,local,0
GUZTIONTZAKO HERRIA,,,Independientes y locales,Ind.,#9ca3af,local,0
GVVP,,,Independientes y locales,Ind.,#9ca3af,local,0
GXA,,,Independientes y locales,Ind.,#9ca3af,local,0
GYP LA RAD,,,Independientes y locales,Ind.,#9ca3af,local,0
H,,,Independientes y locales,Ind.,#9ca3af,local,0
H A,,,Independientes y locales,Ind.,#9ca3af,local,0
HC,,,Independientes y locales,Ind.,#9ca3af,local,0
HEM,,,Independientes y locales,Ind.,#9ca3af,local,0
HERNIOPE,,,Independientes y locales,Ind.,#9ca3af,local,0
HERRI ELKARLANA,,,Independientes y locales,Ind.,#9ca3af,local,0
HERRIKO TALDEA,,,Independientes y locales,Ind.,#9ca3af,local,0
HK,,,Independientes y locales,Ind.,#9ca3af,local,0
HORITZO31,,,Independientes y locales,Ind.,#9ca3af,local,0
HT,,,Independientes y locales,Ind.,#9ca3af,local,0
HTA,,,Independientes y locales,Ind.,#9ca3af,local,0
HZM,,,Independientes y locales,Ind.,#9ca3af,local,0
I G V C I F,,,Independientes y locales,Ind.,#9ca3af,local,0
I L A L A I,,,Independientes y locales,Ind.,#9ca3af,local,0
I P A,,,Independientes y locales,Ind.,#9ca3af,local,0
I U ANDALUCIA,,,"IU, Podemos y Sumar",IU-Podemos-Sumar,#7b2d8e,estatal,16
I X Y,,,Independientes y locales,Ind.,#9ca3af,local,0
IA,,,Independientes y locales,Ind.,#9ca3af,local,0
IA AM,,,ERC,ERC,#ffb232,autonómico,7
IAF,,,Independientes y locales,Ind.,#9ca3af,local,0
IASG,,,Independientes y locales,Ind.,#9ca3af,local,0
IASL AM,,,ERC,ERC,#ffb232,autonómico,7
IB,,,Independientes y locales,Ind.,#9ca3af,local,0
IB AM AM,,,ERC,ERC,#ffb232,autonómico,7
IBIRI,,,Independientes y locales,Ind.,#9ca3af,local,0
IBU AM,,,ERC,ERC,#ffb232,autonómico,7
ICB,,,Independientes y locales,Ind.,#9ca3af,local,0
ICO,,,Independientes y locales,Ind.,#9ca3af,local,0
IDP,,,Independientes y locales,Ind.,#9ca3af,local,0
IDP AM,,,ERC,ERC,#ffb232,autonómico,7
IDR IDC,,,Independientes y locales,Ind.,#9ca3af,local,0
IEB,,,Independientes y locales,Ind.,#9ca3af,local,0
IEL AM,,,ERC,ERC,#ffb232,autonómico,7
IFP ERC AM,,,ERC,ERC,#ffb232,autonómico,7
IGANTZIKO HERRI TALDEA,,,Independientes y locales,Ind.,#9ca3af,local,0
IH,,,Independientes y locales,Ind.,#9ca3af,local,0
ILA,,,Independientes y locales,Ind.,#9ca3af,local,0
ILL AM,,,ERC,ERC,#ffb232,autonómico,7
ILUSIONA,,,Independientes y locales,Ind.,#9ca3af,local,0
IMA C,,,Independientes y locales,Ind.,#9ca3af,local,0
IMPULSEM TORRELLES DE FOIX COMPROMIS MUNICIPAL,,,Junts / CiU,Junts,#20c0b2,autonómico,5
INDEPENDENTS PEL PROGRES ACORD MUNICIPAL,,,ERC,ERC,#ffb232,autonómico,7
INDEPENDENTS PER MORELLA,,,Independientes y locales,Ind.,#9ca3af,local,0
INDEPENDIENTES POR CORDOVILLA LA REAL,,,Independientes y locales,Ind.,#9ca3af,local,0
INDEPENDIENTES POR HERRERA,,,Independientes y locales,Ind.,#9ca3af,local,0
INDEPENDIENTES POR SAN ROMAN VADILLOS Y VELILLA,,,Independientes y locales,Ind.,#9ca3af,local,0
INDU,,,Independientes y locales,Ind.,#9ca3af,local,0
IOB AM,,,ERC,ERC,#ffb232,autonómico,7
IOISC,,,Independientes y locales,Ind.,#9ca3af,local,0
IP ERC AM,,,ERC,ERC,#ffb232,autonómico,7
IPAE,,,Independientes y locales,Ind.,#9ca3af,local,0
IPB,,,Independientes y locales,Ind.,#9ca3af,local,0
IPB AM,,,ERC,ERC,#ffb232,autonómico,7
IPC,,,Independientes y locales,Ind.,#9ca3af,local,0
IPC AMUNT,,,CUP,CUP,#f2e205,autonómico,6
IPF,,,Independientes y locales,Ind.,#9ca3af,local,0
IPF AM,,,ERC,ERC,#ffb232,autonómico,7
IPG AM,,,ERC,ERC,#ffb232,autonómico,7
IPLVA AM,,,ERC,ERC,#ffb232,autonómico,7
IPM,,,Independientes y locales,Ind.,#9ca3af,local,0
IPM ERC AM,,,ERC,ERC,#ffb232,autonómico,7
IPN,,,Independientes y locales,Ind.,#9ca3af,local,0
IPO ERC AM,,,ERC,ERC,#ffb232,autonómico,7
IPQ,,,Independientes y locales,Ind.,#9ca3af,local,0
IPR AM,,,ERC,ERC,#ffb232,autonómico,7
IPS,,,Independientes y locales,Ind.,#9ca3af,local,0
IPS AM,,,ERC,ERC,#ffb232,autonómico,7
IPT AM,,,ERC,ERC,#ffb232,autonómico,7
IPT FEPAL,,,Independientes y locales,Ind.,#9ca3af,local,0
IPVB AM,,,ERC,ERC,#ffb232,autonómico,7
IR VERDES,,,Independientes y locales,Ind.,#9ca3af,local,0
IRVM,,,Independientes y locales,Ind.,#9ca3af,local,0
IS AM,,,ERC,ERC,#ffb232,autonómico,7
ISC IDSELVA,,,Independientes y locales,Ind.,#9ca3af,local,0
ISQS CP,,,PSOE,PSOE,#e30613,estatal,8
ITRTC,,,Independientes y locales,Ind.,#9ca3af,local,0
IU CON ANDALUCIA,,,"IU, Podemos y Sumar",IU-Podemos-Sumar,#7b2d8e,estatal,16
IU MASMADRID EQUO,,,"IU, Podemos y Sumar",IU-Podemos-Sumar,#7b2d8e,estatal,16
IU PODEMOS,,,"IU, Podemos y Sumar",IU-Podemos-Sumar,#7b2d8e,estatal,16
IU PODEMOS AV,,,"IU, Podemos y Sumar",IU-Podemos-Sumar,#7b2d8e,estatal,16
IU SOMOS CARRENO,,,"IU, Podemos y Sumar",IU-Podemos-Sumar,#7b2d8e,estatal,16
IUSF,,,"IU, Podemos y Sumar",IU-Podemos-Sumar,#7b2d8e,estatal,16
IV,,,Independientes y locales,Ind.,#9ca3af,local,0
IVA AM,,,ERC,ERC,#ffb232,autonómico,7
IVE AM,,,ERC,ERC,#ffb232,autonómico,7
IVG,,,Independientes y locales,Ind.,#9ca3af,local,0
IVV ERC AM,,,ERC,ERC,#ffb232,autonómico,7
IXB AM,,,ERC,ERC,#ffb232,autonómico,7
IXC AM,,,ERC,ERC,#ffb232,autonómico,7
IXM CP,,,PSOE,PSOE,#e30613,estatal,8
IXMUXIA,,,Independientes y locales,Ind.,#9ca3af,local,0
IXP AM,,,ERC,ERC,#ffb232,autonómico,7
IXSMB,,,Independientes y locales,Ind.,#9ca3af,local,0
IXSP,,,Independientes y locales,Ind.,#9ca3af,local,0
JM,,,Independientes y locales,Ind.,#9ca3af,local,0
JPB,,,Independientes y locales,Ind.,#9ca3af,local,0
JPERM AM,,,ERC,ERC,#ffb232,autonómico,7
JPM,,,Independientes y locales,Ind.,#9ca3af,local,0
JPP CP,,,PSOE,PSOE,#e30613,estatal,8
JUNTOS POR ESLAVA,,,Independientes y locales,Ind.,#9ca3af,local,0
JUNTOS POR OCON,,,Independientes y locales,Ind.,#9ca3af,local,0
JUNTOS POR RIBADEDEVA,,,Independientes y locales,Ind.,#9ca3af,local,0
JUNTOS POR SIERRO,,,Independientes y locales,Ind.,#9ca3af,local,0
JUNTOS X LA CAMPANA,,,Independientes y locales,Ind.,#9ca3af,local,0
JUNTS AM,,,ERC,ERC,#ffb232,autonómico,7
JUNTS ERC AM,,,ERC,ERC,#ffb232,autonómico,7
JUNTS PER ESTERRI DE CARDOS CM,,,Junts / CiU,Junts,#20c0b2,autonómico,5
JUNTS PER GAVET DE LA CONCA CM,,,Junts / CiU,Junts,#20c0b2,autonómico,5
JUNTS PER ISONA I CONCA DELLA COMPROMIS MUNICIPAL,,,Junts / CiU,Junts,#20c0b2,autonómico,5
JUNTS PER LLIMIANA CM,,,Junts / CiU,Junts,#20c0b2,autonómico,5
JUNTS PER MARTORELL CM,,,Junts / CiU,Junts,#20c0b2,autonómico,5
JUNTS PER RIALP CM,,,Junts / CiU,Junts,#20c0b2,autonómico,5
JUNTS PER SEGART,,,Junts / CiU,Junts,#20c0b2,autonómico,20
JUNTSXMTB ARA PL,,,Otros partidos,Otros,#6d4c41,autonómico,4
JUPAL,,,Independientes y locales,Ind.,#9ca3af,local,0
JXB AM,,,ERC,ERC,#ffb232,autonómico,7
JXC AM,,,ERC,ERC,#ffb232,autonómico,7
JXCH,,,Independientes y locales,Ind.,#9ca3af,local,0
JXG,,,Independientes y locales,Ind.,#9ca3af,local,0
JXM,,,Independientes y locales,Ind.,#9ca3af,local,0
JXM AM,,,ERC,ERC,#ffb232,autonómico,7
JXP AM,,,ERC,ERC,#ffb232,autonómico,7
JXR ARA PL,,,Otros partidos,Otros,#6d4c41,autonómico,4
K Z,,,Independientes y locales,Ind.,#9ca3af,local,0
KAIXO,,,Independientes y locales,Ind.,#9ca3af,local,0
L EINA ERC AM,,,ERC,ERC,#ffb232,autonómico,7
L V P,,,Independientes y locales,Ind.,#9ca3af,local,0
LB,,,Independientes y locales,Ind.,#9ca3af,local,0
LC,,,Independientes y locales,Ind.,#9ca3af,local,0
LDR,,,Independientes y locales,Ind.,#9ca3af,local,0
LEARPURU,,,Independientes y locales,Ind.,#9ca3af,local,0
LFE AM,,,ERC,ERC,#ffb232,autonómico,7
LG,,,Independientes y locales,Ind.,#9ca3af,local,0
LL100X100,,,Independientes y locales,Ind.,#9ca3af,local,0
LMM,,,Independientes y locales,Ind.,#9ca3af,local,0
LOCUR,,,Independientes y locales,Ind.,#9ca3af,local,0
LOIU,,,Independientes y locales,Ind.,#9ca3af,local,0
LPA,,,Independientes y locales,Ind.,#9ca3af,local,0
LPPF,,,Independientes y locales,Ind.,#9ca3af,local,0
LS,,,Independientes y locales,Ind.,#9ca3af,local,0
LVP AM,,,ERC,ERC,#ffb232,autonómico,7
M AM,,,ERC,ERC,#ffb232,autonómico,7
M ESTIMO CERVELLO PSC CP,,,PSOE,PSOE,#e30613,estatal,8
MA AM,,,ERC,ERC,#ffb232,autonómico,7
MAS PUEBLO LA CUEVA,,,Independientes y locales,Ind.,#9ca3af,local,0
MB,,,Independientes y locales,Ind.,#9ca3af,local,0
MEC C,,,Independientes y locales,Ind.,#9ca3af,local,0
MELGAR,,,Independientes y locales,Ind.,#9ca3af,local,0
MEM AM,,,ERC,ERC,#ffb232,autonómico,7
MENDIBELZU,,,Independientes y locales,Ind.,#9ca3af,local,0
MES AM,,,ERC,ERC,#ffb232,autonómico,7
MES SOMMESCAT,,,Independientes y locales,Ind.,#9ca3af,local,0
MES X VILALLER CANDIDATURA DE PROGRES,,,PSOE,PSOE,#e30613,estatal,8
MESB,,,Independientes y locales,Ind.,#9ca3af,local,0
MHK 2023,,,Independientes y locales,Ind.,#9ca3af,local,0
MIR AM,,,ERC,ERC,#ffb232,autonómico,7
MM VQ CASARRUBUELOS,,,Independientes y locales,Ind.,#9ca3af,local,0
MP,,,Independientes y locales,Ind.,#9ca3af,local,0
MRI AM,,,ERC,ERC,#ffb232,autonómico,7
MS,,,Independientes y locales,Ind.,#9ca3af,local,0
MS AM,,,ERC,ERC,#ffb232,autonómico,7
MX AM,,,ERC,ERC,#ffb232,autonómico,7
MXBE AM,,,ERC,ERC,#ffb232,autonómico,7
MXGI,,,Independientes y locales,Ind.,#9ca3af,local,0
MXH AM,,,ERC,ERC,#ffb232,autonómico,7
MXM,,,Independientes y locales,Ind.,#9ca3af,local,0
MXV ERC AM,,,ERC,ERC,#ffb232,autonómico,7
NC,,,Otros partidos,Otros,#6d4c41,autonómico,38
NCV,,,Independientes y locales,Ind.,#9ca3af,local,0
NMC,,,Independientes y locales,Ind.,#9ca3af,local,0
NOSPOBRA,,,Independientes y locales,Ind.,#9ca3af,local,0
OB,,,Independientes y locales,Ind.,#9ca3af,local,0
OE,,,Independientes y locales,Ind.,#9ca3af,local,0
OEO,,,Independientes y locales,Ind.,#9ca3af,local,0
OIZKO ALKARTASUNA,,,Independientes y locales,Ind.,#9ca3af,local,0
OLO SOM TOTS ERC AM,,,ERC,ERC,#ffb232,autonómico,7
ORBELA,,,Independientes y locales,Ind.,#9ca3af,local,0
P,,,Independientes y locales,Ind.,#9ca3af,local,0
P A,,,Independientes y locales,Ind.,#9ca3af,local,0
P AM,,,ERC,ERC,#ffb232,autonómico,7
P C,,,Independientes y locales,Ind.,#9ca3af,local,0
P I D A,,,Independientes y locales,Ind.,#9ca3af,local,0
P I D E S,,,Independientes y locales,Ind.,#9ca3af,local,0
P I L,,,Independientes y locales,Ind.,#9ca3af,local,0
P S O E,,,Independientes y locales,Ind.,#9ca3af,local,0
P S V P S O E,,,Independientes y locales,Ind.,#9ca3af,local,0
P V I,,,Independientes y locales,Ind.,#9ca3af,local,0
PAG AMUNT,,,CUP,CUP,#f2e205,autonómico,6
PALACIOS VIA BURGALESA,,,Independientes y locales,Ind.,#9ca3af,local,0
PALOMARES UN PASO MAS,,,Independientes y locales,Ind.,#9ca3af,local,0
PANICEROS POR PANIZA,,,Independientes y locales,Ind.,#9ca3af,local,0
PARA LUQUIN,,,Independientes y locales,Ind.,#9ca3af,local,0
PARTIDO POPULAR,,,PP,PP,#1d84ce,estatal,10
PAS AMUNT,,,CUP,CUP,#f2e205,autonómico,6
PAYJ,,,Independientes y locales,Ind.,#9ca3af,local,0
PB,,,Independientes y locales,Ind.,#9ca3af,local,0
PCAS TC,,,Independientes y locales,Ind.,#9ca3af,local,0
PCLI,,,Independientes y locales,Ind.,#9ca3af,local,0
PCM,,,Independientes y locales,Ind.,#9ca3af,local,0
PDR,,,Independientes y locales,Ind.,#9ca3af,local,0
PDS,,,Independientes y locales,Ind.,#9ca3af,local,0
PEB,,,Independientes y locales,Ind.,#9ca3af,local,0
PER LA VALL ACORD MUNICIPAL,,,ERC,ERC,#ffb232,autonómico,7
PF,,,Independientes y locales,Ind.,#9ca3af,local,0
PGI,,,Independientes y locales,Ind.,#9ca3af,local,0
PGPE,,,Independientes y locales,Ind.,#9ca3af,local,0
PIDA,,,Independientes y locales,Ind.,#9ca3af,local,0
PIG IDSELVA,,,Independientes y locales,Ind.,#9ca3af,local,0
PIM VILLALBILLA,,,Independientes y locales,Ind.,#9ca3af,local,0
PIMV,,,Independientes y locales,Ind.,#9ca3af,local,0
PITEUS AM,,,ERC,ERC,#ffb232,autonómico,7
PIZ,,,Independientes y locales,Ind.,#9ca3af,local,0
PL VP,,,Independientes y locales,Ind.,#9ca3af,local,0
PMM AM,,,ERC,ERC,#ffb232,autonómico,7
PMM AM AM,,,ERC,ERC,#ffb232,autonómico,7
POBLE UNIT,,,Independientes y locales,Ind.,#9ca3af,local,0
PODEMOS AV,,,"IU, Podemos y Sumar",IU-Podemos-Sumar,#7b2d8e,estatal,16
POR ALDEIRE,,,Independientes y locales,Ind.,#9ca3af,local,0
POR ALMENSILLA,,,Independientes y locales,Ind.,#9ca3af,local,0
POR ALMOCHUEL,,,Independientes y locales,Ind.,#9ca3af,local,0
POR BOLANOS,,,Independientes y locales,Ind.,#9ca3af,local,0
POR DELEITOSA,,,Independientes y locales,Ind.,#9ca3af,local,0
POR FUSTINANA,,,Independientes y locales,Ind.,#9ca3af,local,0
POR HUENEJA Y LA HUERTEZUELA,,,Independientes y locales,Ind.,#9ca3af,local,0
POR LA FUEVA,,,Independientes y locales,Ind.,#9ca3af,local,0
POR MALLEN,,,Independientes y locales,Ind.,#9ca3af,local,0
POR MENA,,,Independientes y locales,Ind.,#9ca3af,local,0
POR MOLINOS,,,Independientes y locales,Ind.,#9ca3af,local,0
POR VALVENI,,,Independientes y locales,Ind.,#9ca3af,local,0
PP AV,,,PP,PP,#1d84ce,estatal,10
PPC,,,PP,PP,#1d84ce,estatal,10
PPM,,,Independientes y locales,Ind.,#9ca3af,local,0
PPSO,,,Otros partidos,Otros,#6d4c41,autonómico,39
PR E,,,Independientes y locales,Ind.,#9ca3af,local,0
PR PSC CP,,,PSOE,PSOE,#e30613,estatal,8
PRD O CP,,,PSOE,PSOE,#e30613,estatal,8
PRIMARIES CODINES,,,Independientes y locales,Ind.,#9ca3af,local,0
PRO OLIVA,,,Independientes y locales,Ind.,#9ca3af,local,0
PROMUSA,,,Independientes y locales,Ind.,#9ca3af,local,0
PSC GELIDA CP,,,PSOE,PSOE,#e30613,estatal,8
PSC IPLB CP,,,PSOE,PSOE,#e30613,estatal,8
PSC JSP CP,,,PSOE,PSOE,#e30613,estatal,8
PSC SV CP,,,PSOE,PSOE,#e30613,estatal,8
PSC UNITS CP,,,PSOE,PSOE,#e30613,estatal,8
PSG,,,Independientes y locales,Ind.,#9ca3af,local,0
PSM MXM,,,Independientes y locales,Ind.,#9ca3af,local,0
PSN PSPE,,,PSOE,PSOE,#e30613,estatal,9
PSOE HIGUERUELA,,,PSOE,PSOE,#e30613,estatal,9
PSOE IU BERCEO,,,PSOE,PSOE,#e30613,estatal,9
PSYP,,,Independientes y locales,Ind.,#9ca3af,local,0
PU,,,Independientes y locales,Ind.,#9ca3af,local,0
PUEBLA TRADICION Y FUTURO,,,Independientes y locales,Ind.,#9ca3af,local,0
PUPV,,,Independientes y locales,Ind.,#9ca3af,local,0
PV,,,Independientes y locales,Ind.,#9ca3af,local,0
PV AMUNT,,,CUP,CUP,#f2e205,autonómico,6
PXP,,,Independientes y locales,Ind.,#9ca3af,local,0
PXV AM,,,ERC,ERC,#ffb232,autonómico,7
RA,,,Independientes y locales,Ind.,#9ca3af,local,0
RBB,,,Independientes y locales,Ind.,#9ca3af,local,0
REC,,,Independientes y locales,Ind.,#9ca3af,local,0
RST AM,,,ERC,ERC,#ffb232,autonómico,7
RT ERC AM,,,ERC,ERC,#ffb232,autonómico,7
RUPIT PRUIT AM,,,ERC,ERC,#ffb232,autonómico,7
SA UNIO,,,Independientes y locales,Ind.,#9ca3af,local,0
SADAMAIORIA,,,Independientes y locales,Ind.,#9ca3af,local,0
SALAMANCA SI,,,Independientes y locales,Ind.,#9ca3af,local,0
SANET FEPAL,,,Independientes y locales,Ind.,#9ca3af,local,0
SB,,,Independientes y locales,Ind.,#9ca3af,local,0
SB MTE C,,,Independientes y locales,Ind.,#9ca3af,local,0
SC,,,Independientes y locales,Ind.,#9ca3af,local,0
SC IDSELVA,,,Independientes y locales,Ind.,#9ca3af,local,0
SC PM CP,,,PSOE,PSOE,#e30613,estatal,8
SDEC CP,,,PSOE,PSOE,#e30613,estatal,8
SF,,,Independientes y locales,Ind.,#9ca3af,local,0
SGDP AM,,,ERC,ERC,#ffb232,autonómico,7
SI ARIJA,,,Independientes y locales,Ind.,#9ca3af,local,0
SI PENARROYA,,,Independientes y locales,Ind.,#9ca3af,local,0
SIEMPRE VILLAFRANCA,,,Independientes y locales,Ind.,#9ca3af,local,0
SKB,,,Independientes y locales,Ind.,#9ca3af,local,0
SLO,,,Independientes y locales,Ind.,#9ca3af,local,0
SM AM,,,ERC,ERC,#ffb232,autonómico,7
SMA AM,,,ERC,ERC,#ffb232,autonómico,7
SMO,,,Independientes y locales,Ind.,#9ca3af,local,0
SNS,,,Independientes y locales,Ind.,#9ca3af,local,0
SOB,,,Independientes y locales,Ind.,#9ca3af,local,0
SOM BARXETA AM,,,ERC,ERC,#ffb232,autonómico,7
SOM CALP,,,Independientes y locales,Ind.,#9ca3af,local,0
SOM CERCS,,,Independientes y locales,Ind.,#9ca3af,local,0
SOM DE CASTELLAR PSC CP,,,PSOE,PSOE,#e30613,estatal,8
SOM ESPLUGA AM,,,ERC,ERC,#ffb232,autonómico,7
SOM HI BAIX PALLARS,,,Independientes y locales,Ind.,#9ca3af,local,0
SOM HI FIC,,,Independientes y locales,Ind.,#9ca3af,local,0
SOM HI MATADEPERA,,,Independientes y locales,Ind.,#9ca3af,local,0
SOM HI NULLES,,,Independientes y locales,Ind.,#9ca3af,local,0
SOM SANT MORI,,,Independientes y locales,Ind.,#9ca3af,local,0
SOM SENIJA FEPAL,,,Independientes y locales,Ind.,#9ca3af,local,0
SOM TALARN ACORD MUNICIPAL,,,ERC,ERC,#ffb232,autonómico,7
SOMOS A S I,,,Independientes y locales,Ind.,#9ca3af,local,0
SOMOS CABANILLAS,,,Independientes y locales,Ind.,#9ca3af,local,0
SOMOS EL CAMBIO,,,Independientes y locales,Ind.,#9ca3af,local,0
SOMOS TORRALBA DEL PINAR,,,Independientes y locales,Ind.,#9ca3af,local,0
SOMOS VALDAVIA,,,Independientes y locales,Ind.,#9ca3af,local,0
SOMSMC AM,,,ERC,ERC,#ffb232,autonómico,7
SP,,,Independientes y locales,Ind.,#9ca3af,local,0
SP AM,,,ERC,ERC,#ffb232,autonómico,7
SPEC C,,,Independientes y locales,Ind.,#9ca3af,local,0
SPMYP,,,Independientes y locales,Ind.,#9ca3af,local,0
SPP AM,,,ERC,ERC,#ffb232,autonómico,7
SPSI C,,,Independientes y locales,Ind.,#9ca3af,local,0
SPV AM,,,ERC,ERC,#ffb232,autonómico,7
SR,,,Independientes y locales,Ind.,#9ca3af,local,0
SS CP,,,PSOE,PSOE,#e30613,estatal,8
ST,,,Independientes y locales,Ind.,#9ca3af,local,0
ST ERC AM,,,ERC,ERC,#ffb232,autonómico,7
SU CP,,,PSOE,PSOE,#e30613,estatal,8
SUMEM ACORD MUNICIPAL,,,ERC,ERC,#ffb232,autonómico,7
SUMEM ERC AM,,,ERC,ERC,#ffb232,autonómico,7
SUMEN PER SALOU PSC CP,,,PSOE,PSOE,#e30613,estatal,8
SV AM,,,ERC,ERC,#ffb232,autonómico,7
SXCV AM,,,ERC,ERC,#ffb232,autonómico,7
SXD,,,Independientes y locales,Ind.,#9ca3af,local,0
SXH AM,,,ERC,ERC,#ffb232,autonómico,7
SXP CP,,,PSOE,PSOE,#e30613,estatal,8
TANTADI,,,Independientes y locales,Ind.,#9ca3af,local,0
TDF AMUNT,,,CUP,CUP,#f2e205,autonómico,6
TDS,,,Independientes y locales,Ind.,#9ca3af,local,0
TE CP,,,PSOE,PSOE,#e30613,estatal,8
TE XTU,,,Independientes y locales,Ind.,#9ca3af,local,0
TEGA,,,Independientes y locales,Ind.,#9ca3af,local,0
TERUEL,,,Independientes y locales,Ind.,#9ca3af,local,0
TFG TE,,,Independientes y locales,Ind.,#9ca3af,local,0
TJFG AM,,,ERC,ERC,#ffb232,autonómico,7
TLLL,,,Independientes y locales,Ind.,#9ca3af,local,0
TOD S TOD S,,,Independientes y locales,Ind.,#9ca3af,local,0
TOTHOM AGRUPACIO ELECTORAL DEL PONT DE SUERT,,,Independientes y locales,Ind.,#9ca3af,local,0
TP AM,,,ERC,ERC,#ffb232,autonómico,7
TPBA AM,,,ERC,ERC,#ffb232,autonómico,7
TPC CP,,,PSOE,PSOE,#e30613,estatal,8
TPS,,,Independientes y locales,Ind.,#9ca3af,local,0
TPV AM,,,ERC,ERC,#ffb232,autonómico,7
TRABAJANDO POR GELSA,,,Independientes y locales,Ind.,#9ca3af,local,0
TREVINO DIA A DIA,,,Independientes y locales,Ind.,#9ca3af,local,0
TRIA RODA,,,Independientes y locales,Ind.,#9ca3af,local,0
TS,,,Independientes y locales,Ind.,#9ca3af,local,0
TSB AM,,,ERC,ERC,#ffb232,autonómico,7
TSCAPOLAT AM,,,ERC,ERC,#ffb232,autonómico,7
TSF TE,,,Independientes y locales,Ind.,#9ca3af,local,0
TSG AM,,,ERC,ERC,#ffb232,autonómico,7
TSM AM,,,ERC,ERC,#ffb232,autonómico,7
TSP AM,,,ERC,ERC,#ffb232,autonómico,7
TSPIP AM,,,ERC,ERC,#ffb232,autonómico,7
TUD,,,Independientes y locales,Ind.,#9ca3af,local,0
TUEJAR,,,Independientes y locales,Ind.,#9ca3af,local,0
TXA,,,Independientes y locales,Ind.,#9ca3af,local,0
TXABALKO,,,Independientes y locales,Ind.,#9ca3af,local,0
TXB,,,Independientes y locales,Ind.,#9ca3af,local,0
TXCA,,,Independientes y locales,Ind.,#9ca3af,local,0
TXD TE,,,Independientes y locales,Ind.,#9ca3af,local,0
TXEA AM,,,ERC,ERC,#ffb232,autonómico,7
TXF,,,Independientes y locales,Ind.,#9ca3af,local,0
TXLR,,,Independientes y locales,Ind.,#9ca3af,local,0
TXR TE,,,Independientes y locales,Ind.,#9ca3af,local,0
TXS AM,,,ERC,ERC,#ffb232,autonómico,7
TXS FIC,,,Independientes y locales,Ind.,#9ca3af,local,0
TXSCA TE,,,Independientes y locales,Ind.,#9ca3af,local,0
TXSMV AM,,,ERC,ERC,#ffb232,autonómico,7
TXT,,,Independientes y locales,Ind.,#9ca3af,local,0
TXULAPAIN,,,Independientes y locales,Ind.,#9ca3af,local,0
TYP,,,Independientes y locales,Ind.,#9ca3af,local,0
U A,,,Independientes y locales,Ind.,#9ca3af,local,0
U D J,,,Independientes y locales,Ind.,#9ca3af,local,0
U L L Y C,,,Independientes y locales,Ind.,#9ca3af,local,0
U PE I,,,Independientes y locales,Ind.,#9ca3af,local,0
U PER M,,,Independientes y locales,Ind.,#9ca3af,local,0
U X A,,,Independientes y locales,Ind.,#9ca3af,local,0
U X CH,,,Independientes y locales,Ind.,#9ca3af,local,0
UAS POBLA,,,Independientes y locales,Ind.,#9ca3af,local,0
UB CP,,,PSOE,PSOE,#e30613,estatal,8
UB ERC AM,,,ERC,ERC,#ffb232,autonómico,7
UCF AM,,,ERC,ERC,#ffb232,autonómico,7
UFO AM,,,ERC,ERC,#ffb232,autonómico,7
UHK,,,Independientes y locales,Ind.,#9ca3af,local,0
UI CON ANDALUCIA,,,"IU, Podemos y Sumar",IU-Podemos-Sumar,#7b2d8e,estatal,16
UIDM,,,Independientes y locales,Ind.,#9ca3af,local,0
UNIC FIC,,,Independientes y locales,Ind.,#9ca3af,local,0
UNIDE,,,Independientes y locales,Ind.,#9ca3af,local,0
UNION,,,Independientes y locales,Ind.,#9ca3af,local,0
UNXAS,,,Independientes y locales,Ind.,#9ca3af,local,0
UPB,,,Independientes y locales,Ind.,#9ca3af,local,0
UPBE,,,Independientes y locales,Ind.,#9ca3af,local,0
UPERB,,,Independientes y locales,Ind.,#9ca3af,local,0
UPG AM,,,ERC,ERC,#ffb232,autonómico,7
UPI,,,Independientes y locales,Ind.,#9ca3af,local,0
UPM,,,Independientes y locales,Ind.,#9ca3af,local,0
UPP,,,Independientes y locales,Ind.,#9ca3af,local,0
UPPR,,,Independientes y locales,Ind.,#9ca3af,local,0
UPS FIC,,,Independientes y locales,Ind.,#9ca3af,local,0
UPT,,,Independientes y locales,Ind.,#9ca3af,local,0
UPTA CP,,,PSOE,PSOE,#e30613,estatal,8
UPU,,,Independientes y locales,Ind.,#9ca3af,local,0
UPY,,,Independientes y locales,Ind.,#9ca3af,local,0
URGUNEA,,,Independientes y locales,Ind.,#9ca3af,local,0
URRUTEA,,,Independientes y locales,Ind.,#9ca3af,local,0
US,,,Independientes y locales,Ind.,#9ca3af,local,0
UU AM,,,ERC,ERC,#ffb232,autonómico,7
UV ERC AM,,,ERC,ERC,#ffb232,autonómico,7
UXA,,,Independientes y locales,Ind.,#9ca3af,local,0
UXB,,,Independientes y locales,Ind.,#9ca3af,local,0
UXG AM,,,ERC,ERC,#ffb232,autonómico,7
UXLL,,,Independientes y locales,Ind.,#9ca3af,local,0
UXP AM,,,ERC,ERC,#ffb232,autonómico,7
UXSF ERC AM,,,ERC,ERC,#ffb232,autonómico,7
UXSP AM,,,ERC,ERC,#ffb232,autonómico,7
V A,,,Independientes y locales,Ind.,#9ca3af,local,0
V B,,,Independientes y locales,Ind.,#9ca3af,local,0
V C,,,Independientes y locales,Ind.,#9ca3af,local,0
V I V,,,Independientes y locales,Ind.,#9ca3af,local,0
VALL DE CARDOS AMONT,,,Independientes y locales,Ind.,#9ca3af,local,0
VAMOS,,,Independientes y locales,Ind.,#9ca3af,local,0
VC AM,,,ERC,ERC,#ffb232,autonómico,7
VCTMT,,,Independientes y locales,Ind.,#9ca3af,local,0
VDP,,,Independientes y locales,Ind.,#9ca3af,local,0
VDV,,,Independientes y locales,Ind.,#9ca3af,local,0
VEDM,,,Independientes y locales,Ind.,#9ca3af,local,0
VG,,,Independientes y locales,Ind.,#9ca3af,local,0
VIA ALFOZ,,,Independientes y locales,Ind.,#9ca3af,local,0
VIA AM,,,ERC,ERC,#ffb232,autonómico,7
VIU ESPOT ACORD MUNICIPAL,,,ERC,ERC,#ffb232,autonómico,7
VIU SORIGUERA ESQUERRA REPUBLICANA DE CATALUNYA ACORD MUNICIPAL,,,ERC,ERC,#ffb232,autonómico,7
VIU TIRVIA ACORD MUNICIPAL,,,ERC,ERC,#ffb232,autonómico,7
VIU VILLORES,,,Independientes y locales,Ind.,#9ca3af,local,0
VIUC AM,,,ERC,ERC,#ffb232,autonómico,7
VIURE VILOBI CANDIDATURA DE PROGRES VV CP,,,PSOE,PSOE,#e30613,estatal,8
VIVE,,,Independientes y locales,Ind.,#9ca3af,local,0
VM,,,Independientes y locales,Ind.,#9ca3af,local,0
VNU,,,Independientes y locales,Ind.,#9ca3af,local,0
VOX CAUDETE,,,Vox,Vox,#5ac035,estatal,12
VPT,,,Independientes y locales,Ind.,#9ca3af,local,0
VPV,,,Independientes y locales,Ind.,#9ca3af,local,0
VV,,,Independientes y locales,Ind.,#9ca3af,local,0
VXLL,,,Independientes y locales,Ind.,#9ca3af,local,0
VXV,,,Independientes y locales,Ind.,#9ca3af,local,0
X MONTITXELVO,,,Independientes y locales,Ind.,#9ca3af,local,0
X NERVA,,,Independientes y locales,Ind.,#9ca3af,local,0
XCM,,,Independientes y locales,Ind.,#9ca3af,local,0
XP AM,,,ERC,ERC,#ffb232,autonómico,7
XPC,,,Independientes y locales,Ind.,#9ca3af,local,0
XTU,,,Independientes y locales,Ind.,#9ca3af,local,0
XVR,,,Independientes y locales,Ind.,#9ca3af,local,0
Z B,,,Independientes y locales,Ind.,#9ca3af,local,0
ZB,,,Independientes y locales,Ind.,#9ca3af,local,0
AM,1983-1987,,Coalición Canaria,CC,#ffd700,autonómico,excepción
CD,2023-2027,,Independientes y locales,Ind.,#9ca3af,local,excepción
AHORA,2015-2019,28079,"IU, Podemos y Sumar",IU-Podemos-Sumar,#7b2d8e,estatal,excepción
C ELECTORAL,2015-2019,46250,Compromís,Compromís,#f29100,autonómico,excepción
C ELECTORAL,2019-2023,46250,Compromís,Compromís,#f29100,autonómico,excepción
OTROS,2015-2019,50297,"IU, Podemos y Sumar",IU-Podemos-Sumar,#7b2d8e,estatal,excepción
OTROS,2015-2019,15030,"IU, Podemos y Sumar",IU-Podemos-Sumar,#7b2d8e,estatal,excepción
OTROS,2015-2019,15078,"IU, Podemos y Sumar",IU-Podemos-Sumar,#7b2d8e,estatal,excepción
OTROS,2015-2019,11012,"IU, Podemos y Sumar",IU-Podemos-Sumar,#7b2d8e,estatal,excepción
C ELECTORAL,2019-2023,11012,"IU, Podemos y Sumar",IU-Podemos-Sumar,#7b2d8e,estatal,excepción
OTROS,2015-2019,07040,Otros partidos,Otros,#6d4c41,autonómico,excepción
C ELECTORAL,2019-2023,43148,ERC,ERC,#ffb232,autonómico,excepción
C ELECTORAL,2019-2023,25120,ERC,ERC,#ffb232,autonómico,excepción
C ELECTORAL,2015-2019,08015,PSOE,PSOE,#e30613,estatal,excepción
C ELECTORAL,2019-2023,08015,PSOE,PSOE,#e30613,estatal,excepción
C ELECTORAL,2015-2019,08279,PSOE,PSOE,#e30613,estatal,excepción
OTROS,2015-2019,30016,Independientes y locales,Ind.,#9ca3af,local,excepción
