indicador,periodo,anio,cod,pais,valor,unidad,puesto_mundo,fuente,url
aceite_produccion,2023/24,2023,MUNDO,Mundo,2589,miles de toneladas,,"COI, Olive sector statistics (diciembre de 2025): producción mundial 2023/24",https://www.internationaloliveoil.org/olive-sector-statistics-december-2025-and-forecasts/
aceite_produccion,2024/25,2024,MUNDO,Mundo,3572,miles de toneladas,,"COI, Olive sector statistics (diciembre de 2025): producción mundial 2024/25 (+38 %)",https://www.internationaloliveoil.org/olive-sector-statistics-december-2025-and-forecasts/
aceite_produccion,2024/25,2024,ES,España,1419,miles de toneladas,1,"COI, Olive sector statistics (diciembre de 2025): producción por país 2024/25",https://www.internationaloliveoil.org/olive-sector-statistics-december-2025-and-forecasts/
aceite_produccion,2024/25,2024,TR,Turquía,505,miles de toneladas,2,"COI, Olive sector statistics (diciembre de 2025): producción por país 2024/25",https://www.internationaloliveoil.org/olive-sector-statistics-december-2025-and-forecasts/
aceite_produccion,2024/25,2024,TN,Túnez,340,miles de toneladas,3,"COI, Olive sector statistics (diciembre de 2025): producción por país 2024/25",https://www.internationaloliveoil.org/olive-sector-statistics-december-2025-and-forecasts/
aceite_produccion,2024/25,2024,EL,Grecia,250,miles de toneladas,4,"COI, Olive sector statistics (diciembre de 2025): producción por país 2024/25",https://www.internationaloliveoil.org/olive-sector-statistics-december-2025-and-forecasts/
aceite_produccion,2024/25,2024,IT,Italia,248,miles de toneladas,5,"COI, Olive sector statistics (diciembre de 2025): producción por país 2024/25",https://www.internationaloliveoil.org/olive-sector-statistics-december-2025-and-forecasts/
aceite_produccion,2024/25,2024,PT,Portugal,177,miles de toneladas,,"COI, Olive sector statistics (diciembre de 2025): producción por país 2024/25",https://www.internationaloliveoil.org/olive-sector-statistics-december-2025-and-forecasts/
aceite_produccion,2025/26,2025,MUNDO,Mundo,3440,miles de toneladas,,"COI, Olive sector statistics (diciembre de 2025): previsión de producción mundial 2025/26",https://www.internationaloliveoil.org/olive-sector-statistics-december-2025-and-forecasts/
vinedo_superficie,2025,2025,MUNDO,Mundo,7000,miles de hectáreas,,"OIV, State of the World Wine Sector in 2025 (mayo de 2026), apdo. 1.1 World vineyard, p. 7 (7,0 mha)",https://www.oiv.int/sites/default/files/2026-05/OIV-State_of_the_World_Wine_Sector_in_2025.pdf
vinedo_superficie,2025,2025,ES,España,919,miles de hectáreas,1,"OIV, State of the World Wine Sector in 2025, apdo. 1.2 y tabla 1, p. 8-9 (el mayor viñedo del mundo; 13,1 % del total)",https://www.oiv.int/sites/default/files/2026-05/OIV-State_of_the_World_Wine_Sector_in_2025.pdf
vino_produccion,2025,2025,MUNDO,Mundo,227,millones de hectolitros,,"OIV, State of the World Wine Sector in 2025, apdo. 2 y tabla 2, p. 10-13 (sin zumos ni mostos)",https://www.oiv.int/sites/default/files/2026-05/OIV-State_of_the_World_Wine_Sector_in_2025.pdf
vino_produccion,2025,2025,IT,Italia,44.4,millones de hectolitros,1,"OIV, State of the World Wine Sector in 2025, tabla 2, p. 13",https://www.oiv.int/sites/default/files/2026-05/OIV-State_of_the_World_Wine_Sector_in_2025.pdf
vino_produccion,2025,2025,FR,Francia,36.1,millones de hectolitros,2,"OIV, State of the World Wine Sector in 2025, p. 11 (segundo productor mundial)",https://www.oiv.int/sites/default/files/2026-05/OIV-State_of_the_World_Wine_Sector_in_2025.pdf
vino_produccion,2025,2025,ES,España,28.7,millones de hectolitros,3,"OIV, State of the World Wine Sector in 2025, p. 11 (tercer productor mundial; -7,7 % sobre 2024)",https://www.oiv.int/sites/default/files/2026-05/OIV-State_of_the_World_Wine_Sector_in_2025.pdf
vino_exportacion_volumen,2025,2025,MUNDO,Mundo,94.8,millones de hectolitros,,"OIV, State of the World Wine Sector in 2025, apdo. 4.1 World trade, p. 18",https://www.oiv.int/sites/default/files/2026-05/OIV-State_of_the_World_Wine_Sector_in_2025.pdf
vino_exportacion_volumen,2025,2025,IT,Italia,21.0,millones de hectolitros,1,"OIV, State of the World Wine Sector in 2025, apdo. 4.3 Major wine exporters, p. 19-21",https://www.oiv.int/sites/default/files/2026-05/OIV-State_of_the_World_Wine_Sector_in_2025.pdf
vino_exportacion_volumen,2025,2025,ES,España,19.6,millones de hectolitros,2,"OIV, State of the World Wine Sector in 2025, apdo. 4.3 Major wine exporters, p. 19-21",https://www.oiv.int/sites/default/files/2026-05/OIV-State_of_the_World_Wine_Sector_in_2025.pdf
vino_exportacion_volumen,2025,2025,FR,Francia,12.5,millones de hectolitros,3,"OIV, State of the World Wine Sector in 2025, apdo. 4.3 (Francia, tercer exportador en volumen)",https://www.oiv.int/sites/default/files/2026-05/OIV-State_of_the_World_Wine_Sector_in_2025.pdf
vino_exportacion_valor,2025,2025,MUNDO,Mundo,33.8,miles de millones de euros,,"OIV, State of the World Wine Sector in 2025, apdo. 4.1 World trade, p. 18",https://www.oiv.int/sites/default/files/2026-05/OIV-State_of_the_World_Wine_Sector_in_2025.pdf
vino_exportacion_valor,2025,2025,FR,Francia,11.2,miles de millones de euros,1,"OIV, State of the World Wine Sector in 2025, apdo. 4.3 (Francia, primer exportador en valor)",https://www.oiv.int/sites/default/files/2026-05/OIV-State_of_the_World_Wine_Sector_in_2025.pdf
vino_exportacion_valor,2025,2025,IT,Italia,7.8,miles de millones de euros,,"OIV, State of the World Wine Sector in 2025, apdo. 4.3 Major wine exporters",https://www.oiv.int/sites/default/files/2026-05/OIV-State_of_the_World_Wine_Sector_in_2025.pdf
vino_exportacion_valor,2025,2025,ES,España,3.0,miles de millones de euros,,"OIV, State of the World Wine Sector in 2025, apdo. 4.3 Major wine exporters",https://www.oiv.int/sites/default/files/2026-05/OIV-State_of_the_World_Wine_Sector_in_2025.pdf
