hospital_id,cod_ccaa,ccaa,hospital,municipio,empresa_inicial,empresa_actual,modelo,anio_inicio,anio_fin_o_reversion,fecha_reversion,poblacion_asignada,poblacion_anio,poblacion_fuente_url,capita_eur,capita_anio,capita_fuente_url,fuente_url,nota,duracion_contrato_anios,fiabilidad
la_ribera,10,Comunitat Valenciana,Hospital Universitario de La Ribera (Departamento de Salud de La Ribera),Alzira,"UTE Ribera Salud (Adeslas, Bancaja, CAM, Dragados, Lubasa)","Al revertir: Ribera Salud 96%, Lubasa 2%, Dragados 2%; Ribera Salud participada al 50% por Centene desde 2014 (otro 50% Banco Sabadell)",concesion_capitativa,1999,2018,2018-04-01,245855,2017,https://riberasalud.com//wp-content/uploads/2024/12/Memoria_Anual_Alzira_28_Junio_2018_DEF.pdf,,,,https://dogv.gva.es/datos/2018/03/28/pdf/2018_3087.pdf,"Decreto 22/2018 (DOGV 28-03-2018): contrato de atención sanitaria integral firmado el 31-03-2003, finaliza el 31-03-2018 y revierte el 1-04-2018. El primer contrato (enero 1999) cubría solo atención especializada; el de 2003 añade primaria (Valencia Plaza/EFE 24-03-2018, https://valenciaplaza.com/el-modelo-alzira-auge-y-caida-de-una-gestion-sanitaria-privada-20-anos-envuelta-en-polemicas). Población: memoria de gestión 2017 del departamento editada por la concesionaria (no Conselleria). Otros años: 2018: «256.000 pacientes de su área» (Valencia Plaza/EFE 24-03-2018, prensa). Accionistas iniciales: Ribera Salud creada por Bancaja y CAM; Adeslas tenía participación hasta 2015 (Redacción Médica 16-06-2015); porcentajes de 1999 no verificados (habitualmente se citan Adeslas 51%, cajas 45%, Dragados+Lubasa 4%: NO verificado). Según el coordinador, elDiario.es 14-02-2026 cita rescate de 2003 con canon de 41 a 72 M€ y compra del edificio por 43,2 M€ (no verificado; Público 2013 da 41→72 M€ como inversión de la UTE, no como canon). Cápita: sin cifra oficial encontrada (Deloitte, por encargo de la empresa: 990,71 €/hab; no oficial).",15,media
torrevieja,10,Comunitat Valenciana,Hospital Universitario de Torrevieja (Departamento de Salud de Torrevieja),Torrevieja,"Torrevieja Salud UTE Ley 18/82 (Ribera Salud 65% / Asisa 35%, reparto citado hacia 2014)",Al revertir: Ribera Salud 100% (compró el 35% de Asisa en 2015); Ribera controlada por Centene,concesion_capitativa,2006,2021,2021-10-16,225705,2025,https://torrevieja.san.gva.es/documents/d/guest/memoria_gestion2025,,,,https://dogv.gva.es/datos/2021/10/14/pdf/2021_10319.pdf,"Decreto 164/2021 (DOGV 14-10-2021): contrato firmado el 21-03-2003; 15 años desde la puesta en funcionamiento del hospital; fin de la concesión fijado el 15-10-2021 por resolución de 4-12-2006; reversión el 16-10-2021. Serie oficial (Memoria de gestión 2025 del Departamento, fig. 2, población SIP total / de ella en cápita): 06-01-2019: 182.353 / 158.519; 06-01-2020: 185.539 / 160.590; 03-01-2021: 186.281 / 161.009; 09-01-2022: 202.967 / 165.298; 02-01-2023: 204.180 / 168.088; 03-01-2024: 210.782 / 174.659; 07-01-2025: 217.531 / 184.138; 30-12-2025: 225.705 / 190.633 (fila «no cápita» = diferencia). Accionistas: Alimarket (~2014) y Redacción Médica 29-05-2015. Cápita oficial no encontrada.",15,alta
denia,10,Comunitat Valenciana,Hospital de Dénia (Departamento de Salud de Dénia),Dénia,Marina Salud SA (DKV 65% / Ribera Salud 35%),"Al revertir: Marina Salud SA 100% Ribera (compró el 65% de DKV en agosto de 2021 por 16,2 M€)",concesion_capitativa,2009,2024,2024-02-01,187000,2024,https://www.elespanol.com/alacant/marina-alta/20240131/hospital-denia-revierte-manana-gestion-publica-sin-polemicas-alzira-torrevieja/829167245_0.html,932.19,2022,https://alicanteplaza.es/delaumentodelcosteadeficienciasdelcontratoasijustificosanidadlanoprorrogadelaconcesiondedenia,https://dogv.gva.es/datos/2024/01/25/pdf/2024_583.pdf,"Decreto 14/2024 (DOGV 25-01-2024): contrato formalizado el 14-03-2005 con Marina Salud SA; inicio de los servicios el 1-02-2009; fin de la concesión el 31-01-2024; reversión el 1-02-2024 (sin prórroga). Población solo en prensa: «alrededor de 187.000 personas» (El Español 31-01-2024); Alimarket (época de la concesión) citaba 163.000 habitantes. Cápita: informe económico de la Conselleria citado por Alicante Plaza 2-08-2023: 597,64 € en 2009 y 932,19 € en 2022 (no he visto el informe original). Accionistas: Valencia Plaza / Alicante Plaza (compra a DKV); El Español 23-01-2024 confirma que Ribera la controla en exclusiva desde agosto de 2021.",15,baja
manises,10,Comunitat Valenciana,Hospital de Manises (Departamento de Salud de Manises),Manises,Especialitzada i Primària l'Horta Manises SA (consorcio Sanitas-Ribera Salud; Sanitas 60%),Al revertir: Sanitas (Bupa) 100% (compró la parte de Ribera Salud en noviembre de 2012),concesion_capitativa,2009,2024,2024-05-07,200000,2024,https://valenciaplaza.com/el-hospital-de-manises-pasara-el-7-de-mayo-a-la-gestion-directa-tras-15-anos-de-concesion,721,2009-2015,https://riberasalud.com//wp-content/uploads/2024/12/Auditoria.pdf,https://dogv.gva.es/datos/2024/04/24/pdf/2024_3542.pdf,"Decreto 47/2024 (DOGV 24-04-2024): contrato formalizado el 27-12-2006; apertura y puesta en funcionamiento del hospital el 7-05-2009; 15 años prorrogables 5 (no prorrogado); extinción el 6-05-2024; reversión el 7-05-2024. Cubre zonas básicas de los departamentos 6, 7 y 9. Población solo en prensa: «más de 200.000» protegidos de 14 municipios, más 75.000 por libre elección (Valencia Plaza 4-05-2024, citando a la empresa). Cápita: Sindicatura de Comptes, auditoría operativa 2009-2015: 721 €/hab/año con inversiones (674 sin inversión), frente a 894 € en comarcales públicos (copia del informe alojada en riberasalud.com; Valencia Plaza 10-04-2017). Venta a Sanitas: Valencia Plaza / Alimarket 16-11-2012.",15,baja
vinalopo,10,Comunitat Valenciana,Hospital Universitario del Vinalopó (Departamento de Salud Elx-Crevillent),Elche/Elx,Elche Crevillente Salud SA (Ribera Salud / Asisa 40%),"Elche Crevillente Salud SAU, 100% Grupo Ribera (Vivalto Santé desde la compra a Centene, 2022-2023)",concesion_capitativa,2010,,,155049,2025,https://alicanteplaza.es/alicanteplaza/elcheplaza/lo-que-sanitat-pidio-a-ribera-para-otros-5-anos-en-el-vinalopo-otro-quirofano-y-230-nuevos-sanitarios,1066.44,2025,https://alicanteplaza.es/alicanteplaza/elcheplaza/lo-que-sanitat-pidio-a-ribera-para-otros-5-anos-en-el-vinalopo-otro-quirofano-y-230-nuevos-sanitarios,https://www.eldiario.es/comunitat-valenciana/gobierno-mazon-prorroga-cinco-anos-privatizacion-hospital-elx-vinalopo-unico-queda-gestion-indirecta_1_12125458.html,"Sigue privada a octubre de 2026: contrato adjudicado en 2007, primera fase 2010-2025 (vencía el 31-05-2025), prórroga de 5 años anunciada en mayo de 2024, confirmada el 12-03-2025 y efectiva el 30-05-2025, hasta el 31-05-2030 como máximo (elDiario.es 12-03-2025 y 12-01-2026; Alicante Plaza 13-11-2025). Población protegida de 155.049 y cápita de 1.066,44 € (2025, revisión del 1,5%) según el documento del Consell consultado por Alicante Plaza 13-11-2025 (documento oficial no visto). elDiario.es 27-01-2026 da una cápita de 1.066 € desde 2024. Otros años: 2017: «más de 145.000 ciudadanos» (memoria de gestión 2017 de la concesionaria, https://riberasalud.com//wp-content/uploads/2024/12/Memoria_Anual_Vinalopo_28_Junio_2018_DEF.pdf); 2025: «más de 150.000» (elDiario.es 12-03-2025). Asisa tenía el 40% hasta 2015 (Redacción Médica 29-05-2015). Vivalto: Valencia Plaza (cierre de la venta de Centene). Duración: 15 años iniciales + 5 de prórroga.",20,media
infanta_elena,13,Comunidad de Madrid,Hospital Universitario Infanta Elena,Valdemoro,Capio Sanidad,Quirónsalud (IDCsalud tras 2013-2014; grupo Fresenius Helios desde 2016-2017),concesion_capitativa,2007,,,132056,2024,https://www.comunidad.madrid/docs/assets/2025/11/06/memoria_2024_huie.pdf,,,,https://www.comunidad.madrid/docs/assets/2025/11/06/memoria_2024_huie.pdf,"Población SIP-CIBELES a 31-12-2024 (Memoria 2024, tabla «Población de referencia», total impreso). Abrió en diciembre de 2007 (Plan de Gestión 2015-2018 del hospital); inaugurado el 24-11-2007. Otros años: 2014: unas 110.927 tarjetas sanitarias (Memoria HUIE 2014, https://www.hospitalinfantaelena.es/es/centro/memorias.ficheros/286079-Memoria%20HUIE%202014.pdf, visto solo en un resultado de búsqueda); al abrir: «atenderá a 100.000 madrileños» (nota de prensa en quironsalud.com, no abierta). Capio como concesionaria inicial: no verificado directamente para este hospital. Según el coordinador, elDiario.es 14-02-2026 da 330 €/habitante para Valdemoro (año desconocido; no verificado). Duración 30 años según elDiario.es 14-02-2026 (https://www.eldiario.es/sociedad/pacientes-clientes-madrid-valencia-han-llevado-limite-privatizacion-sanitaria_1_12985553.html), dato aportado por el coordinador; cuerpo del artículo tras muro de suscriptores, no verificado por mí.",30,alta
rey_juan_carlos,13,Comunidad de Madrid,Hospital Universitario Rey Juan Carlos,Móstoles,Capio Sanidad,Quirónsalud (Capio → IDCsalud 2013 → Quirónsalud 2014; Fresenius Helios desde 2016-2017),concesion_capitativa,2012,,,190169,2024,https://www.comunidad.madrid/docs/assets/2025/11/06/memoria_2024_hu_rey_juan_carlos.pdf,,,,https://www.comunidad.madrid/docs/assets/2025/11/06/memoria_2024_hu_rey_juan_carlos.pdf,"Población SIP-CIBELES a 31-12-2024 (Memoria 2024, total impreso). Inicio de actividad el 22-03-2012 (Quirónsalud). Concesión a 30 años hasta 2040 según Hispanopedia (wiki, no oficial). Duración 30 años según elDiario.es 14-02-2026 (https://www.eldiario.es/sociedad/pacientes-clientes-madrid-valencia-han-llevado-limite-privatizacion-sanitaria_1_12985553.html), dato aportado por el coordinador; cuerpo del artículo tras muro de suscriptores, no verificado por mí.",30,alta
torrejon,13,Comunidad de Madrid,Hospital Universitario de Torrejón,Torrejón de Ardoz,"Torrejón Salud SA (Ribera Salud 50-60%, Asisa 25%, Concessia 10%, FCC 5%)","Torrejón Salud, Grupo Ribera (Vivalto Santé); gestionado por Ribera desde diciembre de 2018",concesion_capitativa,2011,,,164487,2023,https://www.comunidad.madrid/docs/assets/2025/11/06/memoria_2024_hu_torrejon.pdf,,,,https://www.comunidad.madrid/docs/assets/2025/11/06/memoria_2024_hu_torrejon.pdf,"La Memoria 2024 rotula la tabla como «SIP-CIBELES. Población a 31/12/2023» (total impreso 164.487). Inaugurado en septiembre de 2011 (Memoria 2024). Propiedad: Alimarket 2012 (Ribera 60% / Asisa 25% / Concessia 10% / FCC 5%; otra fuente da a Ribera el 50%); Sanitas compra la parte de Ribera en noviembre de 2012; Centene compra a Sanitas (65%) y Asisa (25%) en 2018, con Concessia en el 10% restante (Alicante Plaza); Ribera gestiona desde el 28-12-2018 (Redacción Médica); la venta a Vivalto incluyó Torrejón Salud (Valencia Plaza). elDiario.es 27-01-2026: Torrejón Salud ingresó 123,5 M€ en 2024 y cita 581 € de cápita en la Comunidad de Madrid (no oficial). Duración 30 años según elDiario.es 14-02-2026 (https://www.eldiario.es/sociedad/pacientes-clientes-madrid-valencia-han-llevado-limite-privatizacion-sanitaria_1_12985553.html), dato aportado por el coordinador; cuerpo del artículo tras muro de suscriptores, no verificado por mí.",30,alta
villalba,13,Comunidad de Madrid,Hospital Universitario General de Villalba,Collado Villalba,,Quirónsalud (Fresenius Helios),concesion_capitativa,2014,,,129993,2023,https://www.comunidad.madrid/docs/assets/2025/11/06/memoria_2024_hgu_villalba.pdf,,,,https://www.comunidad.madrid/docs/assets/2025/11/06/memoria_2024_hgu_villalba.pdf,"La Memoria 2024 rotula la tabla como «Población a 31/12/2023» (total impreso 129.993). Apertura el 14-10-2014 (la misma memoria dice en otro punto 16-10-2014). Concesionaria inicial no verificada (presumiblemente IDCsalud). Duración 30 años según elDiario.es 14-02-2026 (https://www.eldiario.es/sociedad/pacientes-clientes-madrid-valencia-han-llevado-limite-privatizacion-sanitaria_1_12985553.html), dato aportado por el coordinador; cuerpo del artículo tras muro de suscriptores, no verificado por mí.",30,alta
fundacion_jimenez_diaz,13,Comunidad de Madrid,Hospital Universitario Fundación Jiménez Díaz,Madrid,,Quirónsalud (Fresenius Helios),concierto_singular,2006,,,464757,2023,https://www.comunidad.madrid/docs/assets/2025/11/06/memoria_2024_hu_fjd.pdf,,,,https://www.comunidad.madrid/docs/assets/2025/11/06/memoria_2024_hu_fjd.pdf,"Memoria 2024: «concierto con el Servicio Madrileño de Salud desde 2006 que, en marzo de 2011, mediante un Acuerdo de Novación, amplió su vigencia a 30 años»; cada año una cláusula fija la población asignada y la contraprestación. Tabla SIP-CIBELES rotulada «Población a 31/12/2023»: 464.757; el texto de la misma memoria dice «tiene asignada una población de 461.028». Según el coordinador, elDiario.es 14-02-2026 lo describe como concierto singular con pago por acto (no verificado). Concesionaria en 2006 (Capio) no verificada.",30,alta
infanta_leonor,13,Comunidad de Madrid,Hospital Universitario Infanta Leonor,Madrid (Villa de Vallecas),,,pfi_no_sanitaria,2008,,,327813,2024,https://www.comunidad.madrid/docs/assets/2025/11/06/memoria_2024_huil.pdf,,,,https://www.comunidad.madrid/docs/assets/2025/11/06/memoria_2024_huil.pdf,"Sin total impreso: suma de los 13 centros de salud de la tabla SIP-CIBELES a 31-12-2024 (cálculo propio). El hospital incluye el Hospital Virgen de la Torre. Apertura en febrero de 2008 (grupo de 6 hospitales de Aranjuez, Arganda, Coslada, Parla, San Sebastián de los Reyes y Vallecas anunciado en enero de 2008; resultado de búsqueda de una nota en quironsalud.com, no abierta). Personal sanitario público: no cuenta como gestión sanitaria privada. Duración 30 años según elDiario.es 14-02-2026 (https://www.eldiario.es/sociedad/pacientes-clientes-madrid-valencia-han-llevado-limite-privatizacion-sanitaria_1_12985553.html), dato aportado por el coordinador; cuerpo del artículo tras muro de suscriptores, no verificado por mí.",30,media
infanta_sofia,13,Comunidad de Madrid,Hospital Universitario Infanta Sofía,San Sebastián de los Reyes,MERIDIAN (concesionaria de obra y servicios no sanitarios),MERIDIAN (concesionaria de obra y servicios no sanitarios),pfi_no_sanitaria,2008,,,330756,2024,https://www.comunidad.madrid/docs/assets/2025/11/06/memoria_2024_hu_infanta_sofia.pdf,,,,https://www.comunidad.madrid/docs/assets/2025/11/06/memoria_2024_hu_infanta_sofia.pdf,"Memoria 2024: «inaugurado el 15 de febrero de 2008» y atiende a «una población de 330.756 habitantes» de 54 municipios. La tabla SIP a 31-12-2024 no tiene total y su suma extraída del PDF (~353.797) no es fiable. PFI confirmado: «MERIDIAN se encarga de la gestión en régimen de concesión ... construcción, financiación, mantenimiento y gestión de servicios no sanitarios». El laboratorio es de BR Salud (Unilabs + Ribera Salud). Personal sanitario público: no cuenta como gestión sanitaria privada. Duración 30 años según elDiario.es 14-02-2026 (https://www.eldiario.es/sociedad/pacientes-clientes-madrid-valencia-han-llevado-limite-privatizacion-sanitaria_1_12985553.html), dato aportado por el coordinador; cuerpo del artículo tras muro de suscriptores, no verificado por mí.",30,media
infanta_cristina,13,Comunidad de Madrid,Hospital Universitario Infanta Cristina,Parla,,,pfi_no_sanitaria,2008,,,181404,2024,https://www.comunidad.madrid/docs/assets/2025/11/06/memoria_2024_hui_cristrina.pdf,,,,https://www.comunidad.madrid/docs/assets/2025/11/06/memoria_2024_hui_cristrina.pdf,"Total impreso (TOTALES) de la tabla SIP-CIBELES a 31-12-2024. La memoria cita la «Sociedad Concesionaria» responsable de la explotación de las instalaciones. Apertura en 2008 (grupo de febrero de 2008, no verificado individualmente). Personal sanitario público: no cuenta como gestión sanitaria privada. Duración 30 años según elDiario.es 14-02-2026 (https://www.eldiario.es/sociedad/pacientes-clientes-madrid-valencia-han-llevado-limite-privatizacion-sanitaria_1_12985553.html), dato aportado por el coordinador; cuerpo del artículo tras muro de suscriptores, no verificado por mí.",30,alta
henares,13,Comunidad de Madrid,Hospital Universitario del Henares,Coslada,,,pfi_no_sanitaria,2008,,,175837,2024,https://www.comunidad.madrid/docs/assets/2025/11/06/memoria_2024_hu_henares.pdf,,,,https://www.comunidad.madrid/docs/assets/2025/11/06/memoria_2024_hu_henares.pdf,"Total impreso de la tabla SIP-CIBELES a 31-12-2024. Memoria 2024: «Desde su inauguración en 2008»; según un resultado de búsqueda, fue el primero de los 6 en abrir, el 8-02-2008. Personal sanitario público: no cuenta como gestión sanitaria privada. Duración 30 años según elDiario.es 14-02-2026 (https://www.eldiario.es/sociedad/pacientes-clientes-madrid-valencia-han-llevado-limite-privatizacion-sanitaria_1_12985553.html), dato aportado por el coordinador; cuerpo del artículo tras muro de suscriptores, no verificado por mí.",30,alta
sureste,13,Comunidad de Madrid,Hospital Universitario del Sureste,Arganda del Rey,,,pfi_no_sanitaria,2008,,,200955,2024,https://www.comunidad.madrid/docs/assets/2025/11/06/memoria_2024_hu_sureste.pdf,,,,https://www.comunidad.madrid/docs/assets/2025/11/06/memoria_2024_hu_sureste.pdf,"Total impreso de la tabla SIP-CIBELES a 31-12-2024. Apertura en 2008 (grupo de febrero de 2008, no verificado individualmente). Un artículo de Alimarket (visto solo en un resultado de búsqueda) decía que en el Sureste la adjudicataria llevaba también servicios sanitarios: no verificado y contrario a lo que da el coordinador; lo trato como PFI. Personal sanitario público: no cuenta como gestión sanitaria privada. Duración 30 años según elDiario.es 14-02-2026 (https://www.eldiario.es/sociedad/pacientes-clientes-madrid-valencia-han-llevado-limite-privatizacion-sanitaria_1_12985553.html), dato aportado por el coordinador; cuerpo del artículo tras muro de suscriptores, no verificado por mí.",30,alta
tajo,13,Comunidad de Madrid,Hospital Universitario del Tajo,Aranjuez,,,pfi_no_sanitaria,2008,,,83925,2024,https://www.comunidad.madrid/docs/assets/2025/11/06/memoria_2024_hu_tajo.pdf,,,,https://www.comunidad.madrid/docs/assets/2025/11/06/memoria_2024_hu_tajo.pdf,"Sin total impreso: suma de los 6 centros de la tabla SIP-CIBELES a 31-12-2024 (cálculo propio). La memoria cita servicios no sanitarios «prestados por la Sociedad Concesionaria». Personal sanitario público: no cuenta como gestión sanitaria privada. Duración 30 años según elDiario.es 14-02-2026 (https://www.eldiario.es/sociedad/pacientes-clientes-madrid-valencia-han-llevado-limite-privatizacion-sanitaria_1_12985553.html), dato aportado por el coordinador; cuerpo del artículo tras muro de suscriptores, no verificado por mí.",30,media
puerta_de_hierro,13,Comunidad de Madrid,Hospital Universitario Puerta de Hierro Majadahonda,Majadahonda,,,pfi_no_sanitaria,2008,,,424164,2024,https://www.comunidad.madrid/docs/assets/2025/11/06/memoria_2024_hu_puerta_de_hierro.pdf,,,,https://www.comunidad.madrid/docs/assets/2025/11/06/memoria_2024_hu_puerta_de_hierro.pdf,"Total impreso de la tabla SIP-CIBELES a 31-12-2024. Memoria 2024: «inició sus actividades a finales del año 2008 por el traslado desde la antigua sede». La memoria cita personal «estructuralmente de la empresa concesionaria» (servicios no sanitarios). Sustituye a un hospital existente. Personal sanitario público: no cuenta como gestión sanitaria privada. Duración 30 años según elDiario.es 14-02-2026 (https://www.eldiario.es/sociedad/pacientes-clientes-madrid-valencia-han-llevado-limite-privatizacion-sanitaria_1_12985553.html), dato aportado por el coordinador; cuerpo del artículo tras muro de suscriptores, no verificado por mí.",30,alta
povisa,12,Galicia,Hospital Ribera Povisa,Vigo,"Hospital Povisa SA (Nosa Terra XXI, gestor desde 1996)","Hospital Povisa SA, Grupo Ribera (93% comprado en octubre de 2019; Vivalto Santé)",concierto_singular,,,,113081,2025,https://www.xunta.gal/es/notas-de-prensa/-/nova/014072/xunta-remarca-que-nuevo-contrato-con-povisa-sigue-las-recomendaciones-del-consello,,,,https://www.xunta.gal/es/notas-de-prensa/-/nova/014072/xunta-remarca-que-nuevo-contrato-con-povisa-sigue-las-recomendaciones-del-consello,"Xunta 19-06-2025: «cuenta con 113.081 tarjetas sanitarias»; se pasa de un concierto pagado por cápita a un contrato de servicios pagado por proceso. Contrato con el Sergas formalizado el 11-04-2025, vigente del 1-04-2025 al 31-03-2027, prorrogable 3 años, con 194,7 M€ por dos años (DOG nº 69, 15-04-2026; prensa). Sigue con población de referencia y libre elección anual. Año de inicio del concierto con población asignada no verificado (concierto de 2014, nuevo concierto a finales de 2018). Otros años: 2019: «cerca de 134.000 personas» (Redacción Médica 3-10-2019, prensa; concepto quizá distinto). No es reversión.",2,alta
