anio,cod_mun
2023,01001
2023,01002
2023,01010
2023,01036
2023,01043
2023,01051
2023,01059
2023,01901
2023,02003
2023,02009
2023,02010
2023,02012
2023,02019
2023,02024
2023,02025
2023,02029
2023,02030
2023,02033
2023,02035
2023,02037
2023,02045
2023,02051
2023,02053
2023,02056
2023,02057
2023,02069
2023,02073
2023,02074
2023,02075
2023,02079
2023,02081
2023,02086
2023,02901
2023,03002
2023,03005
2023,03009
2023,03011
2023,03014
2023,03015
2023,03018
2023,03019
2023,03021
2023,03024
2023,03031
2023,03041
2023,03043
2023,03044
2023,03047
2023,03048
2023,03049
2023,03050
2023,03053
2023,03055
2023,03056
2023,03058
2023,03059
2023,03063
2023,03064
2023,03065
2023,03066
2023,03069
2023,03070
2023,03071
2023,03076
2023,03079
2023,03081
2023,03082
2023,03083
2023,03088
2023,03089
2023,03090
2023,03092
2023,03093
2023,03094
2023,03095
2023,03096
2023,03099
2023,03101
2023,03102
2023,03104
2023,03105
2023,03107
2023,03109
2023,03111
2023,03113
2023,03118
2023,03119
2023,03120
2023,03121
2023,03122
2023,03123
2023,03128
2023,03133
2023,03138
2023,03139
2023,03140
2023,03902
2023,03903
2023,04003
2023,04006
2023,04011
2023,04013
2023,04016
2023,04024
2023,04029
2023,04031
2023,04032
2023,04035
2023,04037
2023,04038
2023,04045
2023,04047
2023,04049
2023,04052
2023,04053
2023,04057
2023,04062
2023,04064
2023,04066
2023,04069
2023,04070
2023,04074
2023,04075
2023,04079
2023,04083
2023,04088
2023,04092
2023,04093
2023,04098
2023,04099
2023,04100
2023,04101
2023,04102
2023,04902
2023,04903
2023,04904
2023,05002
2023,05014
2023,05016
2023,05019
2023,05021
2023,05022
2023,05047
2023,05057
2023,05102
2023,05114
2023,05163
2023,05168
2023,05187
2023,05240
2023,05241
2023,06002
2023,06004
2023,06005
2023,06006
2023,06007
2023,06011
2023,06012
2023,06014
2023,06015
2023,06016
2023,06019
2023,06020
2023,06022
2023,06023
2023,06024
2023,06025
2023,06028
2023,06033
2023,06036
2023,06039
2023,06044
2023,06050
2023,06051
2023,06052
2023,06054
2023,06055
2023,06058
2023,06059
2023,06060
2023,06063
2023,06066
2023,06067
2023,06069
2023,06070
2023,06072
2023,06074
2023,06080
2023,06083
2023,06085
2023,06086
2023,06087
2023,06088
2023,06091
2023,06093
2023,06094
2023,06095
2023,06097
2023,06103
2023,06107
2023,06108
2023,06109
2023,06113
2023,06115
2023,06116
2023,06117
2023,06120
2023,06121
2023,06122
2023,06123
2023,06124
2023,06125
2023,06126
2023,06127
2023,06128
2023,06136
2023,06141
2023,06143
2023,06149
2023,06152
2023,06153
2023,06154
2023,06155
2023,06158
2023,06159
2023,06160
2023,06162
2023,06901
2023,06903
2023,07001
2023,07002
2023,07003
2023,07004
2023,07005
2023,07006
2023,07008
2023,07010
2023,07011
2023,07012
2023,07013
2023,07014
2023,07015
2023,07016
2023,07020
2023,07022
2023,07023
2023,07024
2023,07026
2023,07027
2023,07029
2023,07030
2023,07031
2023,07032
2023,07033
2023,07035
2023,07036
2023,07037
2023,07038
2023,07039
2023,07040
2023,07041
2023,07042
2023,07043
2023,07044
2023,07046
2023,07047
2023,07048
2023,07049
2023,07050
2023,07051
2023,07052
2023,07054
2023,07055
2023,07056
2023,07057
2023,07058
2023,07059
2023,07060
2023,07061
2023,07062
2023,07064
2023,07065
2023,08001
2023,08003
2023,08005
2023,08006
2023,08007
2023,08009
2023,08010
2023,08015
2023,08017
2023,08018
2023,08019
2023,08020
2023,08022
2023,08023
2023,08029
2023,08030
2023,08031
2023,08033
2023,08035
2023,08040
2023,08041
2023,08042
2023,08043
2023,08044
2023,08046
2023,08047
2023,08051
2023,08053
2023,08054
2023,08056
2023,08064
2023,08067
2023,08068
2023,08069
2023,08072
2023,08073
2023,08074
2023,08075
2023,08076
2023,08077
2023,08086
2023,08088
2023,08089
2023,08091
2023,08092
2023,08096
2023,08098
2023,08100
2023,08101
2023,08102
2023,08105
2023,08106
2023,08107
2023,08108
2023,08110
2023,08112
2023,08113
2023,08114
2023,08115
2023,08117
2023,08118
2023,08119
2023,08120
2023,08121
2023,08123
2023,08124
2023,08125
2023,08126
2023,08127
2023,08135
2023,08136
2023,08138
2023,08140
2023,08141
2023,08143
2023,08145
2023,08146
2023,08147
2023,08148
2023,08155
2023,08156
2023,08157
2023,08158
2023,08159
2023,08161
2023,08163
2023,08167
2023,08169
2023,08171
2023,08172
2023,08175
2023,08180
2023,08181
2023,08183
2023,08184
2023,08187
2023,08191
2023,08192
2023,08194
2023,08196
2023,08197
2023,08198
2023,08200
2023,08202
2023,08203
2023,08204
2023,08205
2023,08207
2023,08208
2023,08209
2023,08210
2023,08211
2023,08213
2023,08214
2023,08215
2023,08217
2023,08218
2023,08219
2023,08220
2023,08221
2023,08227
2023,08230
2023,08231
2023,08233
2023,08234
2023,08235
2023,08237
2023,08238
2023,08240
2023,08244
2023,08245
2023,08248
2023,08250
2023,08251
2023,08252
2023,08259
2023,08260
2023,08261
2023,08262
2023,08263
2023,08264
2023,08266
2023,08267
2023,08269
2023,08270
2023,08273
2023,08274
2023,08278
2023,08279
2023,08281
2023,08282
2023,08283
2023,08284
2023,08285
2023,08286
2023,08289
2023,08291
2023,08294
2023,08295
2023,08298
2023,08300
2023,08301
2023,08302
2023,08305
2023,08307
2023,08902
2023,08904
2023,08905
2023,09018
2023,09048
2023,09056
2023,09059
2023,09194
2023,09209
2023,09219
2023,09289
2023,09321
2023,09410
2023,09427
2023,09903
2023,10010
2023,10018
2023,10020
2023,10021
2023,10032
2023,10035
2023,10037
2023,10044
2023,10049
2023,10061
2023,10067
2023,10082
2023,10087
2023,10096
2023,10104
2023,10105
2023,10109
2023,10110
2023,10111
2023,10112
2023,10113
2023,10115
2023,10116
2023,10121
2023,10126
2023,10127
2023,10128
2023,10131
2023,10148
2023,10175
2023,10180
2023,10189
2023,10195
2023,10203
2023,10205
2023,10212
2023,11001
2023,11002
2023,11004
2023,11005
2023,11006
2023,11007
2023,11008
2023,11010
2023,11012
2023,11013
2023,11014
2023,11015
2023,11016
2023,11017
2023,11019
2023,11020
2023,11021
2023,11022
2023,11023
2023,11024
2023,11025
2023,11026
2023,11027
2023,11028
2023,11029
2023,11030
2023,11031
2023,11032
2023,11033
2023,11034
2023,11035
2023,11037
2023,11038
2023,11039
2023,11041
2023,11901
2023,11902
2023,11903
2023,12004
2023,12005
2023,12009
2023,12011
2023,12012
2023,12016
2023,12021
2023,12027
2023,12028
2023,12031
2023,12032
2023,12033
2023,12040
2023,12053
2023,12071
2023,12077
2023,12080
2023,12082
2023,12084
2023,12085
2023,12089
2023,12100
2023,12104
2023,12117
2023,12124
2023,12126
2023,12129
2023,12135
2023,12136
2023,12138
2023,12901
2023,12902
2023,13001
2023,13002
2023,13005
2023,13007
2023,13009
2023,13011
2023,13013
2023,13015
2023,13019
2023,13020
2023,13023
2023,13027
2023,13028
2023,13031
2023,13032
2023,13033
2023,13034
2023,13038
2023,13039
2023,13044
2023,13047
2023,13052
2023,13053
2023,13054
2023,13056
2023,13058
2023,13061
2023,13063
2023,13064
2023,13065
2023,13066
2023,13071
2023,13077
2023,13078
2023,13079
2023,13082
2023,13083
2023,13085
2023,13087
2023,13089
2023,13092
2023,13093
2023,13096
2023,13097
2023,13098
2023,14001
2023,14002
2023,14004
2023,14005
2023,14006
2023,14007
2023,14008
2023,14009
2023,14010
2023,14012
2023,14013
2023,14014
2023,14015
2023,14016
2023,14017
2023,14018
2023,14019
2023,14021
2023,14022
2023,14023
2023,14024
2023,14025
2023,14026
2023,14027
2023,14029
2023,14030
2023,14035
2023,14036
2023,14037
2023,14038
2023,14039
2023,14040
2023,14041
2023,14042
2023,14043
2023,14045
2023,14046
2023,14048
2023,14049
2023,14050
2023,14051
2023,14052
2023,14053
2023,14054
2023,14055
2023,14056
2023,14057
2023,14058
2023,14060
2023,14066
2023,14067
2023,14069
2023,14070
2023,14073
2023,14074
2023,15001
2023,15002
2023,15004
2023,15005
2023,15006
2023,15007
2023,15008
2023,15009
2023,15010
2023,15011
2023,15012
2023,15013
2023,15014
2023,15015
2023,15016
2023,15017
2023,15019
2023,15020
2023,15021
2023,15022
2023,15023
2023,15024
2023,15029
2023,15030
2023,15031
2023,15032
2023,15033
2023,15034
2023,15035
2023,15036
2023,15037
2023,15038
2023,15040
2023,15041
2023,15042
2023,15043
2023,15045
2023,15046
2023,15047
2023,15048
2023,15049
2023,15050
2023,15051
2023,15052
2023,15053
2023,15054
2023,15055
2023,15056
2023,15057
2023,15058
2023,15059
2023,15060
2023,15061
2023,15062
2023,15064
2023,15065
2023,15066
2023,15067
2023,15068
2023,15069
2023,15070
2023,15071
2023,15072
2023,15073
2023,15074
2023,15075
2023,15076
2023,15077
2023,15078
2023,15079
2023,15080
2023,15082
2023,15084
2023,15085
2023,15086
2023,15087
2023,15088
2023,15089
2023,15090
2023,15092
2023,15093
2023,15901
2023,15902
2023,16007
2023,16033
2023,16042
2023,16066
2023,16078
2023,16106
2023,16112
2023,16113
2023,16118
2023,16124
2023,16125
2023,16133
2023,16134
2023,16154
2023,16171
2023,16175
2023,16190
2023,16198
2023,16203
2023,16249
2023,16251
2023,17008
2023,17009
2023,17013
2023,17015
2023,17020
2023,17022
2023,17023
2023,17027
2023,17033
2023,17034
2023,17036
2023,17039
2023,17044
2023,17047
2023,17048
2023,17049
2023,17062
2023,17066
2023,17073
2023,17079
2023,17083
2023,17086
2023,17089
2023,17092
2023,17095
2023,17103
2023,17114
2023,17117
2023,17118
2023,17137
2023,17141
2023,17142
2023,17145
2023,17146
2023,17147
2023,17152
2023,17155
2023,17160
2023,17163
2023,17164
2023,17167
2023,17169
2023,17180
2023,17181
2023,17185
2023,17186
2023,17189
2023,17193
2023,17199
2023,17202
2023,17207
2023,17213
2023,17215
2023,17221
2023,17233
2023,17902
2023,18003
2023,18006
2023,18011
2023,18012
2023,18013
2023,18014
2023,18017
2023,18021
2023,18022
2023,18023
2023,18027
2023,18029
2023,18036
2023,18039
2023,18046
2023,18047
2023,18048
2023,18050
2023,18056
2023,18057
2023,18059
2023,18062
2023,18066
2023,18071
2023,18079
2023,18084
2023,18087
2023,18088
2023,18089
2023,18093
2023,18094
2023,18095
2023,18098
2023,18100
2023,18101
2023,18102
2023,18105
2023,18111
2023,18115
2023,18116
2023,18119
2023,18122
2023,18127
2023,18132
2023,18133
2023,18134
2023,18135
2023,18138
2023,18140
2023,18145
2023,18147
2023,18149
2023,18150
2023,18153
2023,18158
2023,18164
2023,18165
2023,18171
2023,18173
2023,18175
2023,18182
2023,18184
2023,18188
2023,18193
2023,18194
2023,18905
2023,18907
2023,18911
2023,18912
2023,18916
2023,19024
2023,19046
2023,19053
2023,19058
2023,19071
2023,19105
2023,19130
2023,19171
2023,19190
2023,19192
2023,19220
2023,19257
2023,19280
2023,19293
2023,19319
2023,19326
2023,19331
2023,20009
2023,20013
2023,20016
2023,20017
2023,20018
2023,20019
2023,20027
2023,20028
2023,20029
2023,20030
2023,20032
2023,20034
2023,20036
2023,20039
2023,20040
2023,20042
2023,20045
2023,20049
2023,20051
2023,20053
2023,20055
2023,20056
2023,20059
2023,20061
2023,20063
2023,20064
2023,20065
2023,20067
2023,20069
2023,20071
2023,20072
2023,20073
2023,20074
2023,20075
2023,20076
2023,20077
2023,20079
2023,20080
2023,20081
2023,20902
2023,20903
2023,21002
2023,21004
2023,21005
2023,21006
2023,21007
2023,21008
2023,21010
2023,21011
2023,21013
2023,21014
2023,21017
2023,21018
2023,21021
2023,21023
2023,21025
2023,21029
2023,21035
2023,21040
2023,21041
2023,21042
2023,21043
2023,21044
2023,21047
2023,21049
2023,21050
2023,21052
2023,21053
2023,21054
2023,21055
2023,21056
2023,21058
2023,21060
2023,21061
2023,21063
2023,21064
2023,21069
2023,21070
2023,21072
2023,21073
2023,21074
2023,21076
2023,21077
2023,21078
2023,22021
2023,22048
2023,22061
2023,22112
2023,22117
2023,22125
2023,22130
2023,22158
2023,22199
2023,22213
2023,22225
2023,23002
2023,23003
2023,23005
2023,23006
2023,23007
2023,23009
2023,23010
2023,23011
2023,23012
2023,23014
2023,23015
2023,23017
2023,23018
2023,23019
2023,23020
2023,23024
2023,23025
2023,23026
2023,23028
2023,23033
2023,23034
2023,23038
2023,23039
2023,23040
2023,23044
2023,23045
2023,23046
2023,23047
2023,23049
2023,23050
2023,23051
2023,23052
2023,23053
2023,23055
2023,23056
2023,23058
2023,23059
2023,23060
2023,23061
2023,23062
2023,23063
2023,23064
2023,23065
2023,23066
2023,23067
2023,23069
2023,23070
2023,23072
2023,23073
2023,23074
2023,23075
2023,23079
2023,23080
2023,23081
2023,23082
2023,23085
2023,23086
2023,23087
2023,23088
2023,23090
2023,23092
2023,23093
2023,23094
2023,23095
2023,23096
2023,23097
2023,23099
2023,23901
2023,23902
2023,23903
2023,23904
2023,23905
2023,24008
2023,24010
2023,24014
2023,24015
2023,24030
2023,24034
2023,24038
2023,24039
2023,24056
2023,24065
2023,24070
2023,24089
2023,24114
2023,24115
2023,24134
2023,24139
2023,24142
2023,24148
2023,24157
2023,24163
2023,24169
2023,24170
2023,24181
2023,24188
2023,24189
2023,24196
2023,24202
2023,24209
2023,24222
2023,24223
2023,25003
2023,25011
2023,25012
2023,25013
2023,25016
2023,25019
2023,25021
2023,25023
2023,25029
2023,25034
2023,25038
2023,25040
2023,25048
2023,25050
2023,25058
2023,25072
2023,25110
2023,25113
2023,25119
2023,25120
2023,25122
2023,25137
2023,25171
2023,25172
2023,25173
2023,25203
2023,25204
2023,25207
2023,25217
2023,25228
2023,25234
2023,25243
2023,26005
2023,26008
2023,26011
2023,26018
2023,26021
2023,26036
2023,26046
2023,26047
2023,26064
2023,26071
2023,26084
2023,26089
2023,26099
2023,26102
2023,26105
2023,26117
2023,26125
2023,26138
2023,26168
2023,27001
2023,27002
2023,27003
2023,27005
2023,27006
2023,27007
2023,27008
2023,27009
2023,27010
2023,27011
2023,27012
2023,27013
2023,27014
2023,27015
2023,27016
2023,27018
2023,27019
2023,27020
2023,27022
2023,27023
2023,27024
2023,27025
2023,27026
2023,27027
2023,27028
2023,27030
2023,27031
2023,27032
2023,27039
2023,27040
2023,27041
2023,27042
2023,27043
2023,27044
2023,27046
2023,27047
2023,27048
2023,27050
2023,27051
2023,27057
2023,27058
2023,27059
2023,27060
2023,27063
2023,27064
2023,27065
2023,27066
2023,27901
2023,27902
2023,28002
2023,28004
2023,28005
2023,28006
2023,28007
2023,28009
2023,28010
2023,28013
2023,28014
2023,28015
2023,28018
2023,28022
2023,28023
2023,28026
2023,28031
2023,28032
2023,28033
2023,28036
2023,28037
2023,28038
2023,28040
2023,28041
2023,28043
2023,28044
2023,28045
2023,28046
2023,28047
2023,28049
2023,28050
2023,28052
2023,28053
2023,28054
2023,28058
2023,28059
2023,28061
2023,28065
2023,28066
2023,28067
2023,28068
2023,28072
2023,28073
2023,28074
2023,28075
2023,28079
2023,28080
2023,28082
2023,28083
2023,28084
2023,28085
2023,28086
2023,28087
2023,28089
2023,28090
2023,28091
2023,28092
2023,28096
2023,28100
2023,28104
2023,28106
2023,28108
2023,28113
2023,28115
2023,28119
2023,28123
2023,28125
2023,28127
2023,28129
2023,28130
2023,28131
2023,28132
2023,28133
2023,28134
2023,28140
2023,28141
2023,28144
2023,28145
2023,28148
2023,28149
2023,28150
2023,28151
2023,28152
2023,28154
2023,28160
2023,28161
2023,28162
2023,28164
2023,28167
2023,28170
2023,28171
2023,28172
2023,28176
2023,28177
2023,28180
2023,28181
2023,28903
2023,29001
2023,29005
2023,29007
2023,29008
2023,29010
2023,29011
2023,29012
2023,29013
2023,29015
2023,29017
2023,29018
2023,29020
2023,29023
2023,29025
2023,29027
2023,29032
2023,29035
2023,29038
2023,29039
2023,29040
2023,29041
2023,29042
2023,29043
2023,29045
2023,29046
2023,29049
2023,29051
2023,29054
2023,29055
2023,29059
2023,29067
2023,29068
2023,29069
2023,29070
2023,29072
2023,29073
2023,29075
2023,29076
2023,29079
2023,29080
2023,29082
2023,29083
2023,29084
2023,29088
2023,29089
2023,29091
2023,29093
2023,29094
2023,29095
2023,29096
2023,29097
2023,29100
2023,29901
2023,29902
2023,30001
2023,30002
2023,30003
2023,30005
2023,30007
2023,30008
2023,30009
2023,30010
2023,30011
2023,30012
2023,30013
2023,30014
2023,30015
2023,30016
2023,30017
2023,30018
2023,30019
2023,30020
2023,30021
2023,30022
2023,30023
2023,30024
2023,30025
2023,30026
2023,30027
2023,30028
2023,30029
2023,30030
2023,30032
2023,30033
2023,30035
2023,30036
2023,30037
2023,30038
2023,30039
2023,30041
2023,30042
2023,30043
2023,30901
2023,30902
2023,31006
2023,31010
2023,31015
2023,31016
2023,31019
2023,31023
2023,31032
2023,31042
2023,31050
2023,31057
2023,31060
2023,31065
2023,31067
2023,31068
2023,31070
2023,31072
2023,31076
2023,31077
2023,31078
2023,31084
2023,31086
2023,31088
2023,31097
2023,31104
2023,31105
2023,31107
2023,31108
2023,31122
2023,31149
2023,31152
2023,31153
2023,31157
2023,31163
2023,31165
2023,31169
2023,31176
2023,31191
2023,31201
2023,31202
2023,31206
2023,31208
2023,31215
2023,31216
2023,31227
2023,31232
2023,31249
2023,31250
2023,31251
2023,31254
2023,31258
2023,31901
2023,31902
2023,31903
2023,31905
2023,31906
2023,31907
2023,32001
2023,32002
2023,32008
2023,32009
2023,32013
2023,32019
2023,32020
2023,32024
2023,32026
2023,32032
2023,32035
2023,32036
2023,32043
2023,32045
2023,32047
2023,32050
2023,32052
2023,32054
2023,32056
2023,32058
2023,32059
2023,32063
2023,32068
2023,32069
2023,32072
2023,32075
2023,32076
2023,32079
2023,32081
2023,32085
2023,32086
2023,32087
2023,32088
2023,32089
2023,32091
2023,33002
2023,33004
2023,33006
2023,33008
2023,33010
2023,33011
2023,33012
2023,33014
2023,33015
2023,33016
2023,33017
2023,33018
2023,33019
2023,33020
2023,33021
2023,33023
2023,33024
2023,33025
2023,33026
2023,33031
2023,33032
2023,33033
2023,33034
2023,33035
2023,33036
2023,33037
2023,33038
2023,33040
2023,33041
2023,33042
2023,33044
2023,33045
2023,33049
2023,33051
2023,33054
2023,33056
2023,33058
2023,33059
2023,33060
2023,33066
2023,33069
2023,33070
2023,33072
2023,33073
2023,33074
2023,33076
2023,34004
2023,34023
2023,34047
2023,34056
2023,34069
2023,34080
2023,34083
2023,34120
2023,34123
2023,34157
2023,34225
2023,35001
2023,35002
2023,35003
2023,35004
2023,35006
2023,35008
2023,35009
2023,35010
2023,35011
2023,35012
2023,35013
2023,35014
2023,35015
2023,35016
2023,35017
2023,35018
2023,35019
2023,35020
2023,35021
2023,35022
2023,35023
2023,35024
2023,35025
2023,35026
2023,35027
2023,35028
2023,35029
2023,35030
2023,35031
2023,35032
2023,35033
2023,35034
2023,36001
2023,36002
2023,36003
2023,36004
2023,36005
2023,36006
2023,36007
2023,36008
2023,36009
2023,36010
2023,36013
2023,36014
2023,36015
2023,36017
2023,36018
2023,36019
2023,36020
2023,36021
2023,36022
2023,36023
2023,36024
2023,36025
2023,36026
2023,36027
2023,36028
2023,36029
2023,36030
2023,36032
2023,36033
2023,36034
2023,36035
2023,36036
2023,36037
2023,36038
2023,36039
2023,36040
2023,36041
2023,36042
2023,36043
2023,36044
2023,36045
2023,36046
2023,36047
2023,36048
2023,36049
2023,36050
2023,36051
2023,36052
2023,36053
2023,36054
2023,36055
2023,36056
2023,36057
2023,36058
2023,36059
2023,36060
2023,36061
2023,36901
2023,36902
2023,37008
2023,37046
2023,37067
2023,37085
2023,37092
2023,37107
2023,37156
2023,37173
2023,37246
2023,37274
2023,37294
2023,37322
2023,37354
2023,37362
2023,37376
2023,38001
2023,38004
2023,38005
2023,38006
2023,38008
2023,38009
2023,38010
2023,38011
2023,38012
2023,38013
2023,38014
2023,38015
2023,38017
2023,38018
2023,38019
2023,38020
2023,38021
2023,38022
2023,38023
2023,38024
2023,38025
2023,38026
2023,38027
2023,38028
2023,38029
2023,38030
2023,38031
2023,38032
2023,38033
2023,38034
2023,38035
2023,38036
2023,38037
2023,38038
2023,38039
2023,38040
2023,38041
2023,38042
2023,38043
2023,38044
2023,38045
2023,38046
2023,38047
2023,38048
2023,38049
2023,38050
2023,38051
2023,38053
2023,39001
2023,39002
2023,39004
2023,39006
2023,39008
2023,39009
2023,39012
2023,39016
2023,39018
2023,39019
2023,39020
2023,39023
2023,39024
2023,39025
2023,39026
2023,39027
2023,39028
2023,39030
2023,39032
2023,39035
2023,39037
2023,39040
2023,39042
2023,39044
2023,39047
2023,39048
2023,39052
2023,39054
2023,39056
2023,39057
2023,39059
2023,39060
2023,39061
2023,39062
2023,39069
2023,39073
2023,39074
2023,39075
2023,39076
2023,39079
2023,39080
2023,39085
2023,39087
2023,39091
2023,39095
2023,39099
2023,39102
2023,40040
2023,40043
2023,40057
2023,40063
2023,40076
2023,40112
2023,40138
2023,40155
2023,40181
2023,40194
2023,40906
2023,41001
2023,41002
2023,41003
2023,41004
2023,41005
2023,41006
2023,41007
2023,41009
2023,41010
2023,41011
2023,41012
2023,41013
2023,41014
2023,41015
2023,41016
2023,41017
2023,41018
2023,41019
2023,41020
2023,41021
2023,41022
2023,41023
2023,41024
2023,41025
2023,41026
2023,41027
2023,41028
2023,41029
2023,41032
2023,41033
2023,41034
2023,41036
2023,41037
2023,41038
2023,41039
2023,41040
2023,41041
2023,41042
2023,41044
2023,41045
2023,41046
2023,41047
2023,41048
2023,41049
2023,41050
2023,41051
2023,41052
2023,41053
2023,41055
2023,41056
2023,41058
2023,41059
2023,41060
2023,41061
2023,41062
2023,41063
2023,41064
2023,41065
2023,41066
2023,41067
2023,41068
2023,41069
2023,41070
2023,41071
2023,41072
2023,41073
2023,41074
2023,41075
2023,41076
2023,41077
2023,41078
2023,41079
2023,41081
2023,41082
2023,41084
2023,41085
2023,41086
2023,41087
2023,41089
2023,41090
2023,41091
2023,41092
2023,41093
2023,41094
2023,41095
2023,41096
2023,41097
2023,41098
2023,41099
2023,41101
2023,41102
2023,41901
2023,41902
2023,41903
2023,42004
2023,42020
2023,42025
2023,42043
2023,42134
2023,42162
2023,42173
2023,43004
2023,43005
2023,43012
2023,43013
2023,43014
2023,43016
2023,43020
2023,43022
2023,43028
2023,43037
2023,43038
2023,43042
2023,43043
2023,43044
2023,43047
2023,43050
2023,43051
2023,43054
2023,43055
2023,43060
2023,43064
2023,43086
2023,43088
2023,43092
2023,43093
2023,43094
2023,43095
2023,43100
2023,43104
2023,43109
2023,43111
2023,43123
2023,43129
2023,43131
2023,43133
2023,43136
2023,43138
2023,43139
2023,43140
2023,43145
2023,43148
2023,43153
2023,43155
2023,43156
2023,43161
2023,43162
2023,43163
2023,43171
2023,43901
2023,43902
2023,43903
2023,43904
2023,43905
2023,43906
2023,43907
2023,44008
2023,44013
2023,44014
2023,44025
2023,44050
2023,44051
2023,44076
2023,44122
2023,44153
2023,44216
2023,44238
2023,45001
2023,45002
2023,45006
2023,45013
2023,45014
2023,45016
2023,45019
2023,45021
2023,45023
2023,45028
2023,45031
2023,45034
2023,45037
2023,45038
2023,45041
2023,45046
2023,45047
2023,45052
2023,45053
2023,45054
2023,45056
2023,45059
2023,45061
2023,45064
2023,45066
2023,45067
2023,45071
2023,45078
2023,45081
2023,45084
2023,45087
2023,45088
2023,45098
2023,45099
2023,45101
2023,45102
2023,45106
2023,45107
2023,45109
2023,45110
2023,45112
2023,45113
2023,45115
2023,45118
2023,45119
2023,45121
2023,45122
2023,45123
2023,45124
2023,45125
2023,45128
2023,45132
2023,45133
2023,45135
2023,45136
2023,45137
2023,45142
2023,45145
2023,45153
2023,45156
2023,45157
2023,45158
2023,45161
2023,45163
2023,45165
2023,45166
2023,45168
2023,45173
2023,45176
2023,45177
2023,45180
2023,45181
2023,45183
2023,45185
2023,45186
2023,45187
2023,45188
2023,45192
2023,45195
2023,45197
2023,45198
2023,45199
2023,45200
2023,45201
2023,45202
2023,45203
2023,45205
2023,46005
2023,46006
2023,46007
2023,46008
2023,46009
2023,46011
2023,46013
2023,46014
2023,46015
2023,46017
2023,46019
2023,46020
2023,46021
2023,46022
2023,46025
2023,46029
2023,46031
2023,46032
2023,46035
2023,46039
2023,46042
2023,46044
2023,46048
2023,46051
2023,46054
2023,46060
2023,46062
2023,46070
2023,46072
2023,46074
2023,46077
2023,46078
2023,46081
2023,46082
2023,46083
2023,46085
2023,46089
2023,46093
2023,46094
2023,46098
2023,46102
2023,46104
2023,46105
2023,46106
2023,46107
2023,46109
2023,46110
2023,46111
2023,46113
2023,46116
2023,46118
2023,46122
2023,46126
2023,46127
2023,46128
2023,46131
2023,46132
2023,46134
2023,46135
2023,46136
2023,46139
2023,46143
2023,46145
2023,46147
2023,46150
2023,46156
2023,46157
2023,46159
2023,46160
2023,46164
2023,46165
2023,46166
2023,46168
2023,46169
2023,46170
2023,46171
2023,46172
2023,46176
2023,46177
2023,46178
2023,46179
2023,46181
2023,46183
2023,46184
2023,46186
2023,46190
2023,46191
2023,46193
2023,46194
2023,46195
2023,46199
2023,46200
2023,46202
2023,46203
2023,46204
2023,46205
2023,46207
2023,46209
2023,46213
2023,46214
2023,46216
2023,46220
2023,46223
2023,46228
2023,46230
2023,46231
2023,46233
2023,46235
2023,46237
2023,46238
2023,46244
2023,46248
2023,46249
2023,46250
2023,46251
2023,46255
2023,46256
2023,46257
2023,46258
2023,46260
2023,46903
2023,47004
2023,47007
2023,47010
2023,47023
2023,47027
2023,47050
2023,47052
2023,47075
2023,47076
2023,47085
2023,47086
2023,47090
2023,47101
2023,47104
2023,47112
2023,47114
2023,47122
2023,47133
2023,47155
2023,47161
2023,47165
2023,47175
2023,47186
2023,47217
2023,47231
2023,48001
2023,48002
2023,48003
2023,48011
2023,48012
2023,48013
2023,48015
2023,48016
2023,48017
2023,48019
2023,48020
2023,48021
2023,48022
2023,48027
2023,48029
2023,48032
2023,48034
2023,48036
2023,48043
2023,48044
2023,48045
2023,48046
2023,48054
2023,48055
2023,48057
2023,48060
2023,48065
2023,48069
2023,48071
2023,48073
2023,48074
2023,48075
2023,48077
2023,48078
2023,48080
2023,48082
2023,48083
2023,48084
2023,48085
2023,48086
2023,48089
2023,48090
2023,48094
2023,48095
2023,48096
2023,48097
2023,48901
2023,48902
2023,48904
2023,48905
2023,48910
2023,48912
2023,49021
2023,49081
2023,49127
2023,49219
2023,49275
2023,50008
2023,50025
2023,50045
2023,50055
2023,50066
2023,50067
2023,50068
2023,50073
2023,50074
2023,50089
2023,50094
2023,50095
2023,50099
2023,50115
2023,50118
2023,50126
2023,50152
2023,50160
2023,50163
2023,50165
2023,50182
2023,50204
2023,50208
2023,50209
2023,50219
2023,50222
2023,50225
2023,50230
2023,50235
2023,50251
2023,50252
2023,50272
2023,50288
2023,50297
2023,50298
2023,50903
2023,51001
2023,52001
2024,02003
2024,03005
2024,03014
2024,03019
2024,03031
2024,03041
2024,03047
2024,03048
2024,03056
2024,03059
2024,03063
2024,03065
2024,03076
2024,03082
2024,03090
2024,03093
2024,03101
2024,03119
2024,03121
2024,03128
2024,03139
2024,04006
2024,04013
2024,04024
2024,04049
2024,04100
2024,04102
2024,04902
2024,05014
2024,05019
2024,05047
2024,05057
2024,06011
2024,06015
2024,06023
2024,06028
2024,06050
2024,06059
2024,06067
2024,06083
2024,06094
2024,06153
2024,06160
2024,07026
2024,07027
2024,07031
2024,07052
2024,08001
2024,08003
2024,08007
2024,08009
2024,08015
2024,08017
2024,08029
2024,08040
2024,08043
2024,08046
2024,08069
2024,08092
2024,08101
2024,08106
2024,08119
2024,08121
2024,08123
2024,08155
2024,08156
2024,08200
2024,08208
2024,08211
2024,08217
2024,08221
2024,08231
2024,08238
2024,08248
2024,08269
2024,08279
2024,08295
2024,08301
2024,08305
2024,08307
2024,09018
2024,09056
2024,09903
2024,10021
2024,10037
2024,10148
2024,11014
2024,11016
2024,11020
2024,11022
2024,11030
2024,11032
2024,11037
2024,11039
2024,12085
2024,12135
2024,13002
2024,13005
2024,13011
2024,13028
2024,13079
2024,13089
2024,13092
2024,13096
2024,14005
2024,14017
2024,14019
2024,14021
2024,14037
2024,14052
2024,14054
2024,14058
2024,15002
2024,15004
2024,15005
2024,15035
2024,15036
2024,15055
2024,15056
2024,15058
2024,15061
2024,15065
2024,15068
2024,15075
2024,15076
2024,15078
2024,15084
2024,15087
2024,15902
2024,16078
2024,16112
2024,17048
2024,17079
2024,17117
2024,17163
2024,17186
2024,17199
2024,18050
2024,18062
2024,18084
2024,18087
2024,18122
2024,18127
2024,18145
2024,19024
2024,19046
2024,19171
2024,20009
2024,20018
2024,20040
2024,20049
2024,20064
2024,20069
2024,20079
2024,20903
2024,21002
2024,21005
2024,21006
2024,21021
2024,21025
2024,21035
2024,21041
2024,21044
2024,22125
2024,23018
2024,23056
2024,23094
2024,23904
2024,24014
2024,24030
2024,24089
2024,24202
2024,26089
2024,27003
2024,27022
2024,28005
2024,28006
2024,28014
2024,28015
2024,28022
2024,28023
2024,28045
2024,28058
2024,28079
2024,28080
2024,28092
2024,28104
2024,28113
2024,28115
2024,28123
2024,28125
2024,28127
2024,28134
2024,28145
2024,28148
2024,28161
2024,28177
2024,28903
2024,29007
2024,29008
2024,29015
2024,29041
2024,29042
2024,29051
2024,29059
2024,29067
2024,29068
2024,29069
2024,29070
2024,29082
2024,29084
2024,30016
2024,30028
2024,30030
2024,30032
2024,30035
2024,30036
2024,30041
2024,30043
2024,31023
2024,31060
2024,31086
2024,31201
2024,32072
2024,32076
2024,33004
2024,33024
2024,33031
2024,33034
2024,33037
2024,34079
2024,34120
2024,35003
2024,35004
2024,35011
2024,35016
2024,35017
2024,35024
2024,36005
2024,36006
2024,36008
2024,36017
2024,36021
2024,36024
2024,36025
2024,36026
2024,36029
2024,36033
2024,36034
2024,36038
2024,36039
2024,36041
2024,36042
2024,36044
2024,36045
2024,36046
2024,36051
2024,36055
2024,36058
2024,36060
2024,37085
2024,37092
2024,37274
2024,37294
2024,37354
2024,38017
2024,38022
2024,38038
2024,39075
2024,39087
2024,40057
2024,40076
2024,40194
2024,41010
2024,41021
2024,41024
2024,41038
2024,41045
2024,41049
2024,41059
2024,41086
2024,41091
2024,41903
2024,42173
2024,43171
2024,44013
2024,44050
2024,45016
2024,45081
2024,45099
2024,45122
2024,45168
2024,46006
2024,46017
2024,46029
2024,46031
2024,46070
2024,46105
2024,46109
2024,46116
2024,46123
2024,46134
2024,46135
2024,46143
2024,46147
2024,46159
2024,46164
2024,46171
2024,46172
2024,46178
2024,46181
2024,46191
2024,46193
2024,46194
2024,46202
2024,46216
2024,46220
2024,46223
2024,46235
2024,46244
2024,46250
2024,46256
2024,46903
2024,47186
2024,48016
2024,48020
2024,48036
2024,48054
2024,48073
2024,48078
2024,48080
2024,48082
2024,48085
2024,48090
2024,48902
2024,48916
2024,49021
2024,49275
2024,50062
2024,50288
2024,50297
