cod_ccaa,cod_ccaa_hacienda,nombre,slug
01,01,Andalucía,andalucia
02,02,Aragón,aragon
03,03,Principado de Asturias,asturias
04,04,Illes Balears,illes-balears
05,05,Canarias,canarias
06,06,Cantabria,cantabria
07,07,Castilla y León,castilla-y-leon
08,08,Castilla-La Mancha,castilla-la-mancha
09,09,Cataluña,cataluna
10,17,Comunidad Valenciana,comunidad-valenciana
11,10,Extremadura,extremadura
12,11,Galicia,galicia
13,12,Comunidad de Madrid,madrid
14,13,Región de Murcia,murcia
15,14,Comunidad Foral de Navarra,navarra
16,15,País Vasco,pais-vasco
17,16,La Rioja,la-rioja
18,18,Ceuta,ceuta
19,19,Melilla,melilla
