cod_prov,cod_ccaa,nombre,slug
01,16,Álava,alava
02,08,Albacete,albacete
03,10,Alicante,alicante
04,01,Almería,almeria
05,07,Ávila,avila
06,11,Badajoz,badajoz
07,04,Illes Balears,illes-balears
08,09,Barcelona,barcelona
09,07,Burgos,burgos
10,11,Cáceres,caceres
11,01,Cádiz,cadiz
12,10,Castellón,castellon
13,08,Ciudad Real,ciudad-real
14,01,Córdoba,cordoba
15,12,A Coruña,a-coruna
16,08,Cuenca,cuenca
17,09,Girona,girona
18,01,Granada,granada
19,08,Guadalajara,guadalajara
20,16,Gipuzkoa,gipuzkoa
21,01,Huelva,huelva
22,02,Huesca,huesca
23,01,Jaén,jaen
24,07,León,leon
25,09,Lleida,lleida
26,17,La Rioja,la-rioja
27,12,Lugo,lugo
28,13,Madrid,madrid
29,01,Málaga,malaga
30,14,Murcia,murcia
31,15,Navarra,navarra
32,12,Ourense,ourense
33,03,Asturias,asturias
34,07,Palencia,palencia
35,05,Las Palmas,las-palmas
36,12,Pontevedra,pontevedra
37,07,Salamanca,salamanca
38,05,Santa Cruz de Tenerife,santa-cruz-de-tenerife
39,06,Cantabria,cantabria
40,07,Segovia,segovia
41,01,Sevilla,sevilla
42,07,Soria,soria
43,09,Tarragona,tarragona
44,02,Teruel,teruel
45,08,Toledo,toledo
46,10,Valencia,valencia
47,07,Valladolid,valladolid
48,16,Bizkaia,bizkaia
49,07,Zamora,zamora
50,02,Zaragoza,zaragoza
51,18,Ceuta,ceuta
52,19,Melilla,melilla
