"año","sector","millones_toneladas_co2eq","porcentaje_total"
2015,"Transporte",84.5,25.3
2015,"Industria y Procesos",72.8,21.8
2015,"Generación Eléctrica",77.1,23.1
2015,"Agricultura y Ganadería",37.2,11.1
2015,"Residencial y Comercial",30.4,9.1
2015,"Residuos",14.2,4.3
2015,"Gases Fluorados y Otros",17.8,5.3
2018,"Transporte",92.4,27.8
2018,"Industria y Procesos",74.1,22.3
2018,"Generación Eléctrica",63.5,19.1
2018,"Agricultura y Ganadería",39.1,11.8
2018,"Residencial y Comercial",31.8,9.6
2018,"Residuos",14.6,4.4
2018,"Gases Fluorados y Otros",16.9,5.1
2019,"Transporte",94.2,30.0
2019,"Industria y Procesos",71.5,22.8
2019,"Generación Eléctrica",47.2,15.0
2019,"Agricultura y Ganadería",39.4,12.5
2019,"Residencial y Comercial",30.9,9.8
2019,"Residuos",14.8,4.7
2019,"Gases Fluorados y Otros",16.0,5.1
2020,"Transporte",76.8,28.0
2020,"Industria y Procesos",64.2,23.4
2020,"Generación Eléctrica",35.9,13.1
2020,"Agricultura y Ganadería",40.1,14.6
2020,"Residencial y Comercial",29.5,10.8
2020,"Residuos",14.5,5.3
2020,"Gases Fluorados y Otros",13.2,4.8
2021,"Transporte",87.4,30.2
2021,"Industria y Procesos",67.8,23.5
2021,"Generación Eléctrica",37.1,12.8
2021,"Agricultura y Ganadería",40.5,14.0
2021,"Residencial y Comercial",31.2,10.8
2021,"Residuos",14.6,5.1
2021,"Gases Fluorados y Otros",10.4,3.6
2022,"Transporte",91.8,30.2
2022,"Industria y Procesos",66.5,21.9
2022,"Generación Eléctrica",44.2,14.5
2022,"Agricultura y Ganadería",39.8,13.1
2022,"Residencial y Comercial",29.8,9.8
2022,"Residuos",14.4,4.7
2022,"Gases Fluorados y Otros",17.5,5.8
2023,"Transporte",92.5,34.1
2023,"Industria y Procesos",58.4,21.5
2023,"Generación Eléctrica",29.8,11.0
2023,"Agricultura y Ganadería",38.6,14.2
2023,"Residencial y Comercial",26.4,9.7
2023,"Residuos",14.1,5.2
2023,"Gases Fluorados y Otros",11.2,4.1
2024,"Transporte",93.1,36.1
2024,"Industria y Procesos",56.2,21.8
2024,"Generación Eléctrica",23.5,9.1
2024,"Agricultura y Ganadería",37.8,14.7
2024,"Residencial y Comercial",24.6,9.5
2024,"Residuos",13.8,5.3
2024,"Gases Fluorados y Otros",9.0,3.5
