"año","total_twh","renovable_twh","no_renovable_twh","cuota_renovable_pct","cuota_libre_emisiones_pct","demanda_twh"
2015,267.0,98.4,168.6,36.9,58.3,248.1
2016,261.9,100.9,161.0,38.5,60.9,249.7
2017,262.7,87.6,175.1,33.3,55.4,252.7
2018,260.9,104.1,156.8,39.9,61.3,253.5
2019,260.7,96.9,163.8,37.2,59.6,249.1
2020,250.7,109.9,140.8,43.8,67.1,236.4
2021,259.9,121.3,138.6,46.7,68.4,242.4
2022,276.4,116.6,159.8,42.2,63.4,235.5
2023,272.5,134.6,137.9,49.4,70.0,229.6
2024,273.0,155.6,117.4,57.0,76.9,232.8
