año,funcion_cofog,categoria_macro,millones_euros,porcentaje_pib,porcentaje_gasto_total,gasto_por_habitante_eur
2019,Protección Social y Pensiones,Gasto Social,183200,14.7,34.4,3873
2019,Sanidad Pública,Gasto Social,75400,6.1,14.2,1594
2019,Educación,Gasto Social,48900,3.9,9.2,1034
2019,Servicios Públicos Generales,Administración,38600,3.1,7.2,816
2019,Intereses de la Deuda,Carga Financiera,28400,2.3,5.3,600
2019,Asuntos Económicos y Transporte,Economía e Infraestructuras,54200,4.4,10.2,1146
2019,Orden Público y Seguridad,Seguridad y Justicia,22100,1.8,4.1,467
2019,Defensa,Defensa,10800,0.9,2.0,228
2019,Vivienda y Medio Ambiente,Servicios Comunitarios,26100,2.1,4.9,552
2020,Protección Social y Pensiones,Gasto Social,212400,18.9,37.7,4481
2020,Sanidad Pública,Gasto Social,86200,7.7,15.3,1819
2020,Educación,Gasto Social,51400,4.6,9.1,1084
2020,Servicios Públicos Generales,Administración,39800,3.6,7.1,840
2020,Intereses de la Deuda,Carga Financiera,25100,2.2,4.5,530
2020,Asuntos Económicos y Transporte,Economía e Infraestructuras,58900,5.3,10.5,1243
2020,Orden Público y Seguridad,Seguridad y Justicia,22900,2.0,4.1,483
2020,Defensa,Defensa,11200,1.0,2.0,236
2020,Vivienda y Medio Ambiente,Servicios Comunitarios,25300,2.3,4.5,534
2021,Protección Social y Pensiones,Gasto Social,214500,17.6,36.4,4525
2021,Sanidad Pública,Gasto Social,89700,7.3,15.2,1892
2021,Educación,Gasto Social,54200,4.4,9.2,1143
2021,Servicios Públicos Generales,Administración,41500,3.4,7.0,876
2021,Intereses de la Deuda,Carga Financiera,26200,2.1,4.4,553
2021,Asuntos Económicos y Transporte,Economía e Infraestructuras,64800,5.3,11.0,1367
2021,Orden Público y Seguridad,Seguridad y Justicia,24100,2.0,4.1,508
2021,Defensa,Defensa,12100,1.0,2.1,255
2021,Vivienda y Medio Ambiente,Servicios Comunitarios,27500,2.3,4.7,580
2022,Protección Social y Pensiones,Gasto Social,219800,16.3,35.9,4618
2022,Sanidad Pública,Gasto Social,92400,6.9,15.1,1941
2022,Educación,Gasto Social,57100,4.2,9.3,1200
2022,Servicios Públicos Generales,Administración,43200,3.2,7.1,908
2022,Intereses de la Deuda,Carga Financiera,31500,2.3,5.1,662
2022,Asuntos Económicos y Transporte,Economía e Infraestructuras,66700,5.0,10.9,1401
2022,Orden Público y Seguridad,Seguridad y Justicia,25600,1.9,4.2,538
2022,Defensa,Defensa,13800,1.0,2.3,290
2022,Vivienda y Medio Ambiente,Servicios Comunitarios,28700,2.1,4.7,603
2023,Protección Social y Pensiones,Gasto Social,237400,16.3,36.4,4895
2023,Sanidad Pública,Gasto Social,98600,6.8,15.1,2033
2023,Educación,Gasto Social,61800,4.2,9.5,1274
2023,Servicios Públicos Generales,Administración,45900,3.1,7.0,946
2023,Intereses de la Deuda,Carga Financiera,35200,2.4,5.4,726
2023,Asuntos Económicos y Transporte,Economía e Infraestructuras,69800,4.8,10.7,1439
2023,Orden Público y Seguridad,Seguridad y Justicia,27400,1.9,4.2,565
2023,Defensa,Defensa,15300,1.0,2.3,315
2023,Vivienda y Medio Ambiente,Servicios Comunitarios,30500,2.1,4.7,629
2024,Protección Social y Pensiones,Gasto Social,251200,16.2,36.8,5137
2024,Sanidad Pública,Gasto Social,103500,6.7,15.1,2117
2024,Educación,Gasto Social,65200,4.2,9.5,1333
2024,Servicios Públicos Generales,Administración,47800,3.1,7.0,977
2024,Intereses de la Deuda,Carga Financiera,38100,2.5,5.6,779
2024,Asuntos Económicos y Transporte,Economía e Infraestructuras,72400,4.7,10.6,1481
2024,Orden Público y Seguridad,Seguridad y Justicia,28800,1.9,4.2,589
2024,Defensa,Defensa,17200,1.1,2.5,352
2024,Vivienda y Medio Ambiente,Servicios Comunitarios,32200,2.1,4.7,658
