año,categoria,tipo_ingreso,millones_euros,porcentaje_pib,porcentaje_ingreso_total
2019,Cotizaciones Sociales,Cotizaciones,166450,13.4,33.7
2019,IRPF y Patrimonio,Impuestos Directos,100340,8.1,20.3
2019,IVA,Impuestos Indirectos,84500,6.8,17.1
2019,Impuesto sobre Sociedades,Impuestos Directos,27890,2.2,5.7
2019,Impuestos Especiales,Impuestos Indirectos,22150,1.8,4.5
2019,Otros Impuestos y Tasas,Impuestos Indirectos,35420,2.9,7.2
2019,Ingresos No Tributarios y Fondos UE,No Tributarios,56750,4.6,11.5
2020,Cotizaciones Sociales,Cotizaciones,162800,14.5,36.2
2020,IRPF y Patrimonio,Impuestos Directos,98200,8.7,21.9
2020,IVA,Impuestos Indirectos,72300,6.4,16.1
2020,Impuesto sobre Sociedades,Impuestos Directos,18900,1.7,4.2
2020,Impuestos Especiales,Impuestos Indirectos,19100,1.7,4.3
2020,Otros Impuestos y Tasas,Impuestos Indirectos,28900,2.6,6.4
2020,Ingresos No Tributarios y Fondos UE,No Tributarios,48900,4.4,10.9
2021,Cotizaciones Sociales,Cotizaciones,174200,14.3,34.3
2021,IRPF y Patrimonio,Impuestos Directos,106500,8.7,21.0
2021,IVA,Impuestos Indirectos,85600,7.0,16.9
2021,Impuesto sobre Sociedades,Impuestos Directos,31200,2.6,6.2
2021,Impuestos Especiales,Impuestos Indirectos,20800,1.7,4.1
2021,Otros Impuestos y Tasas,Impuestos Indirectos,34700,2.8,6.8
2021,Ingresos No Tributarios y Fondos UE,No Tributarios,54200,4.4,10.7
2022,Cotizaciones Sociales,Cotizaciones,187600,14.0,33.5
2022,IRPF y Patrimonio,Impuestos Directos,123400,9.2,22.1
2022,IVA,Impuestos Indirectos,96200,7.2,17.2
2022,Impuesto sobre Sociedades,Impuestos Directos,36800,2.7,6.6
2022,Impuestos Especiales,Impuestos Indirectos,21400,1.6,3.8
2022,Otros Impuestos y Tasas,Impuestos Indirectos,38200,2.8,6.8
2022,Ingresos No Tributarios y Fondos UE,No Tributarios,55800,4.2,10.0
2023,Cotizaciones Sociales,Cotizaciones,199800,13.7,33.4
2023,IRPF y Patrimonio,Impuestos Directos,135200,9.3,22.6
2023,IVA,Impuestos Indirectos,98900,6.8,16.5
2023,Impuesto sobre Sociedades,Impuestos Directos,39400,2.7,6.6
2023,Impuestos Especiales,Impuestos Indirectos,22500,1.5,3.8
2023,Otros Impuestos y Tasas,Impuestos Indirectos,41600,2.8,6.9
2023,Ingresos No Tributarios y Fondos UE,No Tributarios,61200,4.2,10.2
2024,Cotizaciones Sociales,Cotizaciones,211500,13.6,33.3
2024,IRPF y Patrimonio,Impuestos Directos,144800,9.3,22.8
2024,IVA,Impuestos Indirectos,104600,6.7,16.5
2024,Impuesto sobre Sociedades,Impuestos Directos,42300,2.7,6.7
2024,Impuestos Especiales,Impuestos Indirectos,23400,1.5,3.7
2024,Otros Impuestos y Tasas,Impuestos Indirectos,44200,2.9,7.0
2024,Ingresos No Tributarios y Fondos UE,No Tributarios,65000,4.2,10.2
